block,dgp,n,method,MASE,cover80,IS80
h13_24,D1,24,AutoARIMA,1.687800838637443,0.7620833333333333,9.327897307932444
h13_24,D1,24,AutoETS,1.8341855974362098,0.87,11.586558311378848
h13_24,D1,24,Chronos2,1.6512451239580885,0.8775,7.981380310690553
h13_24,D1,24,Combination,1.8184937792168454,0.88125,10.22206180664458
h13_24,D1,24,SeasonalNaive,1.8924882650510186,0.9933333333333333,13.700407806430126
h13_24,D1,24,Theta,2.1450027112487215,0.8545833333333333,11.864999596521477
h13_24,D1,24,TimesFM25,1.6069405116601494,0.8108333333333333,7.274907919669036
h13_24,D1,24,TimesFM3,1.5797331372776566,0.8783333333333333,8.080149736827048
h13_24,D1,48,AutoARIMA,1.4613796204022347,0.8104166666666667,7.669342299110835
h13_24,D1,48,AutoETS,1.758455515806366,0.9408333333333333,10.998114990024494
h13_24,D1,48,Chronos2,1.4752600760540064,0.8729166666666667,6.818091178360991
h13_24,D1,48,Combination,1.6179528539505492,0.9341666666666667,9.493502824618506
h13_24,D1,48,SeasonalNaive,1.7739534379341975,0.9954166666666667,13.702894402826667
h13_24,D1,48,Theta,1.8263445056669583,0.9329166666666667,10.934203567171023
h13_24,D1,48,TimesFM25,1.4338167940780202,0.8191666666666667,6.401899656647567
h13_24,D1,48,TimesFM3,1.4134703655237908,0.8683333333333333,6.510147282545165
h13_24,D1,96,AutoARIMA,1.455223207154248,0.7866666666666667,6.717477749756456
h13_24,D1,96,AutoETS,1.7544697473179764,0.9695833333333332,10.960537525078896
h13_24,D1,96,Chronos2,1.464493476438274,0.8170833333333333,6.659925630287669
h13_24,D1,96,Combination,1.5957079197277388,0.9525,8.992530004430641
h13_24,D1,96,SeasonalNaive,1.8321299302444853,0.9958333333333332,13.743475644907232
h13_24,D1,96,Theta,1.778991914699469,0.9604166666666667,10.724396081968004
h13_24,D1,96,TimesFM25,1.3764231859351637,0.8225,6.304017854125721
h13_24,D1,96,TimesFM3,1.3655946375265244,0.8408333333333333,6.354352981793585
h13_24,D1,200,AutoARIMA,1.334053373090222,0.79375,5.990137042000875
h13_24,D1,200,AutoETS,1.8679888971650924,0.9716666666666667,11.08866192468788
h13_24,D1,200,Chronos2,1.3666334352323901,0.80875,6.131065267100593
h13_24,D1,200,Combination,1.6220199486501432,0.9595833333333332,8.876757260666212
h13_24,D1,200,SeasonalNaive,1.9182735868850167,0.9920833333333333,13.811931518294616
h13_24,D1,200,Theta,1.8741461635626087,0.96375,10.85020073892395
h13_24,D1,200,TimesFM25,1.3331465615355702,0.8133333333333332,5.972132512089263
h13_24,D1,200,TimesFM3,1.326968504823461,0.8158333333333333,5.965309622559377
h13_24,D2,24,AutoARIMA,1.9823987432065966,0.7575,9.658894728314909
h13_24,D2,24,AutoETS,2.1881335196824234,0.9220833333333333,14.046716085920558
h13_24,D2,24,Chronos2,1.811715547794322,0.9004166666666668,9.058372409617888
h13_24,D2,24,Combination,2.100611974218483,0.9379166666666667,11.583023187580682
h13_24,D2,24,SeasonalNaive,2.18486192957528,0.9808333333333333,13.833401851142845
h13_24,D2,24,Theta,2.4506908527698714,0.9191666666666667,14.070762206257273
h13_24,D2,24,TimesFM25,1.7852214218149758,0.8004166666666667,8.077587141256195
h13_24,D2,24,TimesFM3,1.8365782376793394,0.895,9.78571285645861
h13_24,D2,48,AutoARIMA,1.6894745571434542,0.79625,8.930963080752367
h13_24,D2,48,AutoETS,2.0437140443259847,0.9795833333333333,14.018417016519209
h13_24,D2,48,Chronos2,1.67756118007999,0.8679166666666667,7.936079153953065
h13_24,D2,48,Combination,1.8755861915226486,0.9670833333333333,11.632227622004041
h13_24,D2,48,SeasonalNaive,2.047459828115038,0.9858333333333333,13.85671450526411
h13_24,D2,48,Theta,2.1097371847197963,0.9679166666666668,13.846933043036584
h13_24,D2,48,TimesFM25,1.5916327369290033,0.8,7.383881013114681
h13_24,D2,48,TimesFM3,1.600843295154919,0.8641666666666667,7.683729400811334
h13_24,D2,96,AutoARIMA,1.579940471677057,0.7975,7.319511755113678
h13_24,D2,96,AutoETS,2.0004447854167733,0.9829166666666667,13.954397202226673
h13_24,D2,96,Chronos2,1.574170793112668,0.8341666666666667,7.028848008976434
h13_24,D2,96,Combination,1.7906790875445247,0.9704166666666667,11.156565821437363
h13_24,D2,96,SeasonalNaive,2.000717397541858,0.9825,13.92540598526223
h13_24,D2,96,Theta,2.013931231116973,0.9729166666666668,13.655567844841867
h13_24,D2,96,TimesFM25,1.536081619987692,0.8216666666666668,6.820673334239883
h13_24,D2,96,TimesFM3,1.5468214439759223,0.8575,7.011780059410639
h13_24,D2,200,AutoARIMA,1.4607331424899614,0.7925,6.539645183709089
h13_24,D2,200,AutoETS,2.046044666920117,0.99375,13.86552581050593
h13_24,D2,200,Chronos2,1.463729334955037,0.8083333333333332,6.555134087116099
h13_24,D2,200,Combination,1.7439104680757247,0.9866666666666667,10.727193878341692
h13_24,D2,200,SeasonalNaive,2.0469519644162437,0.9941666666666668,13.766015743675537
h13_24,D2,200,Theta,2.047676930780571,0.99125,13.368444351861276
h13_24,D2,200,TimesFM25,1.4516464526813626,0.80875,6.441450860192385
h13_24,D2,200,TimesFM3,1.4705002717449296,0.81625,6.559799933738226
h13_24,D3,24,AutoARIMA,11.563211727799878,0.5416666666666666,67.67647865065928
h13_24,D3,24,AutoETS,10.409350018467867,0.4683333333333334,60.7374911542827
h13_24,D3,24,Chronos2,9.18820452180105,0.5629166666666666,50.96859783081728
h13_24,D3,24,Combination,9.893901443458601,0.52,55.616615681352016
h13_24,D3,24,SeasonalNaive,8.912698464562357,0.47625,52.24852562777683
h13_24,D3,24,Theta,9.345554219371326,0.4354166666666666,52.88953814905033
h13_24,D3,24,TimesFM25,9.566567282069151,0.43083333333333335,60.71427638343263
h13_24,D3,24,TimesFM3,9.955878487208892,0.5320833333333334,61.17434444450028
h13_24,D3,48,AutoARIMA,10.827715050547846,0.64875,53.90530198496283
h13_24,D3,48,AutoETS,10.411152309617274,0.5483333333333333,54.729560335468
h13_24,D3,48,Chronos2,9.449328984623381,0.64125,44.33379389500894
h13_24,D3,48,Combination,9.809596807476886,0.56625,49.65880086614542
h13_24,D3,48,SeasonalNaive,9.249392661649557,0.4475,54.10852665725988
h13_24,D3,48,Theta,9.181884479166177,0.435,53.443109725653514
h13_24,D3,48,TimesFM25,9.635654543665309,0.5916666666666667,48.133146792342046
h13_24,D3,48,TimesFM3,9.535084043562954,0.60375,49.051088272171945
h13_24,D3,96,AutoARIMA,9.205960140702187,0.7141666666666667,43.582442792409466
h13_24,D3,96,AutoETS,8.636237993095211,0.65,41.153966796267724
h13_24,D3,96,Chronos2,8.997275294376525,0.6925,41.63538738013924
h13_24,D3,96,Combination,8.532569264642841,0.6520833333333332,41.26305026240675
h13_24,D3,96,SeasonalNaive,8.530851121821428,0.4716666666666666,47.66210770134311
h13_24,D3,96,Theta,8.578307113858829,0.47541666666666665,49.34541850378813
h13_24,D3,96,TimesFM25,8.694731833877736,0.6720833333333333,40.5147901754054
h13_24,D3,96,TimesFM3,9.215826663277252,0.6654166666666668,45.14374910863885
h13_24,D3,200,AutoARIMA,8.156338885113644,0.7579166666666667,37.37619028587487
h13_24,D3,200,AutoETS,7.808489751756122,0.72875,36.30880196405488
h13_24,D3,200,Chronos2,8.71906946877035,0.7295833333333333,41.83296858580643
h13_24,D3,200,Combination,7.748235319263012,0.7,36.067800201553396
h13_24,D3,200,SeasonalNaive,7.987093972385928,0.5245833333333334,42.84930189218432
h13_24,D3,200,Theta,7.983690470517848,0.49166666666666664,43.3724616415328
h13_24,D3,200,TimesFM25,8.052992071551262,0.7320833333333333,37.580486846361325
h13_24,D3,200,TimesFM3,8.497013116466915,0.7283333333333333,39.95930114866594
h13_24,D4,24,AutoARIMA,2.968289983366077,0.7170833333333333,12.98712698073396
h13_24,D4,24,AutoETS,4.033603153705044,0.9316666666666668,24.65994625662589
h13_24,D4,24,Chronos2,2.077753086087477,0.8725,10.414867717805329
h13_24,D4,24,Combination,3.7232764307958974,0.94625,20.13502951721874
h13_24,D4,24,SeasonalNaive,1.8589778969034567,0.67,8.967492868772316
h13_24,D4,24,Theta,5.041855085874224,0.93375,27.76864134669048
h13_24,D4,24,TimesFM25,2.0682799512291776,0.7491666666666668,9.400841642344458
h13_24,D4,24,TimesFM3,2.057560624467552,0.8608333333333333,9.950023872659733
h13_24,D4,48,AutoARIMA,1.9309294966337762,0.7133333333333333,8.90719327931894
h13_24,D4,48,AutoETS,2.351737959493976,0.48416666666666663,13.111655813383813
h13_24,D4,48,Chronos2,2.108101231587811,0.625,10.116397854419429
h13_24,D4,48,Combination,2.0736836311699,0.66,9.927905107528678
h13_24,D4,48,SeasonalNaive,1.7547305768008743,0.7045833333333333,8.110810837338109
h13_24,D4,48,Theta,2.5485549220031034,0.5841666666666666,13.062954257904194
h13_24,D4,48,TimesFM25,2.143050623055883,0.66,10.12253607940521
h13_24,D4,48,TimesFM3,2.0311595016866058,0.7520833333333333,9.3711191020795
h13_24,D4,96,AutoARIMA,1.665121195182354,0.80625,7.667584722199105
h13_24,D4,96,AutoETS,2.9278830446698385,0.565,15.40737200858502
h13_24,D4,96,Chronos2,1.9424563553471044,0.72,9.133231340767775
h13_24,D4,96,Combination,2.366984115871153,0.7554166666666667,11.05596942598289
h13_24,D4,96,SeasonalNaive,1.7540129910178515,0.7066666666666667,8.117377675783336
h13_24,D4,96,Theta,3.3615191737694428,0.6983333333333333,17.035572067224386
h13_24,D4,96,TimesFM25,1.9819769250532182,0.7433333333333333,8.796372484932169
h13_24,D4,96,TimesFM3,1.833243663764331,0.8283333333333333,8.393966759693916
h13_24,D4,200,AutoARIMA,1.6570443072306302,0.79875,7.397902370740735
h13_24,D4,200,AutoETS,1.8497903351201597,0.755,8.689289797774
h13_24,D4,200,Chronos2,2.0691894074854513,0.6791666666666667,9.364545960465591
h13_24,D4,200,Combination,2.2182289202159917,0.8575,10.907883848606827
h13_24,D4,200,SeasonalNaive,1.826565041267358,0.6779166666666667,8.434082537984871
h13_24,D4,200,Theta,4.441625050414336,0.74875,22.89786096476733
h13_24,D4,200,TimesFM25,1.981135533996955,0.7604166666666667,8.967717429884031
h13_24,D4,200,TimesFM3,1.905224545415144,0.8,8.50234539390413
h13_24,D5,24,AutoARIMA,2.444359183928536,0.59625,11.762414770553116
h13_24,D5,24,AutoETS,3.7060665184782966,0.9725,19.359524331073686
h13_24,D5,24,Chronos2,1.783228815951191,0.8729166666666667,7.804418816618718
h13_24,D5,24,Combination,3.391453496091778,0.8816666666666667,15.754472572573972
h13_24,D5,24,SeasonalNaive,1.928823647673509,0.6291666666666667,8.763807700028577
h13_24,D5,24,Theta,4.350294390164865,0.89875,20.384914963062926
h13_24,D5,24,TimesFM25,1.9922368760844449,0.6020833333333333,9.081167168618617
h13_24,D5,24,TimesFM3,1.9151591442537728,0.83625,8.623316659451863
h13_24,D5,48,AutoARIMA,1.13447434222157,0.71,5.870359733085309
h13_24,D5,48,AutoETS,1.3254695061194806,0.48,7.453646957143693
h13_24,D5,48,Chronos2,1.31024010951332,0.6783333333333332,6.614313504938882
h13_24,D5,48,Combination,1.2079863361883993,0.67875,6.394067833924254
h13_24,D5,48,SeasonalNaive,2.001767144437905,0.5795833333333333,8.745574665492903
h13_24,D5,48,Theta,1.4992221611221035,0.6258333333333334,8.287728166011565
h13_24,D5,48,TimesFM25,1.8024470176225522,0.5633333333333334,8.236538486296805
h13_24,D5,48,TimesFM3,1.5763249398711578,0.7566666666666667,7.053886801238622
h13_24,D5,96,AutoARIMA,1.103131166409635,0.6495833333333333,5.384706223925165
h13_24,D5,96,AutoETS,1.2069744088038623,0.53125,6.404848663708341
h13_24,D5,96,Chronos2,1.2782243559474216,0.6066666666666667,6.5183241819133135
h13_24,D5,96,Combination,1.0854837349045476,0.6554166666666668,5.324494296742277
h13_24,D5,96,SeasonalNaive,1.7919709891374225,0.6579166666666667,7.629221414552081
h13_24,D5,96,Theta,1.1493647604723467,0.6529166666666667,5.665578167149018
h13_24,D5,96,TimesFM25,1.4070893717059159,0.735,6.244427580525314
h13_24,D5,96,TimesFM3,1.2189830598685243,0.7904166666666668,5.7452866821289605
h13_24,D5,200,AutoARIMA,0.9505524795595712,0.7533333333333333,4.403891569369911
h13_24,D5,200,AutoETS,1.0572111404287405,0.6054166666666666,5.1817955023598365
h13_24,D5,200,Chronos2,1.0676887864434397,0.67,5.206893478779806
h13_24,D5,200,Combination,0.9705751298097245,0.745,4.490092765999332
h13_24,D5,200,SeasonalNaive,1.786378037946809,0.6466666666666667,7.193552660861963
h13_24,D5,200,Theta,1.2004950016489317,0.6808333333333333,5.594768632239729
h13_24,D5,200,TimesFM25,1.1360928761915603,0.8008333333333333,5.070786262543216
h13_24,D5,200,TimesFM3,1.105213994687024,0.6879166666666667,5.010488027951771
h13_24,D6,24,AutoARIMA,0.9708474709280007,0.995,17.901612940441197
h13_24,D6,24,AutoETS,0.8954521491556783,1.0,16.363499908647793
h13_24,D6,24,Chronos2,2.4284794091364073,0.9325,10.568777051011864
h13_24,D6,24,Combination,1.24706527691292,0.9995833333333333,16.594921060716025
h13_24,D6,24,SeasonalNaive,0.930600773710735,1.0,18.07974063130243
h13_24,D6,24,Theta,3.276956983629253,0.9995833333333333,15.729099551461061
h13_24,D6,24,TimesFM25,0.935030200713299,0.955,6.909486399198511
h13_24,D6,24,TimesFM3,1.2390646952118836,0.8854166666666667,9.793786847843485
h13_24,D6,48,AutoARIMA,1.1332938509534782,0.9895833333333333,15.039566792080302
h13_24,D6,48,AutoETS,1.0448175055734104,1.0,13.147656726947735
h13_24,D6,48,Chronos2,1.18758206392509,0.9079166666666667,10.084163325040205
h13_24,D6,48,Combination,1.2264953077581555,0.9995833333333333,13.591931900744907
h13_24,D6,48,SeasonalNaive,1.0947594761928097,1.0,16.847752267217015
h13_24,D6,48,Theta,2.0685371938130332,0.9975,12.714505654199089
h13_24,D6,48,TimesFM25,1.0162646418318244,0.92875,6.685203160564393
h13_24,D6,48,TimesFM3,1.1141312441589155,0.8866666666666667,7.508626141392881
h13_24,D6,96,AutoARIMA,1.1395607936280587,0.9979166666666667,10.162290134732263
h13_24,D6,96,AutoETS,1.1033493773901297,1.0,9.952523236976205
h13_24,D6,96,Chronos2,1.1341806662316685,0.7670833333333333,8.074322039742768
h13_24,D6,96,Combination,1.139032820238833,1.0,9.875762436058316
h13_24,D6,96,SeasonalNaive,1.1746731609663081,1.0,15.574723940350458
h13_24,D6,96,Theta,1.3741569385877122,0.99625,9.527165347427674
h13_24,D6,96,TimesFM25,1.3476889353640933,0.8979166666666667,7.483003544756009
h13_24,D6,96,TimesFM3,1.2899941171627733,0.8479166666666668,7.344569766388187
h13_24,D6,200,AutoARIMA,1.1701596438269934,0.9825,7.611432009614743
h13_24,D6,200,AutoETS,1.1018575581477068,0.99125,7.612719967397965
h13_24,D6,200,Chronos2,1.0917374097282773,0.8279166666666667,6.799729292520454
h13_24,D6,200,Combination,1.131200543420189,0.9875,7.4864577784652955
h13_24,D6,200,SeasonalNaive,1.2709263290921957,1.0,14.797814205738854
h13_24,D6,200,Theta,1.184865492915165,0.97625,7.315020355327564
h13_24,D6,200,TimesFM25,1.0497135674546987,0.85,4.826805291878419
h13_24,D6,200,TimesFM3,1.095369491374307,0.81375,5.040235840184261
h13_24,D7,24,AutoARIMA,11.044854307627132,0.00375,86.62075062864733
h13_24,D7,24,AutoETS,10.166728951181696,0.225,76.3900186067418
h13_24,D7,24,Chronos2,14.77309381979393,0.015,83.06347774439803
h13_24,D7,24,Combination,11.593787098549416,0.014583333333333332,88.77972888163693
h13_24,D7,24,SeasonalNaive,16.164099481438527,0.00041666666666666664,107.06249216415608
h13_24,D7,24,Theta,13.678423574287379,0.0,113.5705285271324
h13_24,D7,24,TimesFM25,17.011593578190794,0.0,130.29719136953233
h13_24,D7,24,TimesFM3,11.278387536165052,0.0020833333333333333,94.79166820787987
h13_24,D7,48,AutoARIMA,11.403239774297957,0.10458333333333333,85.46953052667578
h13_24,D7,48,AutoETS,4.414202332988492,0.63125,19.85682920974747
h13_24,D7,48,Chronos2,9.137199922462544,0.5275,32.91526175101816
h13_24,D7,48,Combination,10.268284010894781,0.04166666666666667,66.13241076994501
h13_24,D7,48,SeasonalNaive,17.966126596992055,0.0,124.90031517091639
h13_24,D7,48,Theta,15.736275624049153,0.0,125.1901586436709
h13_24,D7,48,TimesFM25,15.137475965621391,0.0020833333333333333,98.452463898001
h13_24,D7,48,TimesFM3,14.363606432809693,0.26875,82.12734641126448
h13_24,D7,96,AutoARIMA,6.367888271625766,0.39,26.894119152324958
h13_24,D7,96,AutoETS,6.530762900234715,0.26958333333333334,31.629887048578247
h13_24,D7,96,Chronos2,3.5543506596247068,0.9370833333333333,15.844388206261346
h13_24,D7,96,Combination,1.9334740991653336,0.9629166666666668,10.3004922688065
h13_24,D7,96,SeasonalNaive,11.40528352942987,0.00041666666666666664,58.74036883608526
h13_24,D7,96,Theta,8.894782179302343,0.0008333333333333333,48.40123999167897
h13_24,D7,96,TimesFM25,3.335971842009402,0.9725,21.465721880703303
h13_24,D7,96,TimesFM3,5.00136322728212,0.9545833333333333,24.416411167913015
h13_24,D7,200,AutoARIMA,1.8672604441582557,0.9670833333333333,10.355440274906089
h13_24,D7,200,AutoETS,1.7438094235104291,0.9733333333333333,9.65638722752175
h13_24,D7,200,Chronos2,2.60521869131218,0.7066666666666667,11.15607692829059
h13_24,D7,200,Combination,1.60697761702807,0.9858333333333333,9.429611266952234
h13_24,D7,200,SeasonalNaive,1.1123512009741574,1.0,13.759566088317637
h13_24,D7,200,Theta,1.8301088974216193,0.98875,8.553578408629711
h13_24,D7,200,TimesFM25,6.76555458362695,0.5695833333333333,26.097327301734282
h13_24,D7,200,TimesFM3,4.831699566831761,0.7029166666666667,21.2064183199293
h13_24,D8,24,AutoARIMA,1.005403682802522,0.8329166666666667,4.846443582188222
h13_24,D8,24,AutoETS,1.1316720339111626,0.8529166666666668,5.546376697351537
h13_24,D8,24,Chronos2,0.7643273624091707,0.85625,4.065896801272644
h13_24,D8,24,Combination,1.0378661342796394,0.8445833333333332,5.080119266740161
h13_24,D8,24,SeasonalNaive,1.05467059757172,0.9991666666666668,17.166397643857984
h13_24,D8,24,Theta,1.0279343208152172,0.85,5.138339913644554
h13_24,D8,24,TimesFM25,0.7864475030276888,0.8566666666666667,3.9677311019783392
h13_24,D8,24,TimesFM3,0.8015564350295038,0.9066666666666667,4.131334056645568
h13_24,D8,48,AutoARIMA,0.9700570139050388,0.8308333333333333,4.563809848777354
h13_24,D8,48,AutoETS,0.9868091392877861,0.8316666666666667,4.622645230455122
h13_24,D8,48,Chronos2,0.7102980403872547,0.7945833333333333,3.736684896531859
h13_24,D8,48,Combination,0.9728314921595875,0.8445833333333332,4.570755949644873
h13_24,D8,48,SeasonalNaive,1.0272551151219362,1.0,17.53859570303973
h13_24,D8,48,Theta,0.9732296940807695,0.8591666666666667,4.677234844549729
h13_24,D8,48,TimesFM25,0.718191494324995,0.8654166666666667,3.6644259050668193
h13_24,D8,48,TimesFM3,0.7233076590918376,0.86625,4.168684087240705
h13_24,D8,96,AutoARIMA,0.8853126155495415,0.86125,3.952217075360013
h13_24,D8,96,AutoETS,0.9238242728548147,0.8570833333333333,4.19973660989587
h13_24,D8,96,Chronos2,0.6108179193220471,0.8370833333333333,3.242883897175548
h13_24,D8,96,Combination,0.8976686591950086,0.85875,4.0517656657881975
h13_24,D8,96,SeasonalNaive,0.9672028730832496,1.0,17.149888394504764
h13_24,D8,96,Theta,0.891970936039189,0.8733333333333333,4.1166346519694095
h13_24,D8,96,TimesFM25,0.6134732712389743,0.88625,3.1674494047735973
h13_24,D8,96,TimesFM3,0.6163088997872542,0.86375,3.2282704005567604
h13_24,D8,200,AutoARIMA,0.9418575814413961,0.83375,4.186427603430108
h13_24,D8,200,AutoETS,0.940191372562465,0.8370833333333333,4.1803017061712975
h13_24,D8,200,Chronos2,0.6936375144259602,0.8370833333333333,3.273904705059842
h13_24,D8,200,Combination,0.9438187653429025,0.8433333333333333,4.187302802702368
h13_24,D8,200,SeasonalNaive,1.034202182422501,1.0,17.172489075153766
h13_24,D8,200,Theta,0.9505425376367513,0.8583333333333333,4.239654124906981
h13_24,D8,200,TimesFM25,0.6913253527589791,0.87375,3.2975857410824885
h13_24,D8,200,TimesFM3,0.6914065052027726,0.8345833333333332,3.2794297738530913
h13_24,D9,24,AutoARIMA,1.453178038219756,0.7475,7.984105980572523
h13_24,D9,24,AutoETS,1.5809910748469798,0.8225,9.618674256938865
h13_24,D9,24,Chronos2,1.3948549130992578,0.8804166666666667,6.918892842175759
h13_24,D9,24,Combination,1.54490307604757,0.8470833333333333,8.61192892242364
h13_24,D9,24,SeasonalNaive,1.6471084410754013,0.9929166666666667,13.694352644519705
h13_24,D9,24,Theta,1.8136222156637547,0.8116666666666668,9.921974615775373
h13_24,D9,24,TimesFM25,1.3569101887526918,0.8133333333333332,6.332265730252596
h13_24,D9,24,TimesFM3,1.3782009988378507,0.8666666666666667,7.177006063841498
h13_24,D9,48,AutoARIMA,1.3709686116403625,0.7691666666666667,6.911532321488931
h13_24,D9,48,AutoETS,1.6217279552919366,0.8933333333333333,9.470221297686718
h13_24,D9,48,Chronos2,1.373677027409016,0.8425,6.734683901350889
h13_24,D9,48,Combination,1.4959591015812759,0.8966666666666667,8.227435073951899
h13_24,D9,48,SeasonalNaive,1.7460935702424853,0.9945833333333333,13.864405868200945
h13_24,D9,48,Theta,1.6514379760816962,0.8941666666666667,9.504685986020306
h13_24,D9,48,TimesFM25,1.3346700848918283,0.80625,6.302828761932049
h13_24,D9,48,TimesFM3,1.3549931886824254,0.8404166666666667,6.497840395784383
h13_24,D9,96,AutoARIMA,1.176883424342499,0.80625,5.589139322368058
h13_24,D9,96,AutoETS,1.4908118986676198,0.955,9.38144216346016
h13_24,D9,96,Chronos2,1.2321662794276258,0.8320833333333333,5.734722683061446
h13_24,D9,96,Combination,1.3444322608537866,0.9383333333333332,7.7473953145035965
h13_24,D9,96,SeasonalNaive,1.613036765160638,0.9983333333333333,13.903180790103907
h13_24,D9,96,Theta,1.5107820373923462,0.9470833333333333,9.251046255919455
h13_24,D9,96,TimesFM25,1.2001212511411037,0.8325,5.559775978363838
h13_24,D9,96,TimesFM3,1.1843667453489093,0.85125,5.54377969561591
h13_24,D9,200,AutoARIMA,1.205684384627498,0.7820833333333332,5.662219231933275
h13_24,D9,200,AutoETS,1.514350771215225,0.96625,9.618021455187755
h13_24,D9,200,Chronos2,1.210197263023496,0.7820833333333332,5.71234806244759
h13_24,D9,200,Combination,1.346326276755688,0.9525,7.778950474089195
h13_24,D9,200,SeasonalNaive,1.618167470130289,0.9954166666666667,14.027289945736351
h13_24,D9,200,Theta,1.5188615038568576,0.9641666666666667,9.44809581633632
h13_24,D9,200,TimesFM25,1.2045231590908747,0.79375,5.62911563447253
h13_24,D9,200,TimesFM3,1.2072136944431753,0.7995833333333333,5.692958112850252
h1_12,D1,24,AutoARIMA,1.4846342824151757,0.7554166666666667,7.2001351203834005
h1_12,D1,24,AutoETS,1.5675093454695994,0.82375,7.780787601400561
h1_12,D1,24,Chronos2,1.4481993680827983,0.8525,6.744106115439348
h1_12,D1,24,Combination,1.5381975104450525,0.8158333333333333,7.294176662201262
h1_12,D1,24,SeasonalNaive,1.6464526869034863,0.92125,8.486029503189862
h1_12,D1,24,Theta,1.681723393158148,0.7920833333333333,7.9732007024729725
h1_12,D1,24,TimesFM25,1.4171645205822696,0.7758333333333333,6.491082114850807
h1_12,D1,24,TimesFM3,1.416603355438663,0.8208333333333333,6.692887343028236
h1_12,D1,48,AutoARIMA,1.4154541272316152,0.7745833333333333,6.502250207720888
h1_12,D1,48,AutoETS,1.5700758329117794,0.8445833333333332,7.633683317146116
h1_12,D1,48,Chronos2,1.4199541979721855,0.79125,6.282006406270726
h1_12,D1,48,Combination,1.4782208613663514,0.84375,7.001524323470789
h1_12,D1,48,SeasonalNaive,1.6247620695854763,0.91,8.478588245836567
h1_12,D1,48,Theta,1.5856881786443282,0.8391666666666667,7.726015858261161
h1_12,D1,48,TimesFM25,1.4014170368705674,0.7608333333333333,6.050141491593127
h1_12,D1,48,TimesFM3,1.3810071652741593,0.81,6.0268005575980395
h1_12,D1,96,AutoARIMA,1.324217261064881,0.7845833333333333,6.020620492360122
h1_12,D1,96,AutoETS,1.5641195936914034,0.87375,7.617052286280508
h1_12,D1,96,Chronos2,1.3427446867126045,0.7970833333333333,6.081612366075254
h1_12,D1,96,Combination,1.435247885317999,0.8679166666666667,6.805594719271324
h1_12,D1,96,SeasonalNaive,1.6257199164670593,0.91875,8.397704005993717
h1_12,D1,96,Theta,1.5719940702231014,0.8658333333333332,7.720929207436826
h1_12,D1,96,TimesFM25,1.3218820193055638,0.8029166666666667,5.891561728942138
h1_12,D1,96,TimesFM3,1.307224075179379,0.8245833333333333,5.880551979834854
h1_12,D1,200,AutoARIMA,1.2659981192442091,0.7916666666666667,5.700152450986456
h1_12,D1,200,AutoETS,1.575532589591741,0.86625,7.6676085970313315
h1_12,D1,200,Chronos2,1.2747832585922012,0.8016666666666667,5.685343440890315
h1_12,D1,200,Combination,1.4166326691047855,0.8670833333333333,6.78342233092076
h1_12,D1,200,SeasonalNaive,1.6146471534608633,0.9091666666666667,8.604175809967133
h1_12,D1,200,Theta,1.5764420510762351,0.8675,7.784245242905554
h1_12,D1,200,TimesFM25,1.2519838372800098,0.8070833333333333,5.586908633976354
h1_12,D1,200,TimesFM3,1.2540708346937488,0.8133333333333332,5.608357785290394
h1_12,D2,24,AutoARIMA,1.7075370221015473,0.73125,7.780490658547108
h1_12,D2,24,AutoETS,1.8855764147633272,0.83625,9.191199529204374
h1_12,D2,24,Chronos2,1.688163022087578,0.8320833333333333,7.550404007234807
h1_12,D2,24,Combination,1.787939012099566,0.8325,8.242518426697597
h1_12,D2,24,SeasonalNaive,1.9053446601946675,0.86375,9.186939465154811
h1_12,D2,24,Theta,2.0032898357947277,0.8029166666666667,9.65658873000603
h1_12,D2,24,TimesFM25,1.6279248648956521,0.7433333333333333,7.193294134648661
h1_12,D2,24,TimesFM3,1.6747080290460703,0.805,7.928031038258655
h1_12,D2,48,AutoARIMA,1.5747211117109368,0.7716666666666667,7.351524689065631
h1_12,D2,48,AutoETS,1.8341548985594573,0.87875,9.249221650390218
h1_12,D2,48,Chronos2,1.570077751385153,0.8170833333333333,7.00745086238186
h1_12,D2,48,Combination,1.6876279173986601,0.875,8.276569191392133
h1_12,D2,48,SeasonalNaive,1.8383297401571672,0.8779166666666667,9.194671227125294
h1_12,D2,48,Theta,1.8602795849347546,0.86625,9.417164847662038
h1_12,D2,48,TimesFM25,1.510182521282139,0.77625,6.8244451956653105
h1_12,D2,48,TimesFM3,1.5183062011086725,0.8195833333333333,6.885089572095736
h1_12,D2,96,AutoARIMA,1.5172167858361734,0.7633333333333333,6.657624112025678
h1_12,D2,96,AutoETS,1.8110005798621842,0.8929166666666667,8.828213917214638
h1_12,D2,96,Chronos2,1.4637352209190062,0.7945833333333333,6.584988047406454
h1_12,D2,96,Combination,1.6430165012774731,0.88875,7.737301685295081
h1_12,D2,96,SeasonalNaive,1.8100401875690662,0.89125,8.767051065117075
h1_12,D2,96,Theta,1.811715123490719,0.8933333333333333,8.912080816995648
h1_12,D2,96,TimesFM25,1.4429976147933607,0.7958333333333333,6.505068211258379
h1_12,D2,96,TimesFM3,1.4553137031907566,0.8204166666666667,6.54850340862873
h1_12,D2,200,AutoARIMA,1.3743395900500621,0.7975,6.125280191924142
h1_12,D2,200,AutoETS,1.9205349080126224,0.8875,9.084819911525267
h1_12,D2,200,Chronos2,1.389791484805605,0.805,6.147169629757547
h1_12,D2,200,Combination,1.6541204938819052,0.8929166666666667,7.748161736320481
h1_12,D2,200,SeasonalNaive,1.92151313738384,0.88375,9.05017156986767
h1_12,D2,200,Theta,1.91911422968322,0.8845833333333333,9.136876654238558
h1_12,D2,200,TimesFM25,1.3740193758721233,0.8108333333333333,6.057715072460619
h1_12,D2,200,TimesFM3,1.3827306402051198,0.82125,6.091515796288763
h1_12,D3,24,AutoARIMA,5.274750639122243,0.5729166666666666,28.48571199325184
h1_12,D3,24,AutoETS,4.89204338063979,0.5245833333333334,26.716250331800623
h1_12,D3,24,Chronos2,4.8326608996190865,0.645,24.750760056833084
h1_12,D3,24,Combination,4.658644346908002,0.5854166666666667,24.900945832763192
h1_12,D3,24,SeasonalNaive,4.4108663631851615,0.5608333333333334,24.15912268999916
h1_12,D3,24,Theta,4.483307271936746,0.5354166666666667,24.60788037428925
h1_12,D3,24,TimesFM25,4.867854061475108,0.505,28.29142589222962
h1_12,D3,24,TimesFM3,4.6561091057195565,0.5833333333333334,26.074927010197385
h1_12,D3,48,AutoARIMA,4.678862972628095,0.7070833333333333,22.226959164516476
h1_12,D3,48,AutoETS,4.547221525835205,0.6320833333333333,22.70030652928871
h1_12,D3,48,Chronos2,4.173004700641614,0.7570833333333333,20.09625962716903
h1_12,D3,48,Combination,4.312824512367077,0.6645833333333333,21.053282409440254
h1_12,D3,48,SeasonalNaive,4.2515162505309005,0.5995833333333334,23.09943931602407
h1_12,D3,48,Theta,4.179036163310994,0.5941666666666666,22.970829893331178
h1_12,D3,48,TimesFM25,4.3797229091173735,0.7483333333333333,20.686259352654137
h1_12,D3,48,TimesFM3,4.273856636266093,0.7170833333333333,20.748750333734638
h1_12,D3,96,AutoARIMA,3.939657542557875,0.7775,18.019300261993013
h1_12,D3,96,AutoETS,3.9377272148353986,0.6808333333333333,18.367506525463092
h1_12,D3,96,Chronos2,4.060522895821922,0.7554166666666667,18.924034761515557
h1_12,D3,96,Combination,3.87051943143126,0.7066666666666667,17.95765449573287
h1_12,D3,96,SeasonalNaive,4.124871839081731,0.5808333333333333,21.683114447265535
h1_12,D3,96,Theta,4.134532000946743,0.5733333333333334,21.661006825896212
h1_12,D3,96,TimesFM25,3.9423109444621467,0.8033333333333332,17.881313044196105
h1_12,D3,96,TimesFM3,4.022702674864335,0.7695833333333333,18.318283727577377
h1_12,D3,200,AutoARIMA,4.194937927093399,0.7654166666666667,19.379498303744615
h1_12,D3,200,AutoETS,4.274624614216548,0.635,20.70039611951971
h1_12,D3,200,Chronos2,4.474056936514719,0.71875,21.05295595832092
h1_12,D3,200,Combination,4.198853214872126,0.6691666666666667,20.144534635040134
h1_12,D3,200,SeasonalNaive,4.512078902642524,0.5291666666666667,24.379303291764778
h1_12,D3,200,Theta,4.426525029937318,0.5408333333333334,23.985520380859015
h1_12,D3,200,TimesFM25,4.314928846602221,0.7566666666666667,19.739451987037068
h1_12,D3,200,TimesFM3,4.296646554842196,0.7479166666666667,19.827853023502513
h1_12,D4,24,AutoARIMA,2.170439981788417,0.7245833333333332,9.635801612472045
h1_12,D4,24,AutoETS,3.5956249778671063,0.73,18.870424382827977
h1_12,D4,24,Chronos2,1.4267636221291764,0.8966666666666667,7.208671525703839
h1_12,D4,24,Combination,3.007395135082794,0.7816666666666667,15.453907234400699
h1_12,D4,24,SeasonalNaive,1.0288070974778873,0.7841666666666667,4.657645232141902
h1_12,D4,24,Theta,4.042343108251981,0.7175,21.94241578790443
h1_12,D4,24,TimesFM25,1.2765924191395037,0.84875,5.95714626936992
h1_12,D4,24,TimesFM3,1.3303093882136332,0.8891666666666667,6.515889293528465
h1_12,D4,48,AutoARIMA,1.0135275102187962,0.7245833333333332,4.63619942617088
h1_12,D4,48,AutoETS,1.7182132544426014,0.5833333333333334,8.515679823115065
h1_12,D4,48,Chronos2,1.4044162012535708,0.6858333333333333,6.4005958825315785
h1_12,D4,48,Combination,1.3937233930790913,0.6645833333333333,6.445811137362938
h1_12,D4,48,SeasonalNaive,1.0214627111756065,0.7866666666666667,4.534699323640522
h1_12,D4,48,Theta,1.95222198140129,0.5529166666666666,9.972619914092672
h1_12,D4,48,TimesFM25,1.4125458729880755,0.75625,6.404092181112349
h1_12,D4,48,TimesFM3,1.297516745546752,0.795,5.870558309824308
h1_12,D4,96,AutoARIMA,0.8860502708679421,0.7925,3.959563059740647
h1_12,D4,96,AutoETS,2.3878742631315015,0.61125,11.887624933059943
h1_12,D4,96,Chronos2,1.2371940827942831,0.7708333333333333,5.627399990734939
h1_12,D4,96,Combination,1.8303176614342873,0.6979166666666667,8.495605027972607
h1_12,D4,96,SeasonalNaive,1.004861124394736,0.7954166666666667,4.499966694114841
h1_12,D4,96,Theta,2.907762946564717,0.6095833333333334,14.631181774764546
h1_12,D4,96,TimesFM25,1.260367360845182,0.8054166666666667,5.654555097463977
h1_12,D4,96,TimesFM3,1.1299079255288218,0.8454166666666667,5.251980387823129
h1_12,D4,200,AutoARIMA,0.8864160698428679,0.79125,3.910498983688988
h1_12,D4,200,AutoETS,1.0908460540950953,0.8491666666666667,5.901728443474984
h1_12,D4,200,Chronos2,1.2970611059251735,0.7741666666666667,5.6416625049997995
h1_12,D4,200,Combination,1.6883542786246486,0.8270833333333333,7.87829906213759
h1_12,D4,200,SeasonalNaive,1.0525108404519439,0.7679166666666667,4.634952633545171
h1_12,D4,200,Theta,4.11753719635946,0.65875,19.89887791957675
h1_12,D4,200,TimesFM25,1.1984381951298468,0.80625,5.358135760104878
h1_12,D4,200,TimesFM3,1.1612639783907828,0.83375,5.154809606024903
h1_12,D5,24,AutoARIMA,1.5738340014371983,0.6383333333333333,7.805343445680592
h1_12,D5,24,AutoETS,3.025151961588705,0.665,15.808746900252524
h1_12,D5,24,Chronos2,1.0713179983137822,0.9175,5.298760475177237
h1_12,D5,24,Combination,2.4737051617524206,0.6520833333333332,12.802595672714371
h1_12,D5,24,SeasonalNaive,1.1393896155555445,0.74125,5.115124054862767
h1_12,D5,24,Theta,3.1544051190551845,0.62625,17.08876686662578
h1_12,D5,24,TimesFM25,1.1338225759131397,0.8079166666666667,5.17833242410135
h1_12,D5,24,TimesFM3,1.1520714430345458,0.8845833333333333,5.78078475777907
h1_12,D5,48,AutoARIMA,0.717332856356455,0.7558333333333332,3.272513875697948
h1_12,D5,48,AutoETS,0.7408564707049341,0.6929166666666667,3.5243145168060015
h1_12,D5,48,Chronos2,0.7522831604729042,0.7508333333333332,3.4770209952545774
h1_12,D5,48,Combination,0.7313265175641187,0.7529166666666667,3.452220580916862
h1_12,D5,48,SeasonalNaive,1.1081323251299109,0.73625,4.617864288338266
h1_12,D5,48,Theta,0.9562367943002208,0.6541666666666667,4.835433813811792
h1_12,D5,48,TimesFM25,0.8872227542612865,0.7645833333333333,3.857822479108478
h1_12,D5,48,TimesFM3,0.8148540338254746,0.8208333333333333,3.6695838893880235
h1_12,D5,96,AutoARIMA,0.732087753110861,0.725,3.2960987866372102
h1_12,D5,96,AutoETS,0.7611409990138226,0.6658333333333333,3.6428395502748843
h1_12,D5,96,Chronos2,0.7846905888577289,0.6741666666666667,3.7920023362143045
h1_12,D5,96,Combination,0.7128403657800291,0.7233333333333333,3.2666760162615485
h1_12,D5,96,SeasonalNaive,1.0760457728422284,0.7579166666666667,4.502912520754159
h1_12,D5,96,Theta,0.7572292458844541,0.6975,3.519267711448439
h1_12,D5,96,TimesFM25,0.8212516400408802,0.79,3.6185393801084147
h1_12,D5,96,TimesFM3,0.7611725257312213,0.8095833333333333,3.4394947809570535
h1_12,D5,200,AutoARIMA,0.6255882180457332,0.7779166666666667,2.8020077102558445
h1_12,D5,200,AutoETS,0.680568625219953,0.7358333333333333,3.0508729288720873
h1_12,D5,200,Chronos2,0.6882843667701986,0.7275,3.1490910609868052
h1_12,D5,200,Combination,0.645468836608964,0.78875,2.8501454085236317
h1_12,D5,200,SeasonalNaive,1.0402385809085513,0.7766666666666667,4.3329561245608
h1_12,D5,200,Theta,0.7589697692786675,0.7366666666666667,3.4195765925011545
h1_12,D5,200,TimesFM25,0.6963752710557951,0.8329166666666667,3.185132467269739
h1_12,D5,200,TimesFM3,0.6892311464503355,0.75875,3.0476801894025187
h1_12,D6,24,AutoARIMA,0.8067459955325986,0.9954166666666667,10.127222941707936
h1_12,D6,24,AutoETS,0.7594960035526565,0.9991666666666668,9.558784370845318
h1_12,D6,24,Chronos2,2.133620227992226,0.9329166666666667,8.753843251107094
h1_12,D6,24,Combination,0.8311138455011532,0.99875,9.60921939383674
h1_12,D6,24,SeasonalNaive,0.7967827012189239,0.99875,10.29785589173644
h1_12,D6,24,Theta,1.3252765384176006,0.9958333333333332,9.174631551549362
h1_12,D6,24,TimesFM25,0.7257753344454446,0.9504166666666667,5.028169723052411
h1_12,D6,24,TimesFM3,0.7994517093768245,0.8916666666666667,5.658616751772151
h1_12,D6,48,AutoARIMA,0.9039182602449332,0.9933333333333333,8.659536606962472
h1_12,D6,48,AutoETS,0.8481935343885422,0.9958333333333332,7.840041107051089
h1_12,D6,48,Chronos2,0.8633875031446746,0.905,6.959538574436682
h1_12,D6,48,Combination,0.8897137111352906,0.9954166666666667,8.092847710419452
h1_12,D6,48,SeasonalNaive,0.9221558697921718,0.9954166666666667,9.603102335755562
h1_12,D6,48,Theta,1.069579287372487,0.9933333333333333,7.794084474108092
h1_12,D6,48,TimesFM25,0.7846074123302195,0.93125,4.476297277898421
h1_12,D6,48,TimesFM3,0.8125158609766849,0.8654166666666667,4.340257402996378
h1_12,D6,96,AutoARIMA,0.9350308582193825,0.9791666666666667,6.295399621471456
h1_12,D6,96,AutoETS,0.917089085107784,0.98,6.22693086111413
h1_12,D6,96,Chronos2,0.8620680458601616,0.78625,4.6804279382186795
h1_12,D6,96,Combination,0.9309868143327737,0.9795833333333333,6.258158197507059
h1_12,D6,96,SeasonalNaive,1.0254611038336028,0.9841666666666667,8.96062806937666
h1_12,D6,96,Theta,0.9814635909664027,0.9729166666666668,6.266558015943258
h1_12,D6,96,TimesFM25,0.9678850105829494,0.9154166666666668,5.119565734946483
h1_12,D6,96,TimesFM3,0.9369595856232712,0.8420833333333333,4.612590519859928
h1_12,D6,200,AutoARIMA,0.9440869717570051,0.9466666666666668,5.0915594503419355
h1_12,D6,200,AutoETS,0.9159336324219026,0.9570833333333333,5.0945556694911565
h1_12,D6,200,Chronos2,0.8714094887020761,0.80125,4.215320241393763
h1_12,D6,200,Combination,0.9301549169147352,0.9504166666666667,5.092114593208322
h1_12,D6,200,SeasonalNaive,1.0754942294459018,0.9795833333333333,8.554777373309912
h1_12,D6,200,Theta,0.9437404227129416,0.9495833333333333,5.127355724321265
h1_12,D6,200,TimesFM25,0.8570400631824291,0.8533333333333333,3.8931307501070465
h1_12,D6,200,TimesFM3,0.8728127774892289,0.8229166666666667,3.9314777402017516
h1_12,D7,24,AutoARIMA,3.2256948879802696,0.29791666666666666,18.954737138399587
h1_12,D7,24,AutoETS,3.1544353818060125,0.3804166666666666,19.31736581358979
h1_12,D7,24,Chronos2,4.39370404783717,0.46291666666666664,18.49256578122597
h1_12,D7,24,Combination,3.4713909763737054,0.2829166666666667,20.763058937896453
h1_12,D7,24,SeasonalNaive,4.826048091182658,0.39541666666666664,21.511057566233525
h1_12,D7,24,Theta,4.175451715410318,0.185,27.227354355176463
h1_12,D7,24,TimesFM25,5.273947259663001,0.2425,30.178323591865738
h1_12,D7,24,TimesFM3,3.441690609535055,0.23083333333333333,22.049023150208345
h1_12,D7,48,AutoARIMA,4.206888429525802,0.2320833333333333,26.094149085811768
h1_12,D7,48,AutoETS,1.8973545630221107,0.61625,8.99111124937464
h1_12,D7,48,Chronos2,3.039435241541207,0.7316666666666667,11.007743295811347
h1_12,D7,48,Combination,3.801640688314845,0.2425,21.62224455661546
h1_12,D7,48,SeasonalNaive,6.271520790577181,0.22291666666666668,33.475447532137316
h1_12,D7,48,Theta,5.7373345283905675,0.10333333333333332,38.80789831670395
h1_12,D7,48,TimesFM25,5.045718915334798,0.3466666666666666,23.993833643831994
h1_12,D7,48,TimesFM3,4.829498955200107,0.39541666666666664,25.26647158112579
h1_12,D7,96,AutoARIMA,1.5651382844432928,0.7191666666666667,6.881704514217967
h1_12,D7,96,AutoETS,1.6279751652370944,0.64625,7.479645540355773
h1_12,D7,96,Chronos2,1.4600693939935683,0.8870833333333333,6.79900244761449
h1_12,D7,96,Combination,1.0481036106940005,0.91125,5.040415002102955
h1_12,D7,96,SeasonalNaive,5.095260161342483,0.2795833333333333,21.69639939210804
h1_12,D7,96,Theta,4.364691175046274,0.18875,21.518721263276667
h1_12,D7,96,TimesFM25,1.377392230714374,0.98875,10.013730711032112
h1_12,D7,96,TimesFM3,1.5686963154869233,0.9483333333333333,8.660278817974511
h1_12,D7,200,AutoARIMA,1.0228848687873162,0.8691666666666668,4.6924012273171725
h1_12,D7,200,AutoETS,0.9995006407379217,0.865,4.528289509036504
h1_12,D7,200,Chronos2,1.1980757848338959,0.7654166666666667,5.44939419479397
h1_12,D7,200,Combination,0.9481322631576485,0.9204166666666667,4.762231790532516
h1_12,D7,200,SeasonalNaive,0.9610171788654666,0.9795833333333333,7.911841482487098
h1_12,D7,200,Theta,0.9615417076526228,0.9575,5.60553274201167
h1_12,D7,200,TimesFM25,1.8135801238976155,0.9108333333333333,7.678929581656603
h1_12,D7,200,TimesFM3,1.683680851861831,0.7991666666666667,8.021078360220548
h1_12,D8,24,AutoARIMA,0.9898719081872048,0.82875,4.8112193452903425
h1_12,D8,24,AutoETS,1.042277118311445,0.8491666666666667,5.18550362687727
h1_12,D8,24,Chronos2,0.7552066996515876,0.8541666666666667,4.126686800716899
h1_12,D8,24,Combination,1.0042740265116537,0.835,4.993655525295181
h1_12,D8,24,SeasonalNaive,1.0250301722054809,0.9629166666666668,10.22987522489085
h1_12,D8,24,Theta,0.9960496538012742,0.8316666666666667,5.131566677703062
h1_12,D8,24,TimesFM25,0.7726965477160849,0.8208333333333333,4.214893674395447
h1_12,D8,24,TimesFM3,0.7872651300961349,0.8770833333333333,4.080614110599663
h1_12,D8,48,AutoARIMA,0.9679026014385034,0.84125,4.501214697536742
h1_12,D8,48,AutoETS,0.9780770563369665,0.8470833333333333,4.525686592198812
h1_12,D8,48,Chronos2,0.7088766893652236,0.7795833333333333,3.7768954740866367
h1_12,D8,48,Combination,0.9725452823323709,0.8483333333333333,4.542808041432095
h1_12,D8,48,SeasonalNaive,1.0146643453028776,0.9716666666666667,10.220294848758334
h1_12,D8,48,Theta,0.9755420093924377,0.84875,4.696197277655521
h1_12,D8,48,TimesFM25,0.7128230241655014,0.8391666666666667,3.8612211372727483
h1_12,D8,48,TimesFM3,0.7199185981537625,0.8033333333333332,3.7267296822741183
h1_12,D8,96,AutoARIMA,0.9235615365876992,0.8491666666666667,4.1267461581407625
h1_12,D8,96,AutoETS,0.9343567497522307,0.8491666666666667,4.188007794184156
h1_12,D8,96,Chronos2,0.6745445779067815,0.8120833333333333,3.315895099188732
h1_12,D8,96,Combination,0.9247820523081158,0.8475,4.174407773524522
h1_12,D8,96,SeasonalNaive,0.9840057813344104,0.9670833333333333,10.04385301307576
h1_12,D8,96,Theta,0.9216746022288441,0.8483333333333333,4.287702345127023
h1_12,D8,96,TimesFM25,0.6769873431132278,0.8425,3.4227233491302176
h1_12,D8,96,TimesFM3,0.679502945424598,0.83125,3.2819254537283507
h1_12,D8,200,AutoARIMA,0.9381900517425482,0.8429166666666668,4.204025101798179
h1_12,D8,200,AutoETS,0.9380688520964161,0.8433333333333333,4.201823443296148
h1_12,D8,200,Chronos2,0.6922839434641769,0.84125,3.3451111715159287
h1_12,D8,200,Combination,0.9401029167094304,0.845,4.237198602642552
h1_12,D8,200,SeasonalNaive,1.004182088991072,0.9629166666666668,10.06182188451896
h1_12,D8,200,Theta,0.9454702307419285,0.8404166666666667,4.339343946505595
h1_12,D8,200,TimesFM25,0.6898515529391972,0.84125,3.4880197065830743
h1_12,D8,200,TimesFM3,0.6921327961910164,0.8375,3.3149762158872664
h1_12,D9,24,AutoARIMA,1.3720500929510795,0.7166666666666667,6.848299094740425
h1_12,D9,24,AutoETS,1.4535629101678795,0.7608333333333333,7.313492850017107
h1_12,D9,24,Chronos2,1.349729162720079,0.8279166666666667,6.482736920967636
h1_12,D9,24,Combination,1.4040436810853176,0.77,6.89491154913608
h1_12,D9,24,SeasonalNaive,1.5466225693902171,0.9154166666666668,8.548429796467396
h1_12,D9,24,Theta,1.5176202822947906,0.7554166666666667,7.545340384409385
h1_12,D9,24,TimesFM25,1.3183884936439196,0.76375,6.149435919366442
h1_12,D9,24,TimesFM3,1.320846236656584,0.8025,6.39233860448804
h1_12,D9,48,AutoARIMA,1.2441121911307804,0.755,5.916365866620453
h1_12,D9,48,AutoETS,1.475834073038632,0.81375,7.14582981450691
h1_12,D9,48,Chronos2,1.256811653403906,0.8083333333333332,5.844329627191748
h1_12,D9,48,Combination,1.352744517299287,0.8158333333333333,6.532364599782774
h1_12,D9,48,SeasonalNaive,1.5882335704803225,0.9175,8.598266690513714
h1_12,D9,48,Theta,1.486273918669,0.8075,7.284624753904245
h1_12,D9,48,TimesFM25,1.2451799129352004,0.77375,5.74370223350576
h1_12,D9,48,TimesFM3,1.2392636902920326,0.80625,5.754634001090326
h1_12,D9,96,AutoARIMA,1.0977699979405062,0.7958333333333333,5.152327183317405
h1_12,D9,96,AutoETS,1.3325423710592597,0.8708333333333332,6.686080090429524
h1_12,D9,96,Chronos2,1.133129333286157,0.8170833333333333,5.143854992336318
h1_12,D9,96,Combination,1.2132926161830933,0.8695833333333333,6.026932230014463
h1_12,D9,96,SeasonalNaive,1.4304073063328169,0.9383333333333332,8.421564478936812
h1_12,D9,96,Theta,1.341917023923752,0.8708333333333332,6.8081705330329365
h1_12,D9,96,TimesFM25,1.110220304913432,0.8241666666666667,5.08449812854381
h1_12,D9,96,TimesFM3,1.103838083747881,0.83375,5.104234562746619
h1_12,D9,200,AutoARIMA,1.18970972196824,0.7708333333333333,5.347251643964389
h1_12,D9,200,AutoETS,1.5042793732189903,0.8554166666666667,7.135621400436249
h1_12,D9,200,Chronos2,1.2076807311191653,0.7533333333333333,5.492571536671301
h1_12,D9,200,Combination,1.3412026143917064,0.8520833333333333,6.308392076993349
h1_12,D9,200,SeasonalNaive,1.5765009576500504,0.9308333333333333,8.661331765933216
h1_12,D9,200,Theta,1.5027715154595083,0.8608333333333333,7.237767723886964
h1_12,D9,200,TimesFM25,1.202759166661849,0.77,5.423729522331206
h1_12,D9,200,TimesFM3,1.2004719717540966,0.7841666666666667,5.410570697915638
h1_48,D1,24,AutoARIMA,1.6506905617266125,0.7622916666666667,9.707670523447302
h1_48,D1,24,AutoETS,1.7934546737408072,0.8725,12.491272069392403
h1_48,D1,24,Chronos2,1.5759531637681459,0.8963541666666667,7.973604852125114
h1_48,D1,24,Combination,1.8106435806466448,0.8869791666666668,10.960007892490278
h1_48,D1,24,SeasonalNaive,1.8135842520633583,0.9782291666666667,15.127861232356851
h1_48,D1,24,Theta,2.275151804963435,0.8626041666666667,13.11345468443823
h1_48,D1,24,TimesFM25,1.5384968139706698,0.8179166666666667,7.01434325202625
h1_48,D1,24,TimesFM3,1.5210549960179798,0.8823958333333333,7.997135949384025
h1_48,D1,48,AutoARIMA,1.4657239628390573,0.8005208333333332,8.0616540705934
h1_48,D1,48,AutoETS,1.7318390547471887,0.930625,12.110515986290334
h1_48,D1,48,Chronos2,1.5037643151749762,0.8623958333333333,7.036465560030978
h1_48,D1,48,Combination,1.6184500411534115,0.9295833333333333,10.456184409452966
h1_48,D1,48,SeasonalNaive,1.76493594324966,0.97625,15.154380848567405
h1_48,D1,48,Theta,1.8417731710337497,0.9289583333333333,12.44081924424127
h1_48,D1,48,TimesFM25,1.4250314447941412,0.8075,6.308733591308141
h1_48,D1,48,TimesFM3,1.4128488115097633,0.8651041666666667,6.534656374617629
h1_48,D1,96,AutoARIMA,1.431569483362262,0.7885416666666667,6.796474811515321
h1_48,D1,96,AutoETS,1.7258877994626554,0.956875,12.14159765854234
h1_48,D1,96,Chronos2,1.490677097913431,0.8217708333333333,6.757456027826934
h1_48,D1,96,Combination,1.5758071326506466,0.948125,9.876197719145765
h1_48,D1,96,SeasonalNaive,1.7938763105876447,0.9786458333333333,15.166291405658331
h1_48,D1,96,Theta,1.7582217310139108,0.95125,12.141953590819947
h1_48,D1,96,TimesFM25,1.3877075276634938,0.820625,6.258111402442557
h1_48,D1,96,TimesFM3,1.3830821113017036,0.8460416666666667,6.3500700401748
h1_48,D1,200,AutoARIMA,1.3339904553379882,0.7922916666666667,5.996068903448699
h1_48,D1,200,AutoETS,1.7722376255435741,0.9575,12.263433970212638
h1_48,D1,200,Chronos2,1.3540259092835547,0.8094791666666667,6.039633424362854
h1_48,D1,200,Combination,1.5620289688224935,0.9519791666666667,9.694022904515887
h1_48,D1,200,SeasonalNaive,1.8224902893467556,0.9752083333333332,15.272722391945582
h1_48,D1,200,Theta,1.7811158659631772,0.955625,12.16435481233703
h1_48,D1,200,TimesFM25,1.3192849749537652,0.8098958333333333,5.882928094659857
h1_48,D1,200,TimesFM3,1.3186585272333111,0.8182291666666667,5.9087754086501425
h1_48,D2,24,AutoARIMA,1.976224861173997,0.7585416666666667,9.985298081310193
h1_48,D2,24,AutoETS,2.124423789935802,0.9123958333333333,15.40640923753145
h1_48,D2,24,Chronos2,1.7646184228096695,0.9017708333333333,9.071330470454315
h1_48,D2,24,Combination,2.0938478298067986,0.9307291666666667,12.843689524495485
h1_48,D2,24,SeasonalNaive,2.0944752814719707,0.96,15.321031686308428
h1_48,D2,24,Theta,2.5671584463754673,0.9064583333333333,16.29047169267045
h1_48,D2,24,TimesFM25,1.6902974427635333,0.801875,7.673057372306105
h1_48,D2,24,TimesFM3,1.7780005820733626,0.8885416666666667,10.218960076192639
h1_48,D2,48,AutoARIMA,1.6395344925735744,0.7997916666666667,8.996270927241609
h1_48,D2,48,AutoETS,1.962063239759277,0.9617708333333332,15.547735103729579
h1_48,D2,48,Chronos2,1.6151149107865903,0.8834375,7.97450945150225
h1_48,D2,48,Combination,1.809055055470661,0.9565625,12.970641196375515
h1_48,D2,48,SeasonalNaive,1.965019514304291,0.965,15.416407556949778
h1_48,D2,48,Theta,2.078585282083563,0.955,16.056624901000067
h1_48,D2,48,TimesFM25,1.545355304531107,0.8104166666666667,7.113053739421495
h1_48,D2,48,TimesFM3,1.5567448456709645,0.8740625,7.624094976763152
h1_48,D2,96,AutoARIMA,1.5830524991008021,0.7907291666666667,7.5291965050199625
h1_48,D2,96,AutoETS,1.960167161443849,0.9680208333333333,15.377676481929695
h1_48,D2,96,Chronos2,1.5450263912821824,0.836875,7.024682924881497
h1_48,D2,96,Combination,1.7672612444672817,0.9625,12.229955148046306
h1_48,D2,96,SeasonalNaive,1.9593539435027125,0.968125,15.316964263515088
h1_48,D2,96,Theta,1.9809427984102215,0.9655208333333333,15.370693631564079
h1_48,D2,96,TimesFM25,1.504968624977524,0.8202083333333333,6.756320859528746
h1_48,D2,96,TimesFM3,1.5211155852177103,0.8559375,7.019345822611654
h1_48,D2,200,AutoARIMA,1.4647691132338048,0.78875,6.62242467324828
h1_48,D2,200,AutoETS,2.0446179587623083,0.9698958333333333,15.472061552551736
h1_48,D2,200,Chronos2,1.4707536277786029,0.806875,6.531417271116442
h1_48,D2,200,Combination,1.7545460897726985,0.9683333333333333,11.879217664388195
h1_48,D2,200,SeasonalNaive,2.045460598902797,0.9691666666666667,15.349895022448141
h1_48,D2,200,Theta,2.046915797262137,0.9680208333333333,15.18323790644094
h1_48,D2,200,TimesFM25,1.4606413942826242,0.8029166666666667,6.451501652893166
h1_48,D2,200,TimesFM3,1.4693998854767585,0.8153125,6.501482490637431
h1_48,D3,24,AutoARIMA,13.902668954122161,0.5282291666666666,88.10105501793507
h1_48,D3,24,AutoETS,12.431102156450548,0.4696875,73.26341467910137
h1_48,D3,24,Chronos2,10.684261834952684,0.5638541666666667,59.83042400022396
h1_48,D3,24,Combination,11.545061573081657,0.5470833333333334,66.78682704644135
h1_48,D3,24,SeasonalNaive,10.33885983615514,0.461875,60.753044833461715
h1_48,D3,24,Theta,10.698954434338518,0.46625,60.30907373844847
h1_48,D3,24,TimesFM25,11.103954561117037,0.396875,71.0743415043958
h1_48,D3,24,TimesFM3,12.25503279425201,0.5055208333333333,78.32891235024033
h1_48,D3,48,AutoARIMA,12.580670741806884,0.6576041666666668,66.7904317530772
h1_48,D3,48,AutoETS,11.934059615834236,0.5665625,60.69272045756545
h1_48,D3,48,Chronos2,10.824985658537484,0.6451041666666667,50.643771594609014
h1_48,D3,48,Combination,10.975496216738867,0.6048958333333334,55.64539141684123
h1_48,D3,48,SeasonalNaive,10.239492360985645,0.4733333333333334,60.0557758430478
h1_48,D3,48,Theta,9.982820839218679,0.47177083333333336,56.40714339055071
h1_48,D3,48,TimesFM25,10.706176282122607,0.5935416666666666,55.009786907773744
h1_48,D3,48,TimesFM3,10.697917928617011,0.6086458333333333,56.98137938819644
h1_48,D3,96,AutoARIMA,10.581051863817297,0.7178125,51.906412487278686
h1_48,D3,96,AutoETS,9.897878265219429,0.6592708333333333,47.35793919910799
h1_48,D3,96,Chronos2,10.576654037366728,0.6755208333333332,49.53912279797665
h1_48,D3,96,Combination,9.687839261177624,0.6541666666666667,46.817243499848345
h1_48,D3,96,SeasonalNaive,9.822760237521484,0.4728125,55.82986800366565
h1_48,D3,96,Theta,9.812897351207626,0.4711458333333334,55.42494998739358
h1_48,D3,96,TimesFM25,10.009076808096424,0.665625,47.41447606985451
h1_48,D3,96,TimesFM3,10.498151213353148,0.6558333333333333,52.565889368735796
h1_48,D3,200,AutoARIMA,9.254907423457652,0.7565625,42.416568959762074
h1_48,D3,200,AutoETS,8.913068845850697,0.7041666666666667,42.12390077110393
h1_48,D3,200,Chronos2,10.298114726889775,0.7213541666666667,49.19679882130829
h1_48,D3,200,Combination,8.720365547726965,0.6938541666666667,40.66112312256589
h1_48,D3,200,SeasonalNaive,9.140703484238202,0.4996875,49.87713133237803
h1_48,D3,200,Theta,8.958163934840897,0.5004166666666666,48.708438100061805
h1_48,D3,200,TimesFM25,9.28190577246069,0.7240625,43.41124366159209
h1_48,D3,200,TimesFM3,9.643202043403612,0.7092708333333333,45.79565692807818
h1_48,D4,24,AutoARIMA,3.302069355132254,0.67125,15.082671766556004
h1_48,D4,24,AutoETS,4.2592021404635725,0.8853125,28.34938936725317
h1_48,D4,24,Chronos2,2.4215679008653934,0.855,11.85234336947427
h1_48,D4,24,Combination,4.039270786598572,0.924375,23.0037832827958
h1_48,D4,24,SeasonalNaive,2.153822218366825,0.6654166666666668,10.722735158584323
h1_48,D4,24,Theta,5.598830903727159,0.9103125,33.40043895337023
h1_48,D4,24,TimesFM25,2.3714470745737977,0.7180208333333333,11.28658154376794
h1_48,D4,24,TimesFM3,2.3781415597414868,0.8367708333333332,11.343556141448882
h1_48,D4,48,AutoARIMA,2.324812565871842,0.7171875,11.047253199028454
h1_48,D4,48,AutoETS,2.5965028640888623,0.47635416666666663,15.125883516389838
h1_48,D4,48,Chronos2,2.3899230951360377,0.6244791666666667,11.65616294610513
h1_48,D4,48,Combination,2.35767976387997,0.658125,11.512274971800869
h1_48,D4,48,SeasonalNaive,2.0001276425894665,0.6925,9.380483913398038
h1_48,D4,48,Theta,2.787119762261566,0.5876041666666666,14.653218033645011
h1_48,D4,48,TimesFM25,2.4159892311280378,0.6534375,11.765368406023832
h1_48,D4,48,TimesFM3,2.3241954956671838,0.7279166666666668,11.026572062133704
h1_48,D4,96,AutoARIMA,2.0205465764521238,0.8075,9.664179044037786
h1_48,D4,96,AutoETS,3.1416157821922543,0.5530208333333334,17.099740588159225
h1_48,D4,96,Chronos2,2.2371464406587065,0.7059375,10.711053800387948
h1_48,D4,96,Combination,2.605086904492186,0.7504166666666667,12.451549315958237
h1_48,D4,96,SeasonalNaive,1.9932795172978581,0.6979166666666667,9.458236770270457
h1_48,D4,96,Theta,3.5591990002150133,0.6927083333333333,18.852792737871116
h1_48,D4,96,TimesFM25,2.289687469477031,0.7392708333333333,10.398759203520749
h1_48,D4,96,TimesFM3,2.1576057800433213,0.8219791666666667,9.899859448875842
h1_48,D4,200,AutoARIMA,1.9485762279793204,0.8022916666666667,8.782375301946617
h1_48,D4,200,AutoETS,2.0653750954278194,0.7322916666666667,10.051588632279932
h1_48,D4,200,Chronos2,2.333492450267734,0.7014583333333333,10.753972678028886
h1_48,D4,200,Combination,2.4296357499404233,0.85375,12.223421095835532
h1_48,D4,200,SeasonalNaive,2.0315048144925156,0.68,9.561198483880716
h1_48,D4,200,Theta,4.581480106857342,0.7386458333333333,25.25115631538454
h1_48,D4,200,TimesFM25,2.289508650764032,0.7653125,10.377461088411808
h1_48,D4,200,TimesFM3,2.2039930486803394,0.815,9.898803532864534
h1_48,D5,24,AutoARIMA,2.9110436578845547,0.5264583333333334,15.124461501927899
h1_48,D5,24,AutoETS,4.127858668728626,0.9076041666666668,22.322274469612235
h1_48,D5,24,Chronos2,2.2617866848639165,0.8429166666666668,9.28220273051281
h1_48,D5,24,Combination,3.9109887129219483,0.856875,17.98223241786244
h1_48,D5,24,SeasonalNaive,2.4139702121381528,0.5797916666666666,11.659087577560495
h1_48,D5,24,Theta,5.062588174069649,0.8778125,24.43992552478126
h1_48,D5,24,TimesFM25,2.4880550429840174,0.5494791666666666,12.697208361172855
h1_48,D5,24,TimesFM3,2.404508213768332,0.7792708333333332,10.623316408542358
h1_48,D5,48,AutoARIMA,1.3595866459525086,0.7032291666666667,7.298249659862631
h1_48,D5,48,AutoETS,1.641171000987966,0.4509375,10.050638368136255
h1_48,D5,48,Chronos2,1.56114977481552,0.6730208333333333,8.144814991430753
h1_48,D5,48,Combination,1.4501304247417812,0.6698958333333332,7.948722761455603
h1_48,D5,48,SeasonalNaive,2.433992931578169,0.5532291666666667,11.474226402255773
h1_48,D5,48,Theta,1.7842863793627441,0.6077083333333334,10.463555932363096
h1_48,D5,48,TimesFM25,2.257877465368753,0.5386458333333334,11.080024094651733
h1_48,D5,48,TimesFM3,1.9582668942943116,0.7205208333333333,8.968914491191244
h1_48,D5,96,AutoARIMA,1.3256659483637754,0.6467708333333333,6.9407732095550205
h1_48,D5,96,AutoETS,1.4986345976507693,0.48875,8.743208341868668
h1_48,D5,96,Chronos2,1.5749899449688975,0.6007291666666666,8.262693817087198
h1_48,D5,96,Combination,1.3317344050083613,0.6295833333333334,6.8537029443900135
h1_48,D5,96,SeasonalNaive,2.2223207668131413,0.606875,10.152434789857153
h1_48,D5,96,Theta,1.4515611347996054,0.6167708333333334,7.449964532529585
h1_48,D5,96,TimesFM25,1.87578216493664,0.7003125,8.461541716327947
h1_48,D5,96,TimesFM3,1.5453137173081524,0.7607291666666667,7.351293198669632
h1_48,D5,200,AutoARIMA,1.2249863193207933,0.7114583333333333,6.142248095027023
h1_48,D5,200,AutoETS,1.4027288403032847,0.5639583333333333,7.668050402534075
h1_48,D5,200,Chronos2,1.3980771600599875,0.638125,7.196361356717272
h1_48,D5,200,Combination,1.2808512277927853,0.6922916666666667,6.242457895965784
h1_48,D5,200,SeasonalNaive,2.264070473673214,0.5822916666666667,10.063528348624278
h1_48,D5,200,Theta,1.6004193317066395,0.6280208333333334,7.702453640921808
h1_48,D5,200,TimesFM25,1.5588206072348445,0.7502083333333333,7.159225876433471
h1_48,D5,200,TimesFM3,1.4638328884215575,0.6466666666666667,7.089754488508528
h1_48,D6,24,AutoARIMA,1.040321373245869,0.9951041666666667,19.71378629503181
h1_48,D6,24,AutoETS,0.9472197217141383,0.9997916666666667,17.91042223869892
h1_48,D6,24,Chronos2,2.9186713755524405,0.9369791666666667,10.592357068938853
h1_48,D6,24,Combination,1.678296662606745,0.9975,18.59943394915217
h1_48,D6,24,SeasonalNaive,0.9864474121563519,0.9996875,19.79011567259775
h1_48,D6,24,Theta,4.495936951584201,0.998125,18.438613269928748
h1_48,D6,24,TimesFM25,1.128449793929612,0.9544791666666668,7.606470062435167
h1_48,D6,24,TimesFM3,1.4713747174678609,0.8933333333333333,10.905948801714691
h1_48,D6,48,AutoARIMA,1.1825264375154185,0.9883333333333333,16.58126832416523
h1_48,D6,48,AutoETS,1.0723041707293728,0.9989583333333333,14.390226236920636
h1_48,D6,48,Chronos2,1.3850161467890836,0.9152083333333333,10.035343570069212
h1_48,D6,48,Combination,1.3875226551966586,0.9984375,15.101376285989783
h1_48,D6,48,SeasonalNaive,1.1305905898141098,0.9988541666666667,18.4433196043136
h1_48,D6,48,Theta,2.7222426558776607,0.9963541666666668,14.583744471195383
h1_48,D6,48,TimesFM25,1.1025651740886209,0.9389583333333333,7.535442189914745
h1_48,D6,48,TimesFM3,1.217108311428503,0.8827083333333333,8.367563645227362
h1_48,D6,96,AutoARIMA,1.1835056677943738,0.991875,11.185887372075438
h1_48,D6,96,AutoETS,1.1450844541979213,0.995,10.90558938230047
h1_48,D6,96,Chronos2,1.225261454720495,0.7686458333333333,8.989679342790916
h1_48,D6,96,Combination,1.2096384147154213,0.9941666666666668,10.943787683763675
h1_48,D6,96,SeasonalNaive,1.2215198658182678,0.9960416666666667,17.070514827414744
h1_48,D6,96,Theta,1.6523814565738235,0.9895833333333333,10.800966532960093
h1_48,D6,96,TimesFM25,1.476769671784343,0.9073958333333333,7.988411083635391
h1_48,D6,96,TimesFM3,1.330425273871624,0.8495833333333332,7.9110322350210565
h1_48,D6,200,AutoARIMA,1.2717822196800275,0.9759375,8.350515001219758
h1_48,D6,200,AutoETS,1.1748008761588173,0.9858333333333333,8.332045693532262
h1_48,D6,200,Chronos2,1.2202223061252349,0.7983333333333333,8.354735356255093
h1_48,D6,200,Combination,1.2076898617411709,0.98125,8.262859024345753
h1_48,D6,200,SeasonalNaive,1.3412872260474513,0.9948958333333333,16.229273432789938
h1_48,D6,200,Theta,1.291322516195607,0.9727083333333333,8.203809118356695
h1_48,D6,200,TimesFM25,1.1293091071945358,0.8545833333333333,5.4229443602498995
h1_48,D6,200,TimesFM3,1.1932646234680504,0.8091666666666667,5.632036337265492
h1_48,D7,24,AutoARIMA,14.71758135599191,0.07541666666666667,121.90721378784279
h1_48,D7,24,AutoETS,13.445219225776919,0.28239583333333335,105.42132226939499
h1_48,D7,24,Chronos2,20.049668606416628,0.11958333333333333,120.42279821735889
h1_48,D7,24,Combination,15.399562466834347,0.0875,120.78030336798479
h1_48,D7,24,SeasonalNaive,21.58139398244994,0.09895833333333334,157.15629357807765
h1_48,D7,24,Theta,18.15999948764076,0.04625,157.99592336076495
h1_48,D7,24,TimesFM25,22.493498752438967,0.060625,181.6592989788206
h1_48,D7,24,TimesFM3,14.952969653455526,0.05822916666666667,131.7438412922971
h1_48,D7,48,AutoARIMA,12.306507967380695,0.14447916666666666,92.70691680197302
h1_48,D7,48,AutoETS,4.315843042448361,0.7794791666666667,24.703099843500553
h1_48,D7,48,Chronos2,10.403788745985093,0.6910416666666667,36.05854474868991
h1_48,D7,48,Combination,10.565127961674072,0.16291666666666668,59.855458345767275
h1_48,D7,48,SeasonalNaive,20.799986242440017,0.05572916666666667,148.5461734286513
h1_48,D7,48,Theta,17.70586323447806,0.02583333333333333,140.17012690989276
h1_48,D7,48,TimesFM25,18.266013336723987,0.0871875,119.45836999402127
h1_48,D7,48,TimesFM3,15.431764785640521,0.32104166666666667,87.09291304841764
h1_48,D7,96,AutoARIMA,11.874357791448212,0.32885416666666667,55.33769078288252
h1_48,D7,96,AutoETS,12.071449892910044,0.2601041666666667,63.934200063474655
h1_48,D7,96,Chronos2,5.83057238262825,0.9509375,26.714186014513924
h1_48,D7,96,Combination,5.734968398331236,0.7485416666666667,21.178919565053565
h1_48,D7,96,SeasonalNaive,11.683583210911841,0.07,56.851045226863164
h1_48,D7,96,Theta,8.276338664701138,0.10520833333333333,34.99922323769317
h1_48,D7,96,TimesFM25,4.577850613704115,0.9835416666666668,30.125298507773024
h1_48,D7,96,TimesFM3,7.489057425817412,0.9579166666666667,41.57148969716045
h1_48,D7,200,AutoARIMA,2.512980280474822,0.9575,16.222984427633413
h1_48,D7,200,AutoETS,2.348233110660696,0.9572916666666668,15.033945471140878
h1_48,D7,200,Chronos2,5.301919297262441,0.6755208333333332,23.374702012952852
h1_48,D7,200,Combination,2.2201334497689835,0.9748958333333333,13.540336397259878
h1_48,D7,200,SeasonalNaive,1.1083606728568942,0.9948958333333333,15.079912558191145
h1_48,D7,200,Theta,2.729747066784483,0.9486458333333333,9.770881503824722
h1_48,D7,200,TimesFM25,12.218874793113269,0.5383333333333333,50.497963604411986
h1_48,D7,200,TimesFM3,8.369124005874879,0.7315625,31.420133794005697
h1_48,D8,24,AutoARIMA,1.0071019689718377,0.83625,4.962045495211134
h1_48,D8,24,AutoETS,1.1744302671204163,0.8539583333333333,5.5750800361805775
h1_48,D8,24,Chronos2,0.7585358867695953,0.8666666666666667,4.152661710254285
h1_48,D8,24,Combination,1.0571934266369192,0.85,5.182057364667311
h1_48,D8,24,SeasonalNaive,1.0318103077921348,0.99,18.934053867480998
h1_48,D8,24,Theta,1.0871990128349713,0.8597916666666667,5.3814214149235715
h1_48,D8,24,TimesFM25,0.7794136359737539,0.8632291666666667,4.043423356968706
h1_48,D8,24,TimesFM3,0.7952770507510359,0.9178125,4.574096625860143
h1_48,D8,48,AutoARIMA,0.973489952204133,0.8347916666666667,4.547793152133921
h1_48,D8,48,AutoETS,0.9947058616338663,0.8364583333333333,4.649243480967915
h1_48,D8,48,Chronos2,0.7107687739831832,0.8065625,3.7236024690607934
h1_48,D8,48,Combination,0.9790130751014638,0.848125,4.59836110929724
h1_48,D8,48,SeasonalNaive,1.0375760416977635,0.9929166666666667,19.25544353950819
h1_48,D8,48,Theta,0.9888422913937935,0.866875,4.797170866364759
h1_48,D8,48,TimesFM25,0.7194561451332585,0.8745833333333333,3.6817976934000187
h1_48,D8,48,TimesFM3,0.735796904215767,0.8485416666666667,4.700301504500162
h1_48,D8,96,AutoARIMA,0.9077348900070282,0.8540625,4.06149315984909
h1_48,D8,96,AutoETS,0.957918981909382,0.8494791666666667,4.359561357322088
h1_48,D8,96,Chronos2,0.6461717958680953,0.8333333333333333,3.2791445411931592
h1_48,D8,96,Combination,0.9209580112234902,0.8557291666666668,4.18180580623999
h1_48,D8,96,SeasonalNaive,0.9740607635283466,0.9917708333333333,18.841203344032273
h1_48,D8,96,Theta,0.9085118560603026,0.8703125,4.275662634984253
h1_48,D8,96,TimesFM25,0.6482342588737252,0.8805208333333333,3.259495827708437
h1_48,D8,96,TimesFM3,0.6518473339837988,0.8448958333333333,3.286347083526499
h1_48,D8,200,AutoARIMA,0.9323504492112272,0.841875,4.161676080285982
h1_48,D8,200,AutoETS,0.9320979174346894,0.8436458333333333,4.157808640930205
h1_48,D8,200,Chronos2,0.6817248183331117,0.8407291666666667,3.28616535883246
h1_48,D8,200,Combination,0.9350347762047138,0.8504166666666667,4.186433586994397
h1_48,D8,200,SeasonalNaive,1.0189995824649238,0.9907291666666667,18.86721608335204
h1_48,D8,200,Theta,0.9422529647892415,0.865,4.292834918801512
h1_48,D8,200,TimesFM25,0.680080869781009,0.880625,3.30715541913918
h1_48,D8,200,TimesFM3,0.6804611319920534,0.82625,3.2847278440620915
h1_48,D9,24,AutoARIMA,1.4589052533106202,0.7434375,8.478857607450117
h1_48,D9,24,AutoETS,1.5865786719609705,0.8190625,10.49271821089122
h1_48,D9,24,Chronos2,1.38895639388858,0.883125,7.26784845690269
h1_48,D9,24,Combination,1.5789030630806624,0.84875,9.387491883427078
h1_48,D9,24,SeasonalNaive,1.6486311031537833,0.976875,15.112215018664829
h1_48,D9,24,Theta,1.9511679079214828,0.8219791666666667,11.12582860141639
h1_48,D9,24,TimesFM25,1.3423988713622652,0.8130208333333333,6.427992060927743
h1_48,D9,24,TimesFM3,1.3708051360485198,0.8614583333333333,7.430724262153716
h1_48,D9,48,AutoARIMA,1.2986707922510776,0.7748958333333333,6.726253787172844
h1_48,D9,48,AutoETS,1.5845738513505605,0.89,10.156864930654551
h1_48,D9,48,Chronos2,1.3295348068454478,0.8573958333333332,6.521963249791048
h1_48,D9,48,Combination,1.4560078539323564,0.8936458333333333,8.764040236291864
h1_48,D9,48,SeasonalNaive,1.718398895955122,0.9780208333333333,15.32589021578123
h1_48,D9,48,Theta,1.6546349700151692,0.8932291666666667,10.533302451313695
h1_48,D9,48,TimesFM25,1.2759573883271074,0.8088541666666668,5.942210600591896
h1_48,D9,48,TimesFM3,1.3030286651723904,0.8502083333333332,6.199978139345177
h1_48,D9,96,AutoARIMA,1.1644690089130092,0.80125,5.590165452980371
h1_48,D9,96,AutoETS,1.4482904771320186,0.9458333333333333,10.306882546470227
h1_48,D9,96,Chronos2,1.2287301284422525,0.8409375,5.70900731122694
h1_48,D9,96,Combination,1.3166396229076718,0.9383333333333332,8.40262519150427
h1_48,D9,96,SeasonalNaive,1.5551707289613548,0.9839583333333333,15.340491893063808
h1_48,D9,96,Theta,1.4766909185913426,0.9458333333333333,10.369544600337834
h1_48,D9,96,TimesFM25,1.191115590656367,0.8377083333333333,5.499540293068548
h1_48,D9,96,TimesFM3,1.1839126792390282,0.8551041666666667,5.557655559049331
h1_48,D9,200,AutoARIMA,1.194401692864596,0.7844791666666667,5.504752304897982
h1_48,D9,200,AutoETS,1.5579421046584927,0.9504166666666667,10.583037473003817
h1_48,D9,200,Chronos2,1.201795781255797,0.7813541666666667,5.592062423963447
h1_48,D9,200,Combination,1.3738680447247718,0.9448958333333333,8.432842957732051
h1_48,D9,200,SeasonalNaive,1.647264598413556,0.9815625,15.481566782608347
h1_48,D9,200,Theta,1.5642448014712793,0.9520833333333333,10.577495107503127
h1_48,D9,200,TimesFM25,1.1982792146332486,0.788125,5.518565682129929
h1_48,D9,200,TimesFM3,1.2007231475737787,0.7970833333333333,5.541086727282995
h25_48,D1,24,AutoARIMA,1.7151635629269157,0.7658333333333333,11.15132483273668
h25_48,D1,24,AutoETS,1.8860618760287098,0.898125,15.298871182395104
h25_48,D1,24,Chronos2,1.6021840815158486,0.9277083333333332,8.584466491185276
h25_48,D1,24,Combination,1.9429415164623407,0.9254166666666667,13.161896550557636
h25_48,D1,24,SeasonalNaive,1.857698028149464,0.9991666666666668,19.16250380990371
h25_48,D1,24,Theta,2.636940557723436,0.901875,16.307809219379234
h25_48,D1,24,TimesFM25,1.5649411118201302,0.8425,7.145691486792579
h25_48,D1,24,TimesFM3,1.5439417456778,0.9152083333333333,8.607753358840407
h25_48,D1,48,AutoARIMA,1.4930310518611898,0.8085416666666667,9.03751188777094
h25_48,D1,48,AutoETS,1.799412435135305,0.9685416666666667,14.905132818995362
h25_48,D1,48,Chronos2,1.5599214933368566,0.8927083333333333,7.522882327746097
h25_48,D1,48,Combination,1.6888132246483725,0.9702083333333333,12.664855244861284
h25_48,D1,48,SeasonalNaive,1.8305141327394836,0.9997916666666667,19.218020372803196
h25_48,D1,48,Theta,1.977529999911856,0.971875,15.55152877576645
h25_48,D1,48,TimesFM25,1.4324459741139883,0.825,6.391446608495935
h25_48,D1,48,TimesFM3,1.4284588576205517,0.8910416666666667,6.8008388291636575
h25_48,D1,96,AutoARIMA,1.4734187326149597,0.7914583333333333,7.22390050197235
h25_48,D1,96,AutoETS,1.7924809284206205,0.9920833333333333,14.994400411404976
h25_48,D1,96,Chronos2,1.5777351142514229,0.8364583333333333,7.144143057472406
h25_48,D1,96,Combination,1.6361363627784247,0.9860416666666667,11.853333076440547
h25_48,D1,96,SeasonalNaive,1.858827697819517,1.0,19.261992985866186
h25_48,D1,96,Theta,1.8409504695665362,0.989375,15.061244536937474
h25_48,D1,96,TimesFM25,1.4262624527066239,0.8285416666666667,6.418433013351185
h25_48,D1,96,TimesFM3,1.4297548662504551,0.859375,6.5826875995353795
h25_48,D1,200,AutoARIMA,1.367955164508761,0.791875,6.146993060403735
h25_48,D1,200,AutoETS,1.8227145077087317,0.9960416666666667,15.148732679565672
h25_48,D1,200,Chronos2,1.3873434716548139,0.81375,6.171062494730255
h25_48,D1,200,Combination,1.6047316287675226,0.990625,11.557956013238286
h25_48,D1,200,SeasonalNaive,1.878520208520571,0.9997916666666667,19.337391119760287
h25_48,D1,200,Theta,1.8369376246069329,0.995625,15.011486633759311
h25_48,D1,200,TimesFM25,1.3460047504997403,0.8095833333333333,5.986335616286907
h25_48,D1,200,TimesFM3,1.3467973847080175,0.821875,6.030717113375399
h25_48,D2,24,AutoARIMA,2.1074818396939223,0.7727083333333333,11.250903469189376
h25_48,D2,24,AutoETS,2.211992612648728,0.945625,19.19386066750043
h25_48,D2,24,Chronos2,1.7792975606783892,0.9372916666666667,9.838272732482281
h25_48,D2,24,Combination,2.2434201664545723,0.97625,15.774608241851833
h25_48,D2,24,SeasonalNaive,2.1438472680589675,0.9977083333333333,19.13189271446803
h25_48,D2,24,Theta,2.9073265484686353,0.951875,20.717267917209252
h25_48,D2,24,TimesFM25,1.674021742171753,0.831875,7.710674106659781
h25_48,D2,24,TimesFM3,1.8003580307840203,0.9270833333333333,11.581048205026644
h25_48,D2,48,AutoARIMA,1.6469711507199536,0.815625,9.851297969574219
h25_48,D2,48,AutoETS,1.9851920080758327,0.994375,19.46165087400444
h25_48,D2,48,Chronos2,1.606410355840609,0.924375,8.477253894837038
h25_48,D2,48,Combination,1.8365030564806677,0.9920833333333333,15.986883986052945
h25_48,D2,48,SeasonalNaive,1.9871442444724794,0.998125,19.30712224770485
h25_48,D2,48,Theta,2.1721621793398502,0.9929166666666667,20.481200856650823
h25_48,D2,48,TimesFM25,1.5398029799566433,0.8327083333333333,7.121944374452997
h25_48,D2,48,TimesFM3,1.553914943210133,0.90625,7.963780467072769
h25_48,D2,96,AutoARIMA,1.6175263694449893,0.8010416666666668,8.069825076470247
h25_48,D2,96,AutoETS,2.0146116402482197,0.998125,19.364047404138734
h25_48,D2,96,Chronos2,1.571099775548528,0.859375,7.242447821571551
h25_48,D2,96,Combination,1.8176746945235644,0.9954166666666667,15.01297654272639
h25_48,D2,96,SeasonalNaive,2.013329094449963,0.999375,19.287700001840523
h25_48,D2,96,Theta,2.0490624195165967,0.9979166666666667,19.4575629322094
h25_48,D2,96,TimesFM25,1.5203976325645214,0.8316666666666667,6.849770946308362
h25_48,D2,96,TimesFM3,1.5411635968520812,0.8729166666666667,7.258549911203623
h25_48,D2,200,AutoARIMA,1.5120018601975977,0.7825,6.912386658679944
h25_48,D2,200,AutoETS,2.105946130058247,0.9991666666666668,19.468950244087875
h25_48,D2,200,Chronos2,1.5147468456768847,0.8070833333333333,6.711682683796061
h25_48,D2,200,Combination,1.810076698566582,0.996875,14.520757521445304
h25_48,D2,200,SeasonalNaive,2.106688646905552,0.999375,19.291696388124677
h25_48,D2,200,Theta,2.110436014292379,0.998125,19.113815309831963
h25_48,D2,200,TimesFM25,1.5084498742885055,0.7960416666666668,6.65342033945983
h25_48,D2,200,TimesFM3,1.5121843149784922,0.811875,6.6773071162613675
h25_48,D3,24,AutoARIMA,19.386356724783262,0.49916666666666665,128.12101471391455
h25_48,D3,24,AutoETS,17.211507613347266,0.4429166666666666,102.79995861516109
h25_48,D3,24,Chronos2,14.358090959195302,0.52375,81.80116905662273
h25_48,D3,24,Combination,15.81385025098001,0.5414583333333334,93.31487333582508
h25_48,D3,24,SeasonalNaive,14.015937258436516,0.40520833333333334,83.30226550803543
h25_48,D3,24,Theta,14.483478123023001,0.44708333333333333,81.86943821522715
h25_48,D3,24,TimesFM25,14.990698450461943,0.32583333333333336,97.64583187096048
h25_48,D3,24,TimesFM3,17.204071792039798,0.45333333333333337,113.03318897313184
h25_48,D3,48,AutoARIMA,17.408052472025798,0.6372916666666666,95.51473293141474
h25_48,D3,48,AutoETS,16.388932313942234,0.5429166666666666,82.67050748275254
h25_48,D3,48,Chronos2,14.83880447444247,0.5910416666666667,69.07251642812906
h25_48,D3,48,Combination,14.889781773555749,0.594375,75.93474119588961
h25_48,D3,48,SeasonalNaive,13.728530265881064,0.423125,81.5075686994536
h25_48,D3,48,Theta,13.285181357198772,0.42895833333333333,74.60731697160908
h25_48,D3,48,TimesFM25,14.404663837853874,0.5170833333333333,75.60987074304938
h25_48,D3,48,TimesFM3,14.491365517319503,0.556875,79.06283947343958
h25_48,D3,96,AutoARIMA,14.589294886004566,0.6897916666666667,73.01195344735612
h25_48,D3,96,AutoETS,13.508773926473555,0.653125,64.95514173735057
h25_48,D3,96,Chronos2,14.624408979634232,0.6270833333333333,68.7985345251259
h25_48,D3,96,Combination,13.174134174318196,0.6289583333333334,64.02413462062687
h25_48,D3,96,SeasonalNaive,13.317658994591389,0.419375,76.98712493302698
h25_48,D3,96,Theta,13.269375145012466,0.41791666666666666,75.346687309945
h25_48,D3,96,TimesFM25,13.699632227022908,0.5935416666666666,65.63090052990827
h25_48,D3,96,TimesFM3,14.377037757635506,0.5941666666666666,73.40076231936348
h25_48,D3,200,AutoARIMA,12.334176440811785,0.7514583333333333,56.45529362471441
h25_48,D3,200,AutoETS,11.78458050871506,0.7264583333333333,55.74320250042059
h25_48,D3,200,Chronos2,13.999666251137016,0.7185416666666667,66.9506353705529
h25_48,D3,200,Combination,11.467186828386364,0.703125,53.216078826835016
h25_48,D3,200,SeasonalNaive,12.031820530962177,0.4725,66.13996007278152
h25_48,D3,200,Theta,11.711220119454211,0.48458333333333337,63.737885188927706
h25_48,D3,200,TimesFM25,12.379851085844637,0.70375,58.16251790648497
h25_48,D3,200,TimesFM3,12.889574251152666,0.6804166666666667,61.69773677007213
h25_48,D4,24,AutoARIMA,4.034773727687262,0.6216666666666666,18.853879236509
h25_48,D4,24,AutoETS,4.703790215141068,0.9397916666666667,34.9335934147794
h25_48,D4,24,Chronos2,3.0908774476224603,0.8254166666666667,14.892917117193956
h25_48,D4,24,Combination,4.713205790257799,0.9847916666666667,28.21309818978188
h25_48,D4,24,SeasonalNaive,2.863751939542978,0.60375,14.632901266711537
h25_48,D4,24,Theta,6.655562710391218,0.995,41.945349339443
h25_48,D4,24,TimesFM25,3.070457963963255,0.6370833333333333,14.894169131678693
h25_48,D4,24,TimesFM3,3.0623481131423813,0.7985416666666667,14.454155699803666
h25_48,D4,48,AutoARIMA,3.1773966283173976,0.7154166666666667,15.322810045311996
h25_48,D4,48,AutoETS,3.158030121209437,0.4189583333333334,19.438099214530236
h25_48,D4,48,Chronos2,3.0235874738513844,0.5935416666666666,15.053829023734757
h25_48,D4,48,Combination,2.9816560156354446,0.6539583333333333,14.837691821155929
h25_48,D4,48,SeasonalNaive,2.6121586411906925,0.639375,12.438212746306759
h25_48,D4,48,Theta,3.3238510728209354,0.6066666666666667,17.78864898129159
h25_48,D4,48,TimesFM25,3.054180214234096,0.59875,15.26742268178888
h25_48,D4,48,TimesFM3,2.984052867717689,0.6822916666666667,14.432305418315504
h25_48,D4,96,AutoARIMA,2.7655074198790994,0.815625,13.514784197105698
h25_48,D4,96,AutoETS,3.625352910483839,0.5179166666666667,20.55198270549597
h25_48,D4,96,Chronos2,2.8844676622467187,0.6664583333333333,14.041791935024534
h25_48,D4,96,Combination,3.1115229203316512,0.7741666666666667,15.127311404938729
h25_48,D4,96,SeasonalNaive,2.607121976889422,0.6447916666666668,12.607801355591823
h25_48,D4,96,Theta,3.9837569402629476,0.7314583333333333,21.87220855474777
h25_48,D4,96,TimesFM25,2.9582027960048616,0.7041666666666667,13.572054615843424
h25_48,D4,96,TimesFM3,2.833635765440066,0.8070833333333333,12.976745323993164
h25_48,D4,200,AutoARIMA,2.625422267421891,0.8095833333333333,11.910549926678373
h25_48,D4,200,AutoETS,2.660431996248011,0.6625,12.807668143935373
h25_48,D4,200,Chronos2,2.9838596438301552,0.67625,14.004841123325075
h25_48,D4,200,Combination,2.9059799004605265,0.8652083333333332,15.053750736298852
h25_48,D4,200,SeasonalNaive,2.6234716881253797,0.6370833333333333,12.587879381996412
h25_48,D4,200,Theta,4.883379090327785,0.7735416666666667,29.103943188597047
h25_48,D4,200,TimesFM25,2.989230436964663,0.7472916666666667,13.59199558182916
h25_48,D4,200,TimesFM3,2.874741835457715,0.813125,12.96902956576455
h25_48,D5,24,AutoARIMA,3.8129907230862425,0.435625,20.465043895738944
h25_48,D5,24,AutoETS,4.890108097423751,0.9964583333333333,27.06041332356136
h25_48,D5,24,Chronos2,3.0962999625953467,0.790625,12.01281581512764
h25_48,D5,24,Combination,4.889398096921798,0.946875,21.68593071308071
h25_48,D5,24,SeasonalNaive,3.2938337926617787,0.474375,16.37870927767532
h25_48,D5,24,Theta,6.372826593529274,0.993125,30.14301013471817
h25_48,D5,24,TimesFM25,3.4130803599692423,0.39395833333333335,18.26466692598573
h25_48,D5,24,TimesFM3,3.2754011338925046,0.698125,14.04458210846925
h25_48,D5,48,AutoARIMA,1.793269692616005,0.6735416666666667,10.025062515333634
h25_48,D5,48,AutoETS,2.249179013563725,0.3154166666666667,14.612295999297665
h25_48,D5,48,Chronos2,2.091037914637928,0.6314583333333333,11.243962732764777
h25_48,D5,48,Combination,1.9306044226073036,0.6239583333333334,10.974301315490646
h25_48,D5,48,SeasonalNaive,3.313036128372431,0.4485416666666666,16.266733327595965
h25_48,D5,48,Theta,2.340843281014326,0.5754166666666667,14.365530874814516
h25_48,D5,48,TimesFM25,3.170920044795587,0.41333333333333333,16.112867706600824
h25_48,D5,48,TimesFM3,2.720944301740307,0.6522916666666667,12.576093637069166
h25_48,D5,96,AutoARIMA,1.7337224369673023,0.60625,9.541143913828853
h25_48,D5,96,AutoETS,2.013211491392696,0.37895833333333334,12.462572576745721
h25_48,D5,96,Chronos2,2.11852241753522,0.5610416666666667,11.370224375110588
h25_48,D5,96,Combination,1.7643067596744344,0.5697916666666667,9.411820732278114
h25_48,D5,96,SeasonalNaive,3.0106331526364567,0.5058333333333334,14.238802612061187
h25_48,D5,96,Theta,1.9498252664208104,0.5583333333333333,10.307506125760442
h25_48,D5,96,TimesFM25,2.6373938239998824,0.638125,11.991599952339026
h25_48,D5,96,TimesFM3,2.100549641816432,0.7214583333333333,10.110195665796256
h25_48,D5,200,AutoARIMA,1.6619022898389344,0.6572916666666667,8.681546550241167
h25_48,D5,200,AutoETS,1.9365677977822224,0.45729166666666665,11.219766589452188
h25_48,D5,200,Chronos2,1.918167743513156,0.5775,10.214730443551236
h25_48,D5,200,Combination,1.7536804723762263,0.6177083333333333,8.814796704670089
h25_48,D5,200,SeasonalNaive,3.114832637918747,0.45291666666666663,14.363802304537174
h25_48,D5,200,Theta,2.2211062779494792,0.5472916666666666,10.897734669473174
h25_48,D5,200,TimesFM25,2.201407140846011,0.6835416666666667,10.190492387960465
h25_48,D5,200,TimesFM3,2.0304432062744353,0.57,10.15042486833991
h25_48,D6,24,AutoARIMA,1.1918460132614384,0.995,25.413154648989053
h25_48,D6,24,AutoETS,1.066965367074109,1.0,22.85970233765129
h25_48,D6,24,Chronos2,3.5562929325405634,0.94125,11.523403986818227
h25_48,D6,24,Combination,2.3175037640064535,0.9958333333333332,24.096797671027957
h25_48,D6,24,SeasonalNaive,1.1092030868478744,1.0,25.391433083676066
h25_48,D6,24,Theta,6.690757142144975,0.9985416666666667,24.425360988352285
h25_48,D6,24,TimesFM25,1.4264968202798525,0.95625,9.244112063744872
h25_48,D6,24,TimesFM3,1.9234912326413676,0.898125,14.085695803621565
h25_48,D6,48,AutoARIMA,1.3464468194316312,0.9852083333333332,21.31298494880907
h25_48,D6,48,AutoETS,1.198102821477769,1.0,18.28660355684186
h25_48,D6,48,Chronos2,1.744547510043285,0.9239583333333333,11.548836190399982
h25_48,D6,48,Combination,1.716940800946594,0.999375,19.36036276639739
h25_48,D6,48,SeasonalNaive,1.2527235066357287,1.0,23.66121190714092
h25_48,D6,48,Theta,3.8754270711625605,0.9972916666666667,18.913193878237177
h25_48,D6,48,TimesFM25,1.3046943210962199,0.9479166666666667,9.490134160598082
h25_48,D6,48,TimesFM3,1.4708930702892058,0.889375,10.810685518260094
h25_48,D6,96,AutoARIMA,1.3297155096650273,0.9952083333333333,14.142929866049014
h25_48,D6,96,AutoETS,1.2799496771468855,1.0,13.721451715555773
h25_48,D6,96,Chronos2,1.452398553395075,0.760625,11.60198369660111
h25_48,D6,96,Combination,1.3842670121450393,0.9985416666666667,13.820615050744664
h25_48,D6,96,SeasonalNaive,1.34297259923658,1.0,21.873353649965924
h25_48,D6,96,Theta,2.12695264837059,0.9945833333333333,13.70507138423472
h25_48,D6,96,TimesFM25,1.7957523705951643,0.908125,9.675537527419536
h25_48,D6,96,TimesFM3,1.5473736963502256,0.8541666666666667,9.843484326918054
h25_48,D6,200,AutoARIMA,1.4864411315680557,0.9872916666666667,10.349534272461177
h25_48,D6,200,AutoETS,1.34070615703283,0.9975,10.310453568619963
h25_48,D6,200,Chronos2,1.458871163035293,0.7820833333333332,11.201945945553078
h25_48,D6,200,Combination,1.3847019933148794,0.9935416666666668,10.236431862854698
h25_48,D6,200,SeasonalNaive,1.5093641728258536,1.0,20.782251076055495
h25_48,D6,200,Theta,1.51834207457716,0.9825,10.186430196888976
h25_48,D6,200,TimesFM25,1.3052413990705076,0.8575,6.4859206995070675
h25_48,D6,200,TimesFM3,1.4024381125043328,0.8,6.778215884337979
h25_48,D7,24,AutoARIMA,22.29988811418012,0.0,191.02668369216212
h25_48,D7,24,AutoETS,20.229856285059984,0.26208333333333333,162.98895232862418
h25_48,D7,24,Chronos2,30.51593827901771,0.00020833333333333332,190.0675746719058
h25_48,D7,24,Combination,23.266535896207134,0.02625,186.78921282620288
h25_48,D7,24,SeasonalNaive,32.66771417858929,0.0,250.0258122909605
h25_48,D7,24,Theta,27.393061330432673,0.0,245.59290528037548
h25_48,D7,24,TimesFM25,33.84422708595104,0.0,283.08084047694217
h25_48,D7,24,TimesFM3,22.54590023406099,0.0,205.06733690555012
h25_48,D7,48,AutoARIMA,16.80795183284951,0.120625,129.63199379770225
h25_48,D7,48,AutoETS,5.475907636891422,0.9352083333333333,34.982229457440056
h25_48,D7,48,Chronos2,14.719259909968311,0.7525,50.15558697396507
h25_48,D7,48,Combination,14.095293573743332,0.18375,75.83358902825431
h25_48,D7,48,SeasonalNaive,29.481148791095414,0.0,217.90446550577573
h25_48,D7,48,Theta,24.67492139273626,0.0,198.34122533959805
h25_48,D7,48,TimesFM25,26.440429232969876,0.0,177.69359121712603
h25_48,D7,48,TimesFM3,21.266976877276143,0.31,120.48891710064018
h25_48,D7,96,AutoARIMA,19.782202304861897,0.103125,93.78746973249358
h25_48,D7,96,AutoETS,20.06353075308418,0.06229166666666667,108.31363383248228
h25_48,D7,96,Chronos2,9.153934738447361,0.9897916666666667,42.106676702089935
h25_48,D7,96,Combination,9.979147941732803,0.56,34.6873854946524
h25_48,D7,96,SeasonalNaive,15.116894576437502,0.0,73.48370633962968
h25_48,D7,96,Theta,9.92294065222797,0.115625,35.038465847908526
h25_48,D7,96,TimesFM25,6.799019191046341,0.9864583333333333,44.510870719678344
h25_48,D7,96,TimesFM3,11.693085080250306,0.964375,66.60463440137714
h25_48,D7,200,AutoARIMA,3.5808879044768576,0.996875,24.92204810415519
h25_48,D7,200,AutoETS,3.3248111891972165,0.9954166666666667,22.97555257400263
h25_48,D7,200,Chronos2,8.702191356451845,0.615,38.44666846436343
h25_48,D7,200,Combination,3.162711959445108,0.9966666666666667,19.98475126577738
h25_48,D7,200,SeasonalNaive,1.1800371557939764,1.0,19.324121330979924
h25_48,D7,200,Theta,4.063668831031845,0.9241666666666667,12.46220743232875
h25_48,D7,200,TimesFM25,20.148182232464254,0.33645833333333336,84.10779876712853
h25_48,D7,200,TimesFM3,13.480557802402961,0.7120833333333333,48.226519247936466
h25_48,D8,24,AutoARIMA,1.016566142448812,0.8416666666666667,5.095259526682986
h25_48,D8,24,AutoETS,1.2618859581295288,0.856875,5.784219910246753
h25_48,D8,24,Chronos2,0.7573047425088114,0.878125,4.209031619513798
h25_48,D8,24,Combination,1.0933167728781918,0.8602083333333332,5.327227333316951
h25_48,D8,24,SeasonalNaive,1.023770230695669,0.9989583333333333,24.169971300587576
h25_48,D8,24,Theta,1.1624060383616968,0.87875,5.6278895341733355
h25_48,D8,24,TimesFM25,0.7792552465756206,0.8877083333333333,3.995534325750518
h25_48,D8,24,TimesFM3,0.7961433189392527,0.94375,5.04221916809767
h25_48,D8,48,AutoARIMA,0.9780000967364948,0.8335416666666667,4.5630740311107925
h25_48,D8,48,AutoETS,1.0069686254553563,0.8335416666666667,4.7243210506088635
h25_48,D8,48,Chronos2,0.7119501830901271,0.8260416666666667,3.6904147528123383
h25_48,D8,48,Combination,0.9853377629569485,0.8497916666666667,4.639940223055996
h25_48,D8,48,SeasonalNaive,1.05419235318312,1.0,24.631441803117344
h25_48,D8,48,Theta,1.0032987310509838,0.8797916666666667,4.907625671626894
h25_48,D8,48,TimesFM25,0.7234050310212687,0.896875,3.600771865630254
h25_48,D8,48,TimesFM3,0.7499806798087341,0.8622916666666667,5.452896124242911
h25_48,D8,96,AutoARIMA,0.911032703945436,0.8529166666666668,4.083504702947793
h25_48,D8,96,AutoETS,0.9867474525152413,0.8458333333333333,4.525250512604162
h25_48,D8,96,Chronos2,0.6496623431217763,0.8420833333333333,3.2788995842041775
h25_48,D8,96,Combination,0.9306906666954181,0.8583333333333333,4.250524892823622
h25_48,D8,96,SeasonalNaive,0.9725171998478632,1.0,24.085535984274284
h25_48,D8,96,Theta,0.9102009429865885,0.8797916666666667,4.349156771420289
h25_48,D8,96,TimesFM25,0.6512382105713493,0.8966666666666667,3.223905278464968
h25_48,D8,96,TimesFM3,0.6557887453616715,0.8422916666666667,3.317596239910443
h25_48,D8,200,AutoARIMA,0.9246770818304825,0.8454166666666667,4.128125807957819
h25_48,D8,200,AutoETS,0.9250657225399382,0.8470833333333333,4.124554707126688
h25_48,D8,200,Chronos2,0.6704889077211549,0.8422916666666667,3.2628227793770344
h25_48,D8,200,Combination,0.9281087113832609,0.8566666666666667,4.160616471316334
h25_48,D8,200,SeasonalNaive,1.018807029223061,1.0,24.11727668686772
h25_48,D8,200,Theta,0.9364995453891432,0.880625,4.296170801896737
h25_48,D8,200,TimesFM25,0.66957328671293,0.90375,3.221508114445578
h25_48,D8,200,TimesFM3,0.6691526132872123,0.8164583333333333,3.2722526932540035
h25_48,D9,24,AutoARIMA,1.5051964410358223,0.7547916666666667,9.54151267724376
h25_48,D9,24,AutoETS,1.655880351414511,0.8464583333333333,12.519352868304452
h25_48,D9,24,Chronos2,1.4056207498674913,0.9120833333333332,7.834882032233682
h25_48,D9,24,Combination,1.683332747594881,0.8889583333333333,11.021563531074294
h25_48,D9,24,SeasonalNaive,1.700396701074757,0.9995833333333333,19.103038816836108
h25_48,D9,24,Theta,2.236714566863693,0.8604166666666667,13.517999702740404
h25_48,D9,24,TimesFM25,1.3471484015262243,0.8375,6.615133297045966
h25_48,D9,24,TimesFM3,1.3920866543498223,0.8883333333333333,8.076776190142663
h25_48,D9,48,AutoARIMA,1.2898011831165843,0.7877083333333332,7.038558480290998
h25_48,D9,48,AutoETS,1.620366688535837,0.9264583333333333,12.005704305212289
h25_48,D9,48,Chronos2,1.3438252732844347,0.889375,6.754419735310778
h25_48,D9,48,Combination,1.4876638984244313,0.9310416666666668,10.148180635716393
h25_48,D9,48,SeasonalNaive,1.7696342215488403,1.0,19.420444152205132
h25_48,D9,48,Theta,1.7404139926549902,0.935625,12.671949532665115
h25_48,D9,48,TimesFM25,1.2619897777407003,0.8277083333333333,5.861155703464887
h25_48,D9,48,TimesFM3,1.3089288908575514,0.8770833333333333,6.273719080252999
h25_48,D9,96,AutoARIMA,1.1916113066845155,0.8014583333333333,5.809597653118012
h25_48,D9,96,AutoETS,1.484903819400598,0.97875,12.58000396599561
h25_48,D9,96,Chronos2,1.2748124505276137,0.8572916666666667,5.978725784754997
h25_48,D9,96,Combination,1.3544168072969038,0.9727083333333333,9.918086610749512
h25_48,D9,96,SeasonalNaive,1.5886194221759822,0.9995833333333333,19.51861115160726
h25_48,D9,96,Theta,1.527032306524636,0.9827083333333333,12.709480806199473
h25_48,D9,96,TimesFM25,1.2270604032854664,0.8470833333333333,5.676943532683271
h25_48,D9,96,TimesFM3,1.2237229439296615,0.8677083333333333,5.791303988917397
h25_48,D9,200,AutoARIMA,1.191106332431323,0.7925,5.504769171847133
h25_48,D9,200,AutoETS,1.6065691370998776,0.99,12.789253518195634
h25_48,D9,200,Chronos2,1.1946525654402633,0.795,5.58166504836745
h25_48,D9,200,Combination,1.4039716438758458,0.9875,9.822014639922829
h25_48,D9,200,SeasonalNaive,1.697194982936943,1.0,19.61882270938191
h25_48,D9,200,Theta,1.6176730932843757,0.9916666666666667,12.81205844489461
h25_48,D9,200,TimesFM25,1.1929172663901355,0.794375,5.510708785857989
h25_48,D9,200,TimesFM3,1.1976034620489213,0.8022916666666667,5.530409049183045
