n,features,design,pct,n_m4,n_sim,forward,reverse,forward_lo,forward_hi,forward_fixed_sub900
48,4,fixed,80,1000,1800,0.491,0.6877777777777778,,,
48,4,fixed,90,1000,1800,0.595,0.805,,,
48,4,fixed,95,1000,1800,0.685,0.8822222222222222,0.658,0.711525,0.579495
48,4,fixed,99,1000,1800,0.884,0.9666666666666667,,,
48,4,random,80,1000,900,0.575,0.7322222222222222,,,
48,4,random,90,1000,900,0.706,0.8155555555555556,,,
48,4,random,95,1000,900,0.815,0.8822222222222222,0.792,0.836525,
48,4,random,99,1000,900,0.943,0.9711111111111111,,,
48,6,fixed,80,1000,1800,0.52,0.6572222222222223,,,
48,6,fixed,90,1000,1800,0.679,0.8205555555555556,,,
48,6,fixed,95,1000,1800,0.853,0.935,0.827,0.875,0.77503
48,6,fixed,99,1000,1800,0.98,0.9961111111111111,,,
48,6,random,80,1000,900,0.649,0.6788888888888889,,,
48,6,random,90,1000,900,0.791,0.8277777777777777,,,
48,6,random,95,1000,900,0.886,0.9222222222222223,0.867,0.904,
48,6,random,99,1000,900,0.981,0.9922222222222222,,,
96,4,fixed,80,1000,1800,0.308,0.5661111111111111,,,
96,4,fixed,90,1000,1800,0.418,0.7288888888888889,,,
96,4,fixed,95,1000,1800,0.485,0.8244444444444444,0.452,0.514,0.42185
96,4,fixed,99,1000,1800,0.723,0.9544444444444444,,,
96,4,random,80,1000,900,0.492,0.64,,,
96,4,random,90,1000,900,0.648,0.7777777777777778,,,
96,4,random,95,1000,900,0.758,0.8588888888888889,0.732,0.784,
96,4,random,99,1000,900,0.92,0.9633333333333334,,,
96,6,fixed,80,1000,1800,0.3,0.49666666666666665,,,
96,6,fixed,90,1000,1800,0.486,0.7144444444444444,,,
96,6,fixed,95,1000,1800,0.651,0.8572222222222222,0.622,0.682525,0.58909
96,6,fixed,99,1000,1800,0.977,0.995,,,
96,6,random,80,1000,900,0.578,0.5555555555555556,,,
96,6,random,90,1000,900,0.766,0.7477777777777778,,,
96,6,random,95,1000,900,0.865,0.85,0.845,0.887,
96,6,random,99,1000,900,0.982,0.9866666666666667,,,
200,4,fixed,80,743,1800,0.20995962314939434,0.3938888888888889,,,
200,4,fixed,90,743,1800,0.30686406460296095,0.5138888888888888,,,
200,4,fixed,95,743,1800,0.41722745625841184,0.6461111111111111,0.3848586810228802,0.4502355316285329,0.3680686406460296
200,4,fixed,99,743,1800,0.730820995962315,0.9066666666666666,,,
200,4,random,80,743,900,0.48183041722745623,0.40555555555555556,,,
200,4,random,90,743,900,0.6271870794078062,0.5377777777777778,,,
200,4,random,95,743,900,0.7671601615074024,0.6877777777777778,0.7362045760430687,0.7927321668909825,
200,4,random,99,743,900,0.9596231493943472,0.9377777777777778,,,
200,6,fixed,80,743,1800,0.2032301480484522,0.38055555555555554,,,
200,6,fixed,90,743,1800,0.3472409152086137,0.475,,,
200,6,fixed,95,743,1800,0.5168236877523553,0.5922222222222222,0.4858681022880215,0.5545087483176312,0.46320323014804843
200,6,fixed,99,743,1800,0.9892328398384926,0.9688888888888889,,,
200,6,random,80,743,900,0.5100942126514132,0.38,,,
200,6,random,90,743,900,0.7119784656796769,0.49,,,
200,6,random,95,743,900,0.8667563930013459,0.6,0.8431695827725437,0.892328398384926,
200,6,random,99,743,900,0.9892328398384926,0.96,,,
