variant,dgp,n,method,MASE,RMSSE
clean,D1,24,AutoARIMA,1.3496405689650925,1.2976617794255987
clean,D1,24,AutoETS,1.4505418737082207,1.3804105874993653
clean,D1,24,Combination,1.3917209234198074,1.3329772827421804
clean,D1,24,SeasonalNaive,1.5200161486367234,1.433318399519553
clean,D1,24,Theta,1.5053145009637696,1.4285422932235619
clean,D1,24,TimesFM3,1.3854332122766635,1.3298622710802206
clean,D1,48,AutoARIMA,1.2351153533733583,1.1780493346660024
clean,D1,48,AutoETS,1.2923677521199164,1.2261325846405282
clean,D1,48,Combination,1.251623504491157,1.190513195050381
clean,D1,48,SeasonalNaive,1.4482650069284206,1.3584242406657152
clean,D1,48,Theta,1.3070972773565972,1.2375738611017149
clean,D1,48,TimesFM3,1.18803112974168,1.1358320923174003
clean,D1,96,AutoARIMA,1.1954990663603393,1.1425969320124816
clean,D1,96,AutoETS,1.3115782669684544,1.2419877457277244
clean,D1,96,Combination,1.2484155758027926,1.189956041643433
clean,D1,96,SeasonalNaive,1.4260407171724319,1.341802513798131
clean,D1,96,Theta,1.3262454139933382,1.256409162451185
clean,D1,96,TimesFM3,1.1851954441653807,1.1309942716401522
clean,D1,200,AutoARIMA,1.154696255682226,1.1138201789315259
clean,D1,200,AutoETS,1.2967039274380583,1.231882968242954
clean,D1,200,Combination,1.2072367389032623,1.1594185163607884
clean,D1,200,SeasonalNaive,1.4282032792334285,1.3431039343627313
clean,D1,200,Theta,1.3000832500387816,1.2344994642944445
clean,D1,200,TimesFM3,1.1634491050966447,1.1191300367598338
clean,D2,24,AutoARIMA,1.2864165674103705,1.2458811888770072
clean,D2,24,AutoETS,1.3821963748302688,1.323525417531801
clean,D2,24,Combination,1.328237309880933,1.2811999717080647
clean,D2,24,SeasonalNaive,1.5189667424900535,1.4363690816944628
clean,D2,24,Theta,1.4543016125038175,1.3866581190237768
clean,D2,24,TimesFM3,1.2818798066873915,1.2442163775177941
clean,D2,48,AutoARIMA,1.2589897697340227,1.2060424950032327
clean,D2,48,AutoETS,1.4686851912787278,1.3768968895804303
clean,D2,48,Combination,1.356733927214622,1.285158816729857
clean,D2,48,SeasonalNaive,1.5677891405228201,1.463955222097694
clean,D2,48,Theta,1.4671434284435614,1.3769913309794815
clean,D2,48,TimesFM3,1.2523403193021836,1.2015912060963614
clean,D2,96,AutoARIMA,1.2303575373756035,1.1740832201065927
clean,D2,96,AutoETS,1.3431984497793428,1.2685567534142368
clean,D2,96,Combination,1.266373594693742,1.2031623814459242
clean,D2,96,SeasonalNaive,1.462269964170268,1.3717916761283255
clean,D2,96,Theta,1.3492014305621145,1.2717140568934262
clean,D2,96,TimesFM3,1.1782236377510324,1.1274904641965042
clean,D2,200,AutoARIMA,1.1199448647776975,1.0765853023905532
clean,D2,200,AutoETS,1.2601501101886963,1.2067743145258278
clean,D2,200,Combination,1.1688280060195537,1.1276820746490832
clean,D2,200,SeasonalNaive,1.4467268572742578,1.3639958585266083
clean,D2,200,Theta,1.2565111241123175,1.2067343281928093
clean,D2,200,TimesFM3,1.0840858174722827,1.0449774405576258
clean,D3,24,AutoARIMA,3.5326889078057286,3.3520195321416266
clean,D3,24,AutoETS,3.2914606099044916,3.1303246061183683
clean,D3,24,Combination,3.1474631458675333,2.997679252787516
clean,D3,24,SeasonalNaive,3.0933157404354024,2.934539734611728
clean,D3,24,Theta,3.0754765401913757,2.919285817071582
clean,D3,24,TimesFM3,3.4846639801668933,3.3066434662617583
clean,D3,48,AutoARIMA,2.9797448940549134,2.8139808724473228
clean,D3,48,AutoETS,2.8856448699088877,2.6957084393890325
clean,D3,48,Combination,2.744892980491621,2.571791964315858
clean,D3,48,SeasonalNaive,2.8738717137038527,2.6647402539103195
clean,D3,48,Theta,2.7642015387723817,2.5718129054778878
clean,D3,48,TimesFM3,3.013120077614804,2.835858629672569
clean,D3,96,AutoARIMA,3.0092564968967594,2.8141436124304873
clean,D3,96,AutoETS,3.073682264757953,2.845121565422098
clean,D3,96,Combination,2.894993065114674,2.6814805091611675
clean,D3,96,SeasonalNaive,2.9660434253310486,2.7370185194990557
clean,D3,96,Theta,2.9118988591618553,2.6893368004993676
clean,D3,96,TimesFM3,3.0400086630403433,2.8124163867697525
clean,D3,200,AutoARIMA,2.8293979753397815,2.6389158512754833
clean,D3,200,AutoETS,2.745801372389336,2.562871421544439
clean,D3,200,Combination,2.769829266904565,2.584140063269138
clean,D3,200,SeasonalNaive,3.016091177399519,2.8010746326233424
clean,D3,200,Theta,2.910661404419223,2.703699611876288
clean,D3,200,TimesFM3,2.9083946001133274,2.725277454189906
clean,D4,24,AutoARIMA,2.3033248544246216,2.2533764369864597
clean,D4,24,AutoETS,3.1393784355996184,3.1173609734382914
clean,D4,24,Combination,2.962556029808221,2.961269156752355
clean,D4,24,SeasonalNaive,1.0866705136566586,1.0648246804540076
clean,D4,24,Theta,4.39408696418124,4.360156151080459
clean,D4,24,TimesFM3,1.4544683535494547,1.4315336285845421
clean,D4,48,AutoARIMA,0.9715723381187605,0.9579634574974757
clean,D4,48,AutoETS,1.7194273535277846,1.7096713993543664
clean,D4,48,Combination,1.4026182830042415,1.392992648329208
clean,D4,48,SeasonalNaive,1.028000823111647,1.0180510698166834
clean,D4,48,Theta,1.9160685208586714,1.8854085494996111
clean,D4,48,TimesFM3,1.33858328960697,1.326198065623285
clean,D4,96,AutoARIMA,0.9060971457498692,0.874958184996856
clean,D4,96,AutoETS,2.2334730879730813,2.172861572233497
clean,D4,96,Combination,1.7246111930324022,1.674783656839238
clean,D4,96,SeasonalNaive,1.0142479300307905,0.9804395068623049
clean,D4,96,Theta,2.658997652091797,2.5882133861533134
clean,D4,96,TimesFM3,1.1360849966407875,1.1047126318262424
clean,D4,200,AutoARIMA,0.9098179168055173,0.876591000079205
clean,D4,200,AutoETS,1.0675940069503143,1.0259518854286556
clean,D4,200,Combination,1.6942554247493948,1.6399579980331285
clean,D4,200,SeasonalNaive,1.0370979029736995,0.9989748991495473
clean,D4,200,Theta,3.9816839193314677,3.8654329998548422
clean,D4,200,TimesFM3,1.15671156474606,1.1291893257850698
clean,D5,24,AutoARIMA,1.573816444053176,1.594803106273203
clean,D5,24,AutoETS,2.2933398602700037,2.318710770885964
clean,D5,24,Combination,2.067377473166676,2.0963162250267215
clean,D5,24,SeasonalNaive,1.1302736967612916,1.101074380833645
clean,D5,24,Theta,2.595155110575537,2.6575569916230024
clean,D5,24,TimesFM3,1.110806316086694,1.087617611966049
clean,D5,48,AutoARIMA,0.7449155485607928,0.7364630630253853
clean,D5,48,AutoETS,0.7656959281316437,0.7484127337404713
clean,D5,48,Combination,0.7496692301595046,0.7428418672168796
clean,D5,48,SeasonalNaive,1.1079061045480818,1.0663594357818267
clean,D5,48,Theta,0.963604139116804,0.9705329270199905
clean,D5,48,TimesFM3,0.7874230746642248,0.7650623236729398
clean,D5,96,AutoARIMA,0.6560395874516791,0.64134919707873
clean,D5,96,AutoETS,0.7342342111413417,0.7149665457864012
clean,D5,96,Combination,0.6758961175013054,0.6674201512634766
clean,D5,96,SeasonalNaive,1.1505982374824415,1.075658663572299
clean,D5,96,Theta,0.7912467907923398,0.7895250708053351
clean,D5,96,TimesFM3,0.6999127551953854,0.6838535109709156
clean,D5,200,AutoARIMA,0.5791502559809285,0.5608454887177189
clean,D5,200,AutoETS,0.6233138808508523,0.6021629426114066
clean,D5,200,Combination,0.610416855650232,0.5978496115534166
clean,D5,200,SeasonalNaive,1.2692624363174019,1.1594151620760627
clean,D5,200,Theta,0.8177383510547637,0.8031870037272628
clean,D5,200,TimesFM3,0.5858093455797813,0.5723524953973804
clean,D6,24,AutoARIMA,0.934090260106197,0.7169190982137097
clean,D6,24,AutoETS,0.8767717860025769,0.6761017878733406
clean,D6,24,Combination,0.972654682191994,0.7329251490107993
clean,D6,24,SeasonalNaive,0.8886094670698053,0.6788185127361988
clean,D6,24,Theta,1.3930705337795988,1.0075105122147152
clean,D6,24,TimesFM3,1.1100945517283414,0.8399886283339874
clean,D6,48,AutoARIMA,0.9586742450768575,0.7626372462762457
clean,D6,48,AutoETS,0.8830076683348506,0.7104510395228584
clean,D6,48,Combination,0.9232917924227018,0.7340327694425206
clean,D6,48,SeasonalNaive,0.9587730493662125,0.7649358604315084
clean,D6,48,Theta,1.0637707186250143,0.8279280872963999
clean,D6,48,TimesFM3,0.9143079494568199,0.7388874525386915
clean,D6,96,AutoARIMA,0.9256846735740508,0.7836111609330885
clean,D6,96,AutoETS,0.8987838554677754,0.7636101996828702
clean,D6,96,Combination,0.9102142012599382,0.7736841572629306
clean,D6,96,SeasonalNaive,1.0208624910747996,0.8571860331723944
clean,D6,96,Theta,0.9470355286217597,0.8070344946558966
clean,D6,96,TimesFM3,0.9187199266684858,0.7891806045264143
clean,D6,200,AutoARIMA,0.8886422192181952,0.8020752147773136
clean,D6,200,AutoETS,0.8818984321489972,0.7959581774325304
clean,D6,200,Combination,0.8885659954664575,0.8017200813816758
clean,D6,200,SeasonalNaive,1.0550437593010766,0.9290394538910305
clean,D6,200,Theta,0.9097755919857144,0.8179638863565883
clean,D6,200,TimesFM3,0.8665825324216212,0.7848772140522527
clean,D7,24,AutoARIMA,1.6824948641140294,1.5722086448505244
clean,D7,24,AutoETS,1.5114149019311818,1.4301048283039322
clean,D7,24,Combination,1.7851599839751997,1.6528542791642793
clean,D7,24,SeasonalNaive,5.288832181219691,4.844666206273962
clean,D7,24,Theta,3.310509972352574,3.015799909011778
clean,D7,24,TimesFM3,1.8578390005876964,1.7190188238712492
clean,D7,48,AutoARIMA,1.7797035551772686,1.6879464644318936
clean,D7,48,AutoETS,1.6890422269044607,1.608481338709793
clean,D7,48,Combination,1.3541347579248761,1.272711832880258
clean,D7,48,SeasonalNaive,3.898827539769676,3.501955723898799
clean,D7,48,Theta,2.5520654788777013,2.2820933994507793
clean,D7,48,TimesFM3,1.8493558563922505,1.7275087442188888
clean,D7,96,AutoARIMA,1.4913501835784506,1.3936027617152897
clean,D7,96,AutoETS,1.4300170485485941,1.3413102678827082
clean,D7,96,Combination,1.1318436107884258,1.0657286497043816
clean,D7,96,SeasonalNaive,1.9997688523151664,1.8047048378967068
clean,D7,96,Theta,1.7088457295314994,1.5413000809587947
clean,D7,96,TimesFM3,1.7649555235438754,1.6603137495972289
clean,D7,200,AutoARIMA,1.0454350106209633,0.9862843734434286
clean,D7,200,AutoETS,1.0085865756563543,0.9543998886246239
clean,D7,200,Combination,0.9789218078994353,0.9226609820268346
clean,D7,200,SeasonalNaive,1.034909801814538,0.9652371383217294
clean,D7,200,Theta,1.2689531164135708,1.1717671690819125
clean,D7,200,TimesFM3,1.2391698506457847,1.1664664725435336
clean,D8,24,AutoARIMA,0.9798824444833455,0.769203367294007
clean,D8,24,AutoETS,1.0084947471340242,0.7783475526085206
clean,D8,24,Combination,1.0128423711515748,0.7853244035370749
clean,D8,24,SeasonalNaive,1.138902670153383,1.0007307858143122
clean,D8,24,Theta,1.0740272432731106,0.8328589976616784
clean,D8,24,TimesFM3,0.8283201167318516,0.8136840825447726
clean,D8,48,AutoARIMA,0.9355600096112517,0.7138544980575158
clean,D8,48,AutoETS,0.9491857922352822,0.7149669700779375
clean,D8,48,Combination,0.9432002134283399,0.7133051367403263
clean,D8,48,SeasonalNaive,1.0433276347652793,0.9264196370016101
clean,D8,48,Theta,0.9537775055215063,0.7245364014701744
clean,D8,48,TimesFM3,0.7562556587779558,0.7544842447850939
clean,D8,96,AutoARIMA,0.9207167380566438,0.7074162429100462
clean,D8,96,AutoETS,0.9243380864091449,0.7127043777300686
clean,D8,96,Combination,0.919517689900668,0.7105801260309933
clean,D8,96,SeasonalNaive,0.9657630574926739,0.913661501620837
clean,D8,96,Theta,0.9180323730693811,0.7244661770532888
clean,D8,96,TimesFM3,0.7469014957795388,0.754454119651915
clean,D8,200,AutoARIMA,0.8831032162381993,0.6893762841772397
clean,D8,200,AutoETS,0.8846870864709673,0.6899084076826242
clean,D8,200,Combination,0.8880044628862881,0.6919314362173132
clean,D8,200,SeasonalNaive,0.9694475714594346,0.9041737294224051
clean,D8,200,Theta,0.8986579484267245,0.7068576644105066
clean,D8,200,TimesFM3,0.704593286630565,0.7367327115513588
clean,D9,24,AutoARIMA,1.3889031643867495,1.315991400062475
clean,D9,24,AutoETS,1.511969539762872,1.4177894718367157
clean,D9,24,Combination,1.4500556005584861,1.3698306471747852
clean,D9,24,SeasonalNaive,1.6264971808429527,1.5124771010826037
clean,D9,24,Theta,1.5655005555045935,1.4677937401548204
clean,D9,24,TimesFM3,1.4345517280659665,1.3598844163841282
clean,D9,48,AutoARIMA,1.2182826771345907,1.1637826854134592
clean,D9,48,AutoETS,1.324734319561598,1.2526269744312033
clean,D9,48,Combination,1.280184063713066,1.2160818485729898
clean,D9,48,SeasonalNaive,1.4671340422834576,1.3757821886950143
clean,D9,48,Theta,1.3702673704309405,1.2912156869224787
clean,D9,48,TimesFM3,1.1772304426551898,1.1241058972426332
clean,D9,96,AutoARIMA,1.0338430090469468,0.9800914544333648
clean,D9,96,AutoETS,1.1616711040664363,1.0822353128322486
clean,D9,96,Combination,1.100976463738381,1.0304736797654572
clean,D9,96,SeasonalNaive,1.293214075270854,1.193782367522497
clean,D9,96,Theta,1.1704535284844453,1.091090716638379
clean,D9,96,TimesFM3,1.0658013585533226,1.0057843320658957
clean,D9,200,AutoARIMA,1.163750656853299,1.097771753088156
clean,D9,200,AutoETS,1.399140349942702,1.2899698694000328
clean,D9,200,Combination,1.2913130639301937,1.2026471449151934
clean,D9,200,SeasonalNaive,1.5177024877355223,1.3878744906055152
clean,D9,200,Theta,1.3988886983857727,1.2913560077803123
clean,D9,200,TimesFM3,1.152166163451941,1.0877342446230833
est_period,D1,24,AutoARIMA,1.3496405689650925,1.2976617794255987
est_period,D1,24,AutoETS,1.4505418737082207,1.3804105874993653
est_period,D1,24,Combination,1.3917209234198074,1.3329772827421804
est_period,D1,24,SeasonalNaive,1.5200161486367234,1.433318399519553
est_period,D1,24,Theta,1.5053145009637696,1.4285422932235619
est_period,D1,24,TimesFM3,1.3854332122766635,1.3298622710802206
est_period,D1,48,AutoARIMA,1.234635953767303,1.1772978952556574
est_period,D1,48,AutoETS,1.2901093879921772,1.2242915866844302
est_period,D1,48,Combination,1.2497896544711504,1.1888873692180781
est_period,D1,48,SeasonalNaive,1.4465061476444114,1.3579148115016904
est_period,D1,48,Theta,1.3075108215345412,1.2383484144319132
est_period,D1,48,TimesFM3,1.18803112974168,1.1358320923174003
est_period,D1,96,AutoARIMA,1.1963324225891616,1.1438075651540334
est_period,D1,96,AutoETS,1.3115782669684544,1.2419877457277244
est_period,D1,96,Combination,1.2481678613928102,1.1897093539534653
est_period,D1,96,SeasonalNaive,1.4381592997567165,1.355565199692383
est_period,D1,96,Theta,1.3276372505834049,1.2572880876572112
est_period,D1,96,TimesFM3,1.1851954441653807,1.1309942716401522
est_period,D1,200,AutoARIMA,1.1538224403408541,1.1131045090218685
est_period,D1,200,AutoETS,1.2967096972158074,1.2318879185656344
est_period,D1,200,Combination,1.2067562589231384,1.1587038651169532
est_period,D1,200,SeasonalNaive,1.4385542973383094,1.3552866577025027
est_period,D1,200,Theta,1.300922763021114,1.2349842034856195
est_period,D1,200,TimesFM3,1.1634491050966447,1.1191300367598338
est_period,D2,24,AutoARIMA,1.2864165674103705,1.2458811888770072
est_period,D2,24,AutoETS,1.3821963748302688,1.323525417531801
est_period,D2,24,Combination,1.328237309880933,1.2811999717080647
est_period,D2,24,SeasonalNaive,1.5189667424900535,1.4363690816944628
est_period,D2,24,Theta,1.4543016125038175,1.3866581190237768
est_period,D2,24,TimesFM3,1.2818798066873915,1.2442163775177941
est_period,D2,48,AutoARIMA,1.2604152871620402,1.2066116819427815
est_period,D2,48,AutoETS,1.4686851912787278,1.3768968895804303
est_period,D2,48,Combination,1.357996600720231,1.286240474399195
est_period,D2,48,SeasonalNaive,1.5721928969465757,1.4670487755236454
est_period,D2,48,Theta,1.4717904065899086,1.3814373732592597
est_period,D2,48,TimesFM3,1.2523403193021836,1.2015912060963614
est_period,D2,96,AutoARIMA,1.229704598374822,1.1736750903404545
est_period,D2,96,AutoETS,1.3431984497793428,1.2685567534142368
est_period,D2,96,Combination,1.2660884839572757,1.2026669084577728
est_period,D2,96,SeasonalNaive,1.4856085071934106,1.3937523718883837
est_period,D2,96,Theta,1.352028248320718,1.2740597926113095
est_period,D2,96,TimesFM3,1.1782236377510324,1.1274904641965042
est_period,D2,200,AutoARIMA,1.1203860949608597,1.0772546996719254
est_period,D2,200,AutoETS,1.260849666283147,1.2072438771243168
est_period,D2,200,Combination,1.1690223816893612,1.1280716004411342
est_period,D2,200,SeasonalNaive,1.4526815782166558,1.3691296106255118
est_period,D2,200,Theta,1.2579781180550837,1.2085714129463059
est_period,D2,200,TimesFM3,1.0840858174722827,1.0449774405576258
est_period,D3,24,AutoARIMA,3.5326889078057286,3.3520195321416266
est_period,D3,24,AutoETS,3.2914606099044916,3.1303246061183683
est_period,D3,24,Combination,3.1474631458675333,2.997679252787516
est_period,D3,24,SeasonalNaive,3.0933157404354024,2.934539734611728
est_period,D3,24,Theta,3.0754765401913757,2.919285817071582
est_period,D3,24,TimesFM3,3.4846639801668933,3.3066434662617583
est_period,D3,48,AutoARIMA,2.9797448940549134,2.8139808724473228
est_period,D3,48,AutoETS,2.8856448699088877,2.6957084393890325
est_period,D3,48,Combination,2.744892980491621,2.571791964315858
est_period,D3,48,SeasonalNaive,2.8738717137038527,2.6647402539103195
est_period,D3,48,Theta,2.7642015387723817,2.5718129054778878
est_period,D3,48,TimesFM3,3.013120077614804,2.835858629672569
est_period,D3,96,AutoARIMA,3.0092564968967594,2.8141436124304873
est_period,D3,96,AutoETS,3.0736486047325497,2.8450828773009387
est_period,D3,96,Combination,2.897630625318553,2.6837855265160715
est_period,D3,96,SeasonalNaive,2.974164664312122,2.74629883819567
est_period,D3,96,Theta,2.9188288158592695,2.6963044002694225
est_period,D3,96,TimesFM3,3.0400086630403433,2.8124163867697525
est_period,D3,200,AutoARIMA,2.8199313027752826,2.631777858459101
est_period,D3,200,AutoETS,2.7415857033955673,2.5593554177850644
est_period,D3,200,Combination,2.7663124750129198,2.580607902831724
est_period,D3,200,SeasonalNaive,4.480630313171983,3.9916842630024796
est_period,D3,200,Theta,2.948895362319407,2.7396163238946873
est_period,D3,200,TimesFM3,2.9083946001133274,2.725277454189906
est_period,D4,24,AutoARIMA,2.3033248544246216,2.2533764369864597
est_period,D4,24,AutoETS,4.253936434244643,4.215620507973295
est_period,D4,24,Combination,3.381691306757595,3.3712106678627345
est_period,D4,24,SeasonalNaive,4.26431412992341,4.230482264572405
est_period,D4,24,Theta,4.39408696418124,4.360156151080459
est_period,D4,24,TimesFM3,1.4544683535494547,1.4315336285845421
est_period,D4,48,AutoARIMA,0.9830873341060646,0.9689516344141011
est_period,D4,48,AutoETS,1.727447749580308,1.717174991847892
est_period,D4,48,Combination,1.4106513208536446,1.4005398032828362
est_period,D4,48,SeasonalNaive,1.0427639499901786,1.032157708988483
est_period,D4,48,Theta,1.9160685208586714,1.8854085494996111
est_period,D4,48,TimesFM3,1.33858328960697,1.326198065623285
est_period,D4,96,AutoARIMA,0.9060971457498692,0.874958184996856
est_period,D4,96,AutoETS,2.2334730879730813,2.172861572233497
est_period,D4,96,Combination,1.7246111930324022,1.674783656839238
est_period,D4,96,SeasonalNaive,1.0142479300307905,0.9804395068623049
est_period,D4,96,Theta,2.658997652091797,2.5882133861533134
est_period,D4,96,TimesFM3,1.1360849966407875,1.1047126318262424
est_period,D4,200,AutoARIMA,0.9098179168055173,0.876591000079205
est_period,D4,200,AutoETS,1.0675940069503143,1.0259518854286556
est_period,D4,200,Combination,1.6942554247493948,1.6399579980331285
est_period,D4,200,SeasonalNaive,1.0370979029736995,0.9989748991495473
est_period,D4,200,Theta,3.9816839193314677,3.8654329998548422
est_period,D4,200,TimesFM3,1.15671156474606,1.1291893257850698
est_period,D5,24,AutoARIMA,1.573816444053176,1.594803106273203
est_period,D5,24,AutoETS,2.545477666960017,2.5923302270551987
est_period,D5,24,Combination,2.1602573374113074,2.198239609365673
est_period,D5,24,SeasonalNaive,2.551212748873048,2.5966784780100154
est_period,D5,24,Theta,2.595155110575537,2.6575569916230024
est_period,D5,24,TimesFM3,1.110806316086694,1.087617611966049
est_period,D5,48,AutoARIMA,0.9127594858349205,0.9027055149793861
est_period,D5,48,AutoETS,0.9885842939323564,0.9856456837550331
est_period,D5,48,Combination,0.9164170139208232,0.9153553107394855
est_period,D5,48,SeasonalNaive,1.1802648396978501,1.1657385558248532
est_period,D5,48,Theta,0.963604139116804,0.9705329270199905
est_period,D5,48,TimesFM3,0.7874230746642248,0.7650623236729398
est_period,D5,96,AutoARIMA,0.6661603252288146,0.6510313037948516
est_period,D5,96,AutoETS,0.7598887305811347,0.7383758723330874
est_period,D5,96,Combination,0.6924380111520583,0.6827012743266517
est_period,D5,96,SeasonalNaive,1.146367276594245,1.0723020105960217
est_period,D5,96,Theta,0.7912467907923398,0.7895250708053351
est_period,D5,96,TimesFM3,0.6999127551953854,0.6838535109709156
est_period,D5,200,AutoARIMA,0.5791502559809285,0.5608454887177189
est_period,D5,200,AutoETS,0.6233138808508523,0.6021629426114066
est_period,D5,200,Combination,0.610416855650232,0.5978496115534166
est_period,D5,200,SeasonalNaive,1.2692624363174019,1.1594151620760627
est_period,D5,200,Theta,0.8177383510547637,0.8031870037272628
est_period,D5,200,TimesFM3,0.5858093455797813,0.5723524953973804
est_period,D6,24,AutoARIMA,0.934090260106197,0.7169190982137097
est_period,D6,24,AutoETS,0.8767717860025769,0.6761017878733406
est_period,D6,24,Combination,0.972654682191994,0.7329251490107993
est_period,D6,24,SeasonalNaive,0.8886094670698053,0.6788185127361988
est_period,D6,24,Theta,1.3930705337795988,1.0075105122147152
est_period,D6,24,TimesFM3,1.1100945517283414,0.8399886283339874
est_period,D6,48,AutoARIMA,0.9586742450768575,0.7626372462762457
est_period,D6,48,AutoETS,0.8830076683348506,0.7104510395228584
est_period,D6,48,Combination,0.9232917924227018,0.7340327694425206
est_period,D6,48,SeasonalNaive,0.9587730493662125,0.7649358604315084
est_period,D6,48,Theta,1.0637707186250143,0.8279280872963999
est_period,D6,48,TimesFM3,0.9143079494568199,0.7388874525386915
est_period,D6,96,AutoARIMA,0.9256846735740508,0.7836111609330885
est_period,D6,96,AutoETS,0.8987838554677754,0.7636101996828702
est_period,D6,96,Combination,0.9106121520187156,0.7740003691591315
est_period,D6,96,SeasonalNaive,1.022273530509115,0.8592209294227341
est_period,D6,96,Theta,0.9487501117093171,0.8082763733850679
est_period,D6,96,TimesFM3,0.9187199266684858,0.7891806045264143
est_period,D6,200,AutoARIMA,0.8930991580819306,0.8058964729294646
est_period,D6,200,AutoETS,0.8818962155466781,0.7959602516208497
est_period,D6,200,Combination,0.8932052094960022,0.8067032875071009
est_period,D6,200,SeasonalNaive,1.1324400915391204,1.0274480447961312
est_period,D6,200,Theta,0.941393037071451,0.8483037824319439
est_period,D6,200,TimesFM3,0.8665825324216212,0.7848772140522527
est_period,D7,24,AutoARIMA,1.6824948641140294,1.5722086448505244
est_period,D7,24,AutoETS,1.5114149019311818,1.4301048283039322
est_period,D7,24,Combination,1.7851599839751997,1.6528542791642793
est_period,D7,24,SeasonalNaive,5.288832181219691,4.844666206273962
est_period,D7,24,Theta,3.310509972352574,3.015799909011778
est_period,D7,24,TimesFM3,1.8578390005876964,1.7190188238712492
est_period,D7,48,AutoARIMA,1.7797035551772686,1.6879464644318936
est_period,D7,48,AutoETS,1.6890422269044607,1.608481338709793
est_period,D7,48,Combination,1.3541347579248761,1.272711832880258
est_period,D7,48,SeasonalNaive,3.898827539769676,3.501955723898799
est_period,D7,48,Theta,2.5520654788777013,2.2820933994507793
est_period,D7,48,TimesFM3,1.8493558563922505,1.7275087442188888
est_period,D7,96,AutoARIMA,1.48538952442617,1.3878828855115832
est_period,D7,96,AutoETS,1.4300170485485941,1.3413102678827082
est_period,D7,96,Combination,1.1364622307513979,1.0702466803653539
est_period,D7,96,SeasonalNaive,2.0001064780211886,1.8131082169868251
est_period,D7,96,Theta,1.7573598036773237,1.5970941419556095
est_period,D7,96,TimesFM3,1.7649555235438754,1.6603137495972289
est_period,D7,200,AutoARIMA,1.060080624944852,1.0021323528875499
est_period,D7,200,AutoETS,1.0085865756563543,0.9543998886246239
est_period,D7,200,Combination,1.0738998879567445,1.0182264186417074
est_period,D7,200,SeasonalNaive,1.3456287081558238,1.2544493115845967
est_period,D7,200,Theta,1.8018880778767183,1.706054942592809
est_period,D7,200,TimesFM3,1.2391698506457847,1.1664664725435336
est_period,D8,24,AutoARIMA,0.9798824444833455,0.769203367294007
est_period,D8,24,AutoETS,1.0084947471340242,0.7783475526085206
est_period,D8,24,Combination,1.0128423711515748,0.7853244035370749
est_period,D8,24,SeasonalNaive,1.138902670153383,1.0007307858143122
est_period,D8,24,Theta,1.0740272432731106,0.8328589976616784
est_period,D8,24,TimesFM3,0.8283201167318516,0.8136840825447726
est_period,D8,48,AutoARIMA,0.9363655447744494,0.7172973286052984
est_period,D8,48,AutoETS,0.9491857922352822,0.7149669700779375
est_period,D8,48,Combination,0.9418532162982609,0.715323859034973
est_period,D8,48,SeasonalNaive,1.0527240896483523,0.9353264564497163
est_period,D8,48,Theta,0.9602194791717228,0.7337610876639844
est_period,D8,48,TimesFM3,0.7562556587779558,0.7544842447850939
est_period,D8,96,AutoARIMA,0.9213572602812518,0.7082608822364564
est_period,D8,96,AutoETS,0.9243380864091449,0.7127043777300686
est_period,D8,96,Combination,0.9196190826888201,0.710852922952663
est_period,D8,96,SeasonalNaive,0.9560839444160482,0.9082595953329363
est_period,D8,96,Theta,0.9184687573241055,0.7253710009334289
est_period,D8,96,TimesFM3,0.7469014957795388,0.754454119651915
est_period,D8,200,AutoARIMA,0.8843702768655202,0.690792443171333
est_period,D8,200,AutoETS,0.8846870864709673,0.6899084076826242
est_period,D8,200,Combination,0.8887743539708537,0.692692543765162
est_period,D8,200,SeasonalNaive,0.9693009981605113,0.9066340892962477
est_period,D8,200,Theta,0.9000390849030849,0.7089537795504869
est_period,D8,200,TimesFM3,0.704593286630565,0.7367327115513588
est_period,D9,24,AutoARIMA,1.3889031643867495,1.315991400062475
est_period,D9,24,AutoETS,1.511969539762872,1.4177894718367157
est_period,D9,24,Combination,1.4500556005584861,1.3698306471747852
est_period,D9,24,SeasonalNaive,1.6264971808429527,1.5124771010826037
est_period,D9,24,Theta,1.5655005555045935,1.4677937401548204
est_period,D9,24,TimesFM3,1.4345517280659665,1.3598844163841282
est_period,D9,48,AutoARIMA,1.219352318048333,1.1648447699632498
est_period,D9,48,AutoETS,1.324734319561598,1.2526269744312033
est_period,D9,48,Combination,1.2808630499064588,1.2167804139244804
est_period,D9,48,SeasonalNaive,1.4701385493823826,1.378887073436867
est_period,D9,48,Theta,1.3734216008930842,1.2955127825607726
est_period,D9,48,TimesFM3,1.1772304426551898,1.1241058972426332
est_period,D9,96,AutoARIMA,1.0352314916969425,0.9814028355942532
est_period,D9,96,AutoETS,1.1616711040664363,1.0822353128322486
est_period,D9,96,Combination,1.1021896485991114,1.0313488683291339
est_period,D9,96,SeasonalNaive,1.2954509755034807,1.1985454281255854
est_period,D9,96,Theta,1.1743121436671267,1.0935454105750386
est_period,D9,96,TimesFM3,1.0658013585533226,1.0057843320658957
est_period,D9,200,AutoARIMA,1.1644093311877362,1.0975993600829432
est_period,D9,200,AutoETS,1.4013681809737153,1.2916486450955977
est_period,D9,200,Combination,1.2936450105386772,1.203735376674125
est_period,D9,200,SeasonalNaive,1.5177964237175692,1.3882327214946997
est_period,D9,200,Theta,1.4045298108944382,1.294771608960182
est_period,D9,200,TimesFM3,1.152166163451941,1.0877342446230833
heavy_tail,D1,24,AutoARIMA,1.5381271944634103,1.434036541507938
heavy_tail,D1,24,AutoETS,1.6507608272421228,1.5165954890552842
heavy_tail,D1,24,Combination,1.6005352731956555,1.4788301578320313
heavy_tail,D1,24,SeasonalNaive,1.6886363653501812,1.540290390464644
heavy_tail,D1,24,Theta,1.703780112902367,1.5514610326613365
heavy_tail,D1,24,TimesFM3,1.5199274707267079,1.4271803089006563
heavy_tail,D1,48,AutoARIMA,1.2379142109499022,1.114984055813304
heavy_tail,D1,48,AutoETS,1.35583499024003,1.199537937598938
heavy_tail,D1,48,Combination,1.2870643772979846,1.149208085522475
heavy_tail,D1,48,SeasonalNaive,1.4759437581551105,1.290563763929697
heavy_tail,D1,48,Theta,1.3655364026081427,1.2063712296664895
heavy_tail,D1,48,TimesFM3,1.2113289112129377,1.0932722993602721
heavy_tail,D1,96,AutoARIMA,1.370760672394563,1.1738633957646756
heavy_tail,D1,96,AutoETS,1.5157631875359103,1.2676996529587437
heavy_tail,D1,96,Combination,1.4479504653378712,1.220304802331026
heavy_tail,D1,96,SeasonalNaive,1.6586835689463033,1.371229736763806
heavy_tail,D1,96,Theta,1.5381546875349148,1.2794873884133608
heavy_tail,D1,96,TimesFM3,1.2759588739306957,1.1046464450645441
heavy_tail,D1,200,AutoARIMA,1.261116600105659,1.1021702280025156
heavy_tail,D1,200,AutoETS,1.3997402026546097,1.201706733400944
heavy_tail,D1,200,Combination,1.3153241733923693,1.1436527895088031
heavy_tail,D1,200,SeasonalNaive,1.5729561824962033,1.3193945102627034
heavy_tail,D1,200,Theta,1.4102134163783395,1.209716108730528
heavy_tail,D1,200,TimesFM3,1.2467316340474008,1.0910061811465632
heavy_tail,D2,24,AutoARIMA,1.3662676200709558,1.3055041639730574
heavy_tail,D2,24,AutoETS,1.450973002236705,1.3638231868125572
heavy_tail,D2,24,Combination,1.4165800177199839,1.3376255543654767
heavy_tail,D2,24,SeasonalNaive,1.5922156269654621,1.4588373079855899
heavy_tail,D2,24,Theta,1.555254056672805,1.4344061338590814
heavy_tail,D2,24,TimesFM3,1.2984096998889845,1.2594454058394682
heavy_tail,D2,48,AutoARIMA,1.3588723491319532,1.239063948034399
heavy_tail,D2,48,AutoETS,1.5938109104118119,1.4134746665680296
heavy_tail,D2,48,Combination,1.4755296536432028,1.32694847913244
heavy_tail,D2,48,SeasonalNaive,1.7146768855554635,1.4991270148664433
heavy_tail,D2,48,Theta,1.6072559216417133,1.4220620060290654
heavy_tail,D2,48,TimesFM3,1.3505261484874842,1.2445264891978574
heavy_tail,D2,96,AutoARIMA,1.3324549160360653,1.2515376022504554
heavy_tail,D2,96,AutoETS,1.4795537131981553,1.357671792115993
heavy_tail,D2,96,Combination,1.397242348470023,1.3016827540397407
heavy_tail,D2,96,SeasonalNaive,1.5981137514517758,1.440849622096746
heavy_tail,D2,96,Theta,1.4845576379668197,1.3628985355620762
heavy_tail,D2,96,TimesFM3,1.2818123762667601,1.2169194985353573
heavy_tail,D2,200,AutoARIMA,1.1386690381666287,1.0126282042848962
heavy_tail,D2,200,AutoETS,1.3681050343863914,1.1783470472607347
heavy_tail,D2,200,Combination,1.2315790536726532,1.080787543435782
heavy_tail,D2,200,SeasonalNaive,1.5422466123360792,1.2929744413396123
heavy_tail,D2,200,Theta,1.3753769901972195,1.182940114092288
heavy_tail,D2,200,TimesFM3,1.0897958498349631,0.979039150184677
heavy_tail,D3,24,AutoARIMA,4.375011285029268,3.851619125307835
heavy_tail,D3,24,AutoETS,4.032427891706907,3.5786675892243314
heavy_tail,D3,24,Combination,3.8877602466265775,3.4527585667902354
heavy_tail,D3,24,SeasonalNaive,3.747544410622335,3.310699006354069
heavy_tail,D3,24,Theta,3.7680220251356586,3.3460744433329985
heavy_tail,D3,24,TimesFM3,4.227432767321807,3.7292287271011024
heavy_tail,D3,48,AutoARIMA,3.267849400039688,2.8522714718117554
heavy_tail,D3,48,AutoETS,3.023872300898917,2.624291734330958
heavy_tail,D3,48,Combination,2.9428674867012603,2.5588544938424853
heavy_tail,D3,48,SeasonalNaive,3.093763276082603,2.6515824132154937
heavy_tail,D3,48,Theta,2.95593146310225,2.537800313116678
heavy_tail,D3,48,TimesFM3,3.2182328147926698,2.768925236260594
heavy_tail,D3,96,AutoARIMA,3.5310711483186275,2.9705766402710645
heavy_tail,D3,96,AutoETS,3.574842527068693,2.989216573127164
heavy_tail,D3,96,Combination,3.2931089989294,2.7894503571084304
heavy_tail,D3,96,SeasonalNaive,3.6232024273227745,3.022440393197419
heavy_tail,D3,96,Theta,3.550021128751278,2.9585225347756183
heavy_tail,D3,96,TimesFM3,3.609110171723438,3.0378913042985958
heavy_tail,D3,200,AutoARIMA,3.213727850241133,2.710537987186869
heavy_tail,D3,200,AutoETS,3.1425329184597075,2.6305142231020806
heavy_tail,D3,200,Combination,3.1306183578460995,2.630964499742516
heavy_tail,D3,200,SeasonalNaive,3.5086965025745225,2.9311100231172964
heavy_tail,D3,200,Theta,3.3198289230437403,2.773656136216349
heavy_tail,D3,200,TimesFM3,3.291982929103534,2.7550001255076455
heavy_tail,D4,24,AutoARIMA,2.6322433390528657,2.515248925902123
heavy_tail,D4,24,AutoETS,3.198890974546866,3.088848713739365
heavy_tail,D4,24,Combination,3.304487020914225,3.1844268056496254
heavy_tail,D4,24,SeasonalNaive,1.1369076844453425,1.159828457812905
heavy_tail,D4,24,Theta,5.1748529780672,4.962394339811787
heavy_tail,D4,24,TimesFM3,1.5584363332993183,1.554307882264998
heavy_tail,D4,48,AutoARIMA,0.9883378361366815,0.977060570582103
heavy_tail,D4,48,AutoETS,1.8668420428024552,1.777387704418946
heavy_tail,D4,48,Combination,1.5121824748732557,1.4470684551033366
heavy_tail,D4,48,SeasonalNaive,1.0291369933410466,1.0148525406020212
heavy_tail,D4,48,Theta,2.0581761723607035,1.9297743146533972
heavy_tail,D4,48,TimesFM3,1.4375095308550838,1.3882296731583212
heavy_tail,D4,96,AutoARIMA,0.8832915695157928,0.8576479582582927
heavy_tail,D4,96,AutoETS,2.317091473202221,2.166547302596247
heavy_tail,D4,96,Combination,1.8368808501788865,1.7112782233986534
heavy_tail,D4,96,SeasonalNaive,1.0251230189574085,0.979425687976186
heavy_tail,D4,96,Theta,2.8919344784918817,2.6756920812569467
heavy_tail,D4,96,TimesFM3,1.1836349761893006,1.1247043355249526
heavy_tail,D4,200,AutoARIMA,0.8873853792954955,0.8470685588247678
heavy_tail,D4,200,AutoETS,1.055514073232144,0.9909418808909374
heavy_tail,D4,200,Combination,1.7887091472895855,1.6328265561340527
heavy_tail,D4,200,SeasonalNaive,1.042683213757687,0.9803911255006331
heavy_tail,D4,200,Theta,4.278719542742056,3.8707808892616886
heavy_tail,D4,200,TimesFM3,1.1981113650891702,1.112637705644835
heavy_tail,D5,24,AutoARIMA,1.614689002699979,1.6422015823441525
heavy_tail,D5,24,AutoETS,2.3371194914930227,2.381328003778985
heavy_tail,D5,24,Combination,2.14295374799098,2.198021296344131
heavy_tail,D5,24,SeasonalNaive,1.141952059952243,1.1196301021490098
heavy_tail,D5,24,Theta,2.8402637270936504,2.94898692416669
heavy_tail,D5,24,TimesFM3,1.0987024333309008,1.088042884862315
heavy_tail,D5,48,AutoARIMA,0.7064078081452984,0.7015350823948497
heavy_tail,D5,48,AutoETS,0.7321770361290058,0.7260008954714725
heavy_tail,D5,48,Combination,0.7083974306783475,0.7089178904587908
heavy_tail,D5,48,SeasonalNaive,1.073276951519517,1.0345637583442748
heavy_tail,D5,48,Theta,0.890251179055954,0.9091670720307857
heavy_tail,D5,48,TimesFM3,0.7430297115516957,0.73272149630325
heavy_tail,D5,96,AutoARIMA,0.6181371071847918,0.6130319433163772
heavy_tail,D5,96,AutoETS,0.7030657184257731,0.6857196245479211
heavy_tail,D5,96,Combination,0.6448646164275,0.6420825706543603
heavy_tail,D5,96,SeasonalNaive,1.1964530365121842,1.0916282198453144
heavy_tail,D5,96,Theta,0.780858724261583,0.772646758497074
heavy_tail,D5,96,TimesFM3,0.6757038148469511,0.6603650608685833
heavy_tail,D5,200,AutoARIMA,0.5127591258485232,0.5106006813598811
heavy_tail,D5,200,AutoETS,0.540710878538218,0.5395774058491155
heavy_tail,D5,200,Combination,0.5455652470278651,0.5452011665289377
heavy_tail,D5,200,SeasonalNaive,1.2081157737631691,1.1017777515335863
heavy_tail,D5,200,Theta,0.7846250056232564,0.7712184417362695
heavy_tail,D5,200,TimesFM3,0.535585252425227,0.536815504334708
heavy_tail,D6,24,AutoARIMA,0.907788090153028,0.6590806853863601
heavy_tail,D6,24,AutoETS,0.8495308513950607,0.6190869451629729
heavy_tail,D6,24,Combination,0.9850364027384303,0.6884565517197693
heavy_tail,D6,24,SeasonalNaive,0.8713087455578442,0.6293738489366261
heavy_tail,D6,24,Theta,1.5438683081714473,1.0092491538234314
heavy_tail,D6,24,TimesFM3,1.1521600081654932,0.8158613496660614
heavy_tail,D6,48,AutoARIMA,0.9845527642990456,0.7273722545635382
heavy_tail,D6,48,AutoETS,0.8976293354153063,0.6707677414660203
heavy_tail,D6,48,Combination,0.9525598248690837,0.7027454277206153
heavy_tail,D6,48,SeasonalNaive,0.9538944736806186,0.7037100228547978
heavy_tail,D6,48,Theta,1.1368484426910497,0.809842205164882
heavy_tail,D6,48,TimesFM3,0.9374394285232576,0.7086041496093032
heavy_tail,D6,96,AutoARIMA,0.9957962990932043,0.7760107722926145
heavy_tail,D6,96,AutoETS,0.9584399029976555,0.7535150056001778
heavy_tail,D6,96,Combination,0.9810631993794497,0.7647036321643708
heavy_tail,D6,96,SeasonalNaive,1.0791132364222975,0.8254912912801768
heavy_tail,D6,96,Theta,1.0496658856653878,0.8080923653997572
heavy_tail,D6,96,TimesFM3,0.9851093544505087,0.7858024983011405
heavy_tail,D6,200,AutoARIMA,0.9154935604408742,0.7796077609174263
heavy_tail,D6,200,AutoETS,0.8985258163438731,0.7671913644934624
heavy_tail,D6,200,Combination,0.9107281767435339,0.7759660893574627
heavy_tail,D6,200,SeasonalNaive,1.047840265098665,0.8570337065071404
heavy_tail,D6,200,Theta,0.9381995423140332,0.7930572418703759
heavy_tail,D6,200,TimesFM3,0.8798776637262065,0.754281493049726
heavy_tail,D7,24,AutoARIMA,1.7359829501928286,1.6441173277295669
heavy_tail,D7,24,AutoETS,1.6177319728058959,1.5440052852573416
heavy_tail,D7,24,Combination,1.8554310747671803,1.7176223194834899
heavy_tail,D7,24,SeasonalNaive,5.636994904310245,5.1359378115860475
heavy_tail,D7,24,Theta,3.5125994357915484,3.175869715943802
heavy_tail,D7,24,TimesFM3,1.9100635682082174,1.789886531058611
heavy_tail,D7,48,AutoARIMA,1.7905450944524133,1.6789851402534361
heavy_tail,D7,48,AutoETS,1.7176919204308196,1.609816881620976
heavy_tail,D7,48,Combination,1.3651213783596905,1.2635448022719056
heavy_tail,D7,48,SeasonalNaive,4.233314088541409,3.713416835237955
heavy_tail,D7,48,Theta,2.735039488277298,2.384158932253436
heavy_tail,D7,48,TimesFM3,1.7630439688684205,1.637867925234906
heavy_tail,D7,96,AutoARIMA,1.5854975895352732,1.3894972003766282
heavy_tail,D7,96,AutoETS,1.529600674199036,1.3395156783021442
heavy_tail,D7,96,Combination,1.2064009223494698,1.0778431471833334
heavy_tail,D7,96,SeasonalNaive,2.163820479627273,1.8463944295377481
heavy_tail,D7,96,Theta,1.8445072942043417,1.580122457024895
heavy_tail,D7,96,TimesFM3,1.8574463461193127,1.668314252775324
heavy_tail,D7,200,AutoARIMA,1.0782763407325515,0.9581777777924829
heavy_tail,D7,200,AutoETS,1.0222688183226574,0.9165605012215617
heavy_tail,D7,200,Combination,0.998484413172481,0.8959777302829905
heavy_tail,D7,200,SeasonalNaive,1.0157596521581191,0.9092625496811272
heavy_tail,D7,200,Theta,1.375355871524373,1.1921072388290583
heavy_tail,D7,200,TimesFM3,1.2648123377775113,1.1257718090772681
heavy_tail,D8,24,AutoARIMA,1.013381099127333,0.8621717347902667
heavy_tail,D8,24,AutoETS,1.0517178729939325,0.8662199354246027
heavy_tail,D8,24,Combination,1.0586352419352412,0.8775357639527767
heavy_tail,D8,24,SeasonalNaive,1.2093672379960156,1.0668639357794054
heavy_tail,D8,24,Theta,1.152593866381967,0.9298525571894122
heavy_tail,D8,24,TimesFM3,1.1136720359580563,1.081260094296323
heavy_tail,D8,48,AutoARIMA,0.9185186796679718,0.7082827744039654
heavy_tail,D8,48,AutoETS,0.9164101297188278,0.7107493391138503
heavy_tail,D8,48,Combination,0.9262982502341436,0.7128332309051237
heavy_tail,D8,48,SeasonalNaive,1.1109292622066667,0.9270365859071967
heavy_tail,D8,48,Theta,0.9610343993469028,0.7358145268464752
heavy_tail,D8,48,TimesFM3,0.7304906666145382,0.745919676726276
heavy_tail,D8,96,AutoARIMA,0.8877737855244626,0.6779366073699526
heavy_tail,D8,96,AutoETS,0.8884121594538233,0.6777638027615375
heavy_tail,D8,96,Combination,0.8820570000392084,0.6786959269262138
heavy_tail,D8,96,SeasonalNaive,0.9244452427347782,0.8423139093827197
heavy_tail,D8,96,Theta,0.875667367338437,0.6897444104222396
heavy_tail,D8,96,TimesFM3,0.6829963317838638,0.7129496256819546
heavy_tail,D8,200,AutoARIMA,0.8492218851684318,0.6570459552716512
heavy_tail,D8,200,AutoETS,0.846810101360094,0.657097861042685
heavy_tail,D8,200,Combination,0.8468036168765862,0.6587464535601878
heavy_tail,D8,200,SeasonalNaive,0.9601995214716338,0.839242492114683
heavy_tail,D8,200,Theta,0.8516886168256615,0.672444847151021
heavy_tail,D8,200,TimesFM3,0.6613529151906071,0.6946328788906198
heavy_tail,D9,24,AutoARIMA,1.5177694578448082,1.4252467610317001
heavy_tail,D9,24,AutoETS,1.7090352754783564,1.5672266528642809
heavy_tail,D9,24,Combination,1.6312866292641264,1.5081829256085968
heavy_tail,D9,24,SeasonalNaive,1.8334998672141551,1.6524196441752097
heavy_tail,D9,24,Theta,1.7825699783728342,1.6156892746158973
heavy_tail,D9,24,TimesFM3,1.5651764460275783,1.4629645847928359
heavy_tail,D9,48,AutoARIMA,1.2914528407110766,1.225467580187574
heavy_tail,D9,48,AutoETS,1.3822563195239566,1.2925539975981766
heavy_tail,D9,48,Combination,1.344319079776306,1.2639887309850173
heavy_tail,D9,48,SeasonalNaive,1.509084194025244,1.3833744365755145
heavy_tail,D9,48,Theta,1.4171557486818407,1.3182092284415816
heavy_tail,D9,48,TimesFM3,1.2408052627236104,1.179258472105611
heavy_tail,D9,96,AutoARIMA,1.1826052206880433,1.0843092945499089
heavy_tail,D9,96,AutoETS,1.3031280972508643,1.1697722735191953
heavy_tail,D9,96,Combination,1.2336358856376684,1.1209152620116931
heavy_tail,D9,96,SeasonalNaive,1.4438203396928648,1.2688296887272676
heavy_tail,D9,96,Theta,1.3150795814916805,1.1778155306380431
heavy_tail,D9,96,TimesFM3,1.1810376815714232,1.0839509223739514
heavy_tail,D9,200,AutoARIMA,1.1330434898823136,0.9650702827631866
heavy_tail,D9,200,AutoETS,1.380174553583915,1.137252239479452
heavy_tail,D9,200,Combination,1.2629588379705674,1.0574688656365243
heavy_tail,D9,200,SeasonalNaive,1.5029965611971867,1.2193876665546468
heavy_tail,D9,200,Theta,1.3825233793112985,1.1392523056427273
heavy_tail,D9,200,TimesFM3,1.1484626609324335,0.9781994217814303
outliers,D1,24,AutoARIMA,1.1534017807368446,1.043016434687415
outliers,D1,24,AutoETS,1.2223341136126868,1.0980203909392516
outliers,D1,24,Combination,1.1863337487420538,1.0692736300501098
outliers,D1,24,SeasonalNaive,1.344328320318775,1.1823006375205616
outliers,D1,24,Theta,1.2653698845654635,1.1311088722098201
outliers,D1,24,TimesFM3,1.1357977613041677,1.0349347189095477
outliers,D1,48,AutoARIMA,1.0771208845126492,0.9559438625581546
outliers,D1,48,AutoETS,1.1135924984555794,0.9904305778001441
outliers,D1,48,Combination,1.0851656159143297,0.966363991619172
outliers,D1,48,SeasonalNaive,1.3559090546451484,1.1715956726407402
outliers,D1,48,Theta,1.1339683298859429,1.0078033837976517
outliers,D1,48,TimesFM3,1.0284882305341938,0.9206015653101736
outliers,D1,96,AutoARIMA,0.9986320243699204,0.8734348608305436
outliers,D1,96,AutoETS,1.0796891028515971,0.9351590700243316
outliers,D1,96,Combination,1.0360815310349998,0.9010169281518522
outliers,D1,96,SeasonalNaive,1.2338637821753888,1.0584078095989438
outliers,D1,96,Theta,1.0929001044526543,0.9458060725691115
outliers,D1,96,TimesFM3,1.0011530079711002,0.8760151261520793
outliers,D1,200,AutoARIMA,0.9960665803103954,0.871717229506695
outliers,D1,200,AutoETS,1.1097724251503873,0.9536148327896057
outliers,D1,200,Combination,1.0394436754489311,0.9042448116562933
outliers,D1,200,SeasonalNaive,1.322036637218502,1.113056046732168
outliers,D1,200,Theta,1.12084403110927,0.9632769038963744
outliers,D1,200,TimesFM3,1.0013789803969118,0.8751693911663061
outliers,D2,24,AutoARIMA,1.1453578698627438,1.0511982324591096
outliers,D2,24,AutoETS,1.226294495863816,1.1138401288466986
outliers,D2,24,Combination,1.1715527429027854,1.0732845957291772
outliers,D2,24,SeasonalNaive,1.389458752983254,1.2376080215105623
outliers,D2,24,Theta,1.2766190793308045,1.1561325237492368
outliers,D2,24,TimesFM3,1.1158947446549212,1.0310545085477927
outliers,D2,48,AutoARIMA,1.0782331734411266,0.96876689538904
outliers,D2,48,AutoETS,1.2090993237586403,1.075634551163933
outliers,D2,48,Combination,1.134910712643372,1.0170125804600925
outliers,D2,48,SeasonalNaive,1.3804707177807933,1.2023876794955366
outliers,D2,48,Theta,1.2271695655228019,1.09007249462242
outliers,D2,48,TimesFM3,1.0718869421383515,0.9650403204443221
outliers,D2,96,AutoARIMA,1.0232492375682851,0.9114867343611927
outliers,D2,96,AutoETS,1.1258504019429945,0.9893270899222004
outliers,D2,96,Combination,1.0632865080011913,0.9435522204899397
outliers,D2,96,SeasonalNaive,1.3188376836749245,1.1336413066545339
outliers,D2,96,Theta,1.1350054373350056,0.99599095053209
outliers,D2,96,TimesFM3,1.0115056870930268,0.8972688612968358
outliers,D2,200,AutoARIMA,0.930262555571444,0.8142033979765444
outliers,D2,200,AutoETS,1.0371538083578418,0.9020915323455247
outliers,D2,200,Combination,0.9688098016885605,0.8462879976112474
outliers,D2,200,SeasonalNaive,1.325358053292621,1.1186038671310512
outliers,D2,200,Theta,1.042686905845561,0.909352180272203
outliers,D2,200,TimesFM3,0.9135604811386042,0.7997497562734927
outliers,D3,24,AutoARIMA,3.1749203191203925,2.8793068245698663
outliers,D3,24,AutoETS,3.0056175881165244,2.7166180784723575
outliers,D3,24,Combination,2.8662891984909247,2.5970931253902814
outliers,D3,24,SeasonalNaive,2.7748733951660176,2.5185182377040993
outliers,D3,24,Theta,2.7727980663156098,2.5050422039928724
outliers,D3,24,TimesFM3,3.105029230678475,2.8066873495510603
outliers,D3,48,AutoARIMA,2.5973421080014982,2.297902625245007
outliers,D3,48,AutoETS,2.5796275837028,2.262326554267369
outliers,D3,48,Combination,2.4602310943206316,2.167002976332492
outliers,D3,48,SeasonalNaive,2.554616921238508,2.228939371548289
outliers,D3,48,Theta,2.4308537527497722,2.1272490337478884
outliers,D3,48,TimesFM3,2.6797306076838563,2.3863477363345797
outliers,D3,96,AutoARIMA,2.6699773479447337,2.292589446024952
outliers,D3,96,AutoETS,2.6226190707408183,2.2447348338926276
outliers,D3,96,Combination,2.5437801154945445,2.1749910741929908
outliers,D3,96,SeasonalNaive,2.526189062578614,2.1514422866589924
outliers,D3,96,Theta,2.4926774244895564,2.123943804187167
outliers,D3,96,TimesFM3,2.6238046238564663,2.2405293311181693
outliers,D3,200,AutoARIMA,2.446738515813814,2.0872771685940377
outliers,D3,200,AutoETS,2.401210916319892,2.0472082077146223
outliers,D3,200,Combination,2.4240901040839256,2.067603613137735
outliers,D3,200,SeasonalNaive,2.625784989732931,2.233432526195491
outliers,D3,200,Theta,2.513250433991956,2.14161785437102
outliers,D3,200,TimesFM3,2.594580767242162,2.222404559060587
outliers,D4,24,AutoARIMA,2.0337680273884886,1.769316434811078
outliers,D4,24,AutoETS,2.7019328749179228,2.405329062657023
outliers,D4,24,Combination,2.5059068742938124,2.2444364566817843
outliers,D4,24,SeasonalNaive,0.971328594354311,0.9318356652217906
outliers,D4,24,Theta,3.487002557079199,3.1414362519366206
outliers,D4,24,TimesFM3,1.3337506286069125,1.1742938563772485
outliers,D4,48,AutoARIMA,1.0304644196085198,0.8722485464001077
outliers,D4,48,AutoETS,1.3624184135901607,1.1208101041346767
outliers,D4,48,Combination,1.2531172608840984,1.0171377143527587
outliers,D4,48,SeasonalNaive,0.88890480444049,0.8134911535822513
outliers,D4,48,Theta,1.63915877408047,1.299476999623178
outliers,D4,48,TimesFM3,1.2087578417732512,0.9644879169483214
outliers,D4,96,AutoARIMA,0.9989178792830786,0.7300752168733955
outliers,D4,96,AutoETS,1.480465032229232,0.9718032503655128
outliers,D4,96,Combination,1.2787552667734368,0.8404731921463187
outliers,D4,96,SeasonalNaive,0.8275099179750627,0.6828539729185443
outliers,D4,96,Theta,1.5769326251355409,1.0335254112244021
outliers,D4,96,TimesFM3,1.0543092348023346,0.6910902547848334
outliers,D4,200,AutoARIMA,0.9534352841919792,0.587726651768665
outliers,D4,200,AutoETS,1.0572811335022934,0.6285955625774939
outliers,D4,200,Combination,1.2087774336365456,0.6992370020391978
outliers,D4,200,SeasonalNaive,0.7886200198203264,0.6132671611920347
outliers,D4,200,Theta,1.93522359990505,1.1137498173865452
outliers,D4,200,TimesFM3,0.9094941671401506,0.5393752574114974
outliers,D5,24,AutoARIMA,1.488756341614895,1.3597978096154608
outliers,D5,24,AutoETS,1.9321741090943316,1.7716133035267358
outliers,D5,24,Combination,1.7788695104282533,1.6347379314345747
outliers,D5,24,SeasonalNaive,1.0104453041078336,0.9593082005243364
outliers,D5,24,Theta,2.1462353941855725,1.9912016464723066
outliers,D5,24,TimesFM3,1.1146743559263086,0.9895567116000489
outliers,D5,48,AutoARIMA,0.7669773787757935,0.7314922091059829
outliers,D5,48,AutoETS,0.7568676949453312,0.6685745864424778
outliers,D5,48,Combination,0.7683114788022326,0.6829382468658247
outliers,D5,48,SeasonalNaive,1.0273700372296402,0.9476326973434632
outliers,D5,48,Theta,1.09089587914814,0.9729288826825254
outliers,D5,48,TimesFM3,0.7498403591575625,0.6489269623818404
outliers,D5,96,AutoARIMA,0.6974771401644544,0.5993261756095406
outliers,D5,96,AutoETS,0.6885212355609822,0.5791571445789977
outliers,D5,96,Combination,0.6581658363287921,0.5625200492166114
outliers,D5,96,SeasonalNaive,1.03100678091056,0.8998093740803834
outliers,D5,96,Theta,0.7367032447099446,0.6426200176079979
outliers,D5,96,TimesFM3,0.6173540053378234,0.5224335734587517
outliers,D5,200,AutoARIMA,0.6413406791791553,0.5301939406044027
outliers,D5,200,AutoETS,0.590135667187324,0.49121628133111317
outliers,D5,200,Combination,0.6221955616042003,0.5183024346725474
outliers,D5,200,SeasonalNaive,1.1272081687505517,0.961052703743016
outliers,D5,200,Theta,0.7972521412966158,0.6781545189815248
outliers,D5,200,TimesFM3,0.5235070151014874,0.44525060574822395
outliers,D6,24,AutoARIMA,0.9210104861057186,0.7017837676170495
outliers,D6,24,AutoETS,0.8464205008349728,0.6552045888131225
outliers,D6,24,Combination,0.9094222490824335,0.6867035189812991
outliers,D6,24,SeasonalNaive,0.8430972294771508,0.6422408130274672
outliers,D6,24,Theta,1.2606286065745365,0.9175100340023913
outliers,D6,24,TimesFM3,1.0256003339364368,0.7809686650986758
outliers,D6,48,AutoARIMA,0.8932513451861371,0.6940579323843259
outliers,D6,48,AutoETS,0.8405016692647691,0.6594188914997271
outliers,D6,48,Combination,0.8541273720250259,0.6643522463312783
outliers,D6,48,SeasonalNaive,0.8994677490303915,0.69698814524329
outliers,D6,48,Theta,0.9606845902836831,0.7337359159376784
outliers,D6,48,TimesFM3,0.799120818310012,0.6367566886521993
outliers,D6,96,AutoARIMA,0.8003017066587483,0.6580464873041774
outliers,D6,96,AutoETS,0.7789795386326136,0.642218431444856
outliers,D6,96,Combination,0.785437263266453,0.6479565605549104
outliers,D6,96,SeasonalNaive,0.9046419940841033,0.7311063973342675
outliers,D6,96,Theta,0.8226680680743861,0.6771967536095922
outliers,D6,96,TimesFM3,0.8004468606805233,0.6616537581316437
outliers,D6,200,AutoARIMA,0.7682106724785193,0.6487509638871404
outliers,D6,200,AutoETS,0.755181468556476,0.6407132158124945
outliers,D6,200,Combination,0.7642528883413882,0.6467854224587818
outliers,D6,200,SeasonalNaive,0.9540873568317529,0.780575034013572
outliers,D6,200,Theta,0.781130805405938,0.6597358051224131
outliers,D6,200,TimesFM3,0.7266761780738095,0.6190183732792669
outliers,D7,24,AutoARIMA,1.7336131530597512,1.5389093279574508
outliers,D7,24,AutoETS,1.4853608501054274,1.3384128606083592
outliers,D7,24,Combination,1.8131921120130847,1.6101820532639544
outliers,D7,24,SeasonalNaive,4.845386021634552,4.310309142458945
outliers,D7,24,Theta,3.0791102313050023,2.7121680726234145
outliers,D7,24,TimesFM3,1.8659932114246576,1.6633993250908103
outliers,D7,48,AutoARIMA,1.6965482212953396,1.5148995154760811
outliers,D7,48,AutoETS,1.6058337021455937,1.4406706764695116
outliers,D7,48,Combination,1.2887677363971504,1.1431304682965582
outliers,D7,48,SeasonalNaive,3.4181408706160505,2.921579848780337
outliers,D7,48,Theta,2.2861999238185984,1.9335517432248708
outliers,D7,48,TimesFM3,1.739788759164887,1.5319124653602276
outliers,D7,96,AutoARIMA,1.4488474435832577,1.2508577832288466
outliers,D7,96,AutoETS,1.366841460082392,1.1790704662508131
outliers,D7,96,Combination,1.0799975074634265,0.9352111269741874
outliers,D7,96,SeasonalNaive,1.7912048830552123,1.500383480287297
outliers,D7,96,Theta,1.5355065815638997,1.2890098487734076
outliers,D7,96,TimesFM3,1.608317004094965,1.3899413616984686
outliers,D7,200,AutoARIMA,1.0335938879736926,0.882868427192565
outliers,D7,200,AutoETS,0.976456874274987,0.8369614389240205
outliers,D7,200,Combination,0.9162909377958754,0.788301895341226
outliers,D7,200,SeasonalNaive,0.9638636713976944,0.8196823114649221
outliers,D7,200,Theta,1.1161935532445912,0.9483280914122383
outliers,D7,200,TimesFM3,1.1249634029814244,0.9706763710793225
outliers,D8,24,AutoARIMA,0.9298692039368961,0.7155481099968771
outliers,D8,24,AutoETS,0.9884077976548231,0.7400403997769144
outliers,D8,24,Combination,0.9873378749250064,0.7436245351217745
outliers,D8,24,SeasonalNaive,1.1557981386345801,0.9726450974151738
outliers,D8,24,Theta,1.0695609164985018,0.7998888452517351
outliers,D8,24,TimesFM3,1.008837392602261,0.9376571421235713
outliers,D8,48,AutoARIMA,0.853986094146086,0.6052122180581727
outliers,D8,48,AutoETS,0.8677076123588577,0.6094963132416774
outliers,D8,48,Combination,0.863646334183397,0.6077572534630241
outliers,D8,48,SeasonalNaive,0.9937652320329913,0.8192910972698201
outliers,D8,48,Theta,0.8811340234487933,0.6233954576749041
outliers,D8,48,TimesFM3,0.6757232612118734,0.6379101327160983
outliers,D8,96,AutoARIMA,0.8310840688006776,0.5733981052339494
outliers,D8,96,AutoETS,0.8337342241457243,0.5776878409738918
outliers,D8,96,Combination,0.8287254744775463,0.5764447066414884
outliers,D8,96,SeasonalNaive,0.897912824285211,0.764012482201399
outliers,D8,96,Theta,0.8298805644805397,0.5931340615169292
outliers,D8,96,TimesFM3,0.6575396231224478,0.6063010749582222
outliers,D8,200,AutoARIMA,0.7892946531782279,0.5286655963851289
outliers,D8,200,AutoETS,0.7877384579816706,0.5254765799841853
outliers,D8,200,Combination,0.7903572992115983,0.528821349820563
outliers,D8,200,SeasonalNaive,1.0084547854438852,0.7758758572096995
outliers,D8,200,Theta,0.8062703300390203,0.5488899765866833
outliers,D8,200,TimesFM3,0.6112093703775001,0.557889187898995
outliers,D9,24,AutoARIMA,1.2481180439628257,1.126740697707784
outliers,D9,24,AutoETS,1.409167994523368,1.2542333854886707
outliers,D9,24,Combination,1.3291080434564002,1.191032304512327
outliers,D9,24,SeasonalNaive,1.5554057522557914,1.3604395146790753
outliers,D9,24,Theta,1.4430772106828624,1.2810789056062504
outliers,D9,24,TimesFM3,1.249638062958473,1.130638797916271
outliers,D9,48,AutoARIMA,1.067601600538544,0.9532983294991325
outliers,D9,48,AutoETS,1.1425989933190408,1.0108328256569687
outliers,D9,48,Combination,1.105555324258898,0.9838812075382672
outliers,D9,48,SeasonalNaive,1.365039805865372,1.1822158977490418
outliers,D9,48,Theta,1.1875466684050537,1.046071997551488
outliers,D9,48,TimesFM3,1.0085347333243448,0.9024354025878994
outliers,D9,96,AutoARIMA,0.8859717083206169,0.7727759434486384
outliers,D9,96,AutoETS,0.9485107679718601,0.8190144992797406
outliers,D9,96,Combination,0.9132934030197397,0.790676943274804
outliers,D9,96,SeasonalNaive,1.1185870857384517,0.9486395693435443
outliers,D9,96,Theta,0.9582225744964614,0.8262398563417601
outliers,D9,96,TimesFM3,0.9043605078915533,0.7847089037913577
outliers,D9,200,AutoARIMA,0.9836683555638692,0.8555321826027105
outliers,D9,200,AutoETS,1.166855771661711,0.9908317405845775
outliers,D9,200,Combination,1.0804924863267906,0.927494983718029
outliers,D9,200,SeasonalNaive,1.3864698720429371,1.153846181761945
outliers,D9,200,Theta,1.1725181563653349,0.99701573085849
outliers,D9,200,TimesFM3,0.9726543401649917,0.8478527785969703
