variant,stat,value,lo,hi
clean,tfm_wins,14.0,11.0,16.0
clean,tfm_worst,1.5593634197523403,1.431754673902235,1.7283851756831234
clean,tfm_meanratio,1.0905868887428456,1.0843587179355951,1.1012716861004053
clean,tfm_within10,0.7222222222222222,0.6388888888888888,0.75
clean,classical_worst_min,2.119616595350426,1.9935466051666013,2.261285470370536
est_period,tfm_wins,16.0,13.0,18.0
est_period,tfm_worst,1.5530261154186675,1.4074943501713735,1.7080246191261865
est_period,tfm_meanratio,1.0782968808140336,1.0726828113393845,1.0886854041697958
est_period,tfm_within10,0.75,0.6944444444444444,0.7777777777777778
est_period,classical_worst_min,1.5836197802472887,1.4825075515751875,1.6689190662323465
heavy_outliers,tfm_wins,19.0,15.0,20.0
heavy_outliers,tfm_worst,1.5607042784771465,1.4227569945045218,1.7623484388067188
heavy_outliers,tfm_meanratio,1.0869810962189412,1.0804853745872467,1.0997889076248621
heavy_outliers,tfm_within10,0.6944444444444444,0.6111111111111112,0.7222222222222222
heavy_outliers,classical_worst_min,2.3006189939862702,2.118146332900434,2.5318025926270007
heavy_tail,tfm_wins,15.0,11.0,17.0
heavy_tail,tfm_worst,1.5396592556493824,1.4378269991265773,1.7866659713207287
heavy_tail,tfm_meanratio,1.0997200843725632,1.091631131788401,1.1180810161831576
heavy_tail,tfm_within10,0.7222222222222222,0.6111111111111112,0.7222222222222222
heavy_tail,classical_worst_min,2.3152656764186137,2.142004911821925,2.5129164239633037
outliers,tfm_wins,16.0,12.0,19.0
outliers,tfm_worst,1.4891858480973668,1.380433364337574,1.82843090311913
outliers,tfm_meanratio,1.0842702972564215,1.0772282587309978,1.1043481283765968
outliers,tfm_within10,0.6666666666666666,0.6111111111111112,0.75
outliers,classical_worst_min,2.093800222920889,1.9642163606015013,2.227068927300105
