method,mean_rank,lower,upper,differs_from_best,friedman_chi2,friedman_p,nemenyi_cd,k,N
AutoARIMA,4.584158415841584,3.9102155584933773,5.258101273189791,False,63.03348334833481,3.47562240221788e-10,1.347885714696413,10,101
Combination,4.772277227722772,4.098334370374566,5.446220085070978,False,63.03348334833481,3.47562240221788e-10,1.347885714696413,10,101
AutoETS,5.1683168316831685,4.494373974334962,5.8422596890313745,False,63.03348334833481,3.47562240221788e-10,1.347885714696413,10,101
TimesFM25,5.336633663366337,4.66269080601813,6.010576520714544,False,63.03348334833481,3.47562240221788e-10,1.347885714696413,10,101
TiRex,5.356435643564357,4.68249278621615,6.030378500912564,False,63.03348334833481,3.47562240221788e-10,1.347885714696413,10,101
Theta,5.544554455445544,4.870611598097337,6.218497312793751,False,63.03348334833481,3.47562240221788e-10,1.347885714696413,10,101
ChronosBolt,5.554455445544554,4.880512588196348,6.22839830289276,False,63.03348334833481,3.47562240221788e-10,1.347885714696413,10,101
Chronos2,5.554455445544554,4.880512588196348,6.22839830289276,False,63.03348334833481,3.47562240221788e-10,1.347885714696413,10,101
TimesFM3,5.584158415841584,4.910215558493377,6.258101273189791,False,63.03348334833481,3.47562240221788e-10,1.347885714696413,10,101
SeasonalNaive,7.544554455445544,6.870611598097337,8.218497312793751,True,63.03348334833481,3.47562240221788e-10,1.347885714696413,10,101
