method,mean_MASE,median_MASE,relMASE_vs_SNaive,gmean_ratio_vs_SNaive,mean_MASE_late,median_MASE_late,mean_sMAPE_pos,cover80,SPL,width80,n_series
AutoARIMA,0.5403091429678901,0.41141068892532384,0.6033032676196224,0.5770260011755504,0.7215584985803403,0.5379765195912991,4.932170179992309,0.9125412541254125,0.24065962122856066,2.721697287499382,101
TiRex,0.5555924318660568,0.4394537187591577,0.6203684205089315,0.616843486052669,0.7457302554888454,0.5635412161623907,4.798607925415291,0.8641364136413641,0.22874979885676863,2.2446393523537127,101
Combination,0.5557761146099313,0.4449112300936415,0.6205735186477046,0.6274078266392416,0.7564618143989401,0.5575403639965609,4.819633836965207,0.8795379537953795,0.24975632658707644,2.7746750837706724,101
AutoETS,0.5724298462152777,0.4548342505357363,0.6391688928447369,0.6168497301561243,0.7740468327831791,0.5608210657810924,5.060978916784048,0.9081408140814082,0.2616226753434402,3.077372866137034,101
ChronosBolt,0.5816950973631391,0.504725589485855,0.649514370735629,0.6398036901051332,0.7755751158478089,0.5937156615583096,5.111461882453236,0.8872387238723872,0.23840519944875138,2.4479607540240935,101
Chronos2,0.5931182751251246,0.4242159407037622,0.6622693658344538,0.6308825659336775,0.807724440786943,0.5773694849382152,5.20448225968858,0.7975797579757976,0.2446900622860524,2.083584915506094,101
Theta,0.6019466450016008,0.47914414464097643,0.672127026885637,0.6807034438622382,0.8325096441283112,0.612569959932887,4.968101668267399,0.8426842684268427,0.27016212799459666,2.5249550976756012,101
TimesFM3,0.6069643993722142,0.4257745212665482,0.6777297964247111,0.6414633622306537,0.8573077337510288,0.5722124809100633,6.015402039101599,0.8382838283828383,0.24227162948270134,2.0926811231467357,101
TimesFM25,0.6083877468618399,0.4036961379402348,0.6793190906327131,0.6099682236843202,0.8329643834068314,0.47731454155049136,6.844977352618811,0.8498349834983497,0.2538537775421947,2.2288549132030413,101
Naive,0.6486496518280038,0.5070924104235227,0.7242750924750156,0.7141318350880734,0.9142250670690881,0.6491737382760165,5.266605715842802,,,,101
SeasonalNaive,0.8955846453471399,0.6638774197852471,1.0,1.0,1.1454248382419157,0.7785190315331232,7.761474446095801,0.9114411441144115,0.3811072301495736,4.1316208305428255,101
