n,method,MASE,RMSSE,sME,sPIS,SPL,failures,MASE_med,cover80,poisson_fallbacks,series
24,NegBin,0.9754297049451571,0.7439446910996833,-0.06902622740968727,-12.937160501375908,0.3200866292812752,0,0.7310220587948959,0.8566666666666667,0,200
24,TSBcomp,0.9712168010210854,0.7643396308930427,-0.09487658985635186,-16.726464200253428,0.329550962874876,0,0.770661086465308,0.8791666666666668,0,200
24,iETS,0.9619035383172705,0.7366879043764359,-0.05288130125769202,-10.091749105495294,0.305994271601655,3,0.7092503759591173,0.8743654822335025,0,200
48,NegBin,0.957081694756535,0.7099791823918815,-0.030632138330617825,-3.1641083556302436,0.30422661501018977,0,0.6845224179700405,0.8604166666666667,0,200
48,TSBcomp,0.9667366888801228,0.7319354914665509,-0.009747486621536303,-0.8204646632213681,0.3142675369728232,0,0.7397345477101428,0.8883333333333333,0,200
48,iETS,0.9582686253558087,0.7116335526613736,-0.026785910245415247,-2.837802910715871,0.2980730990767123,0,0.6841338597782545,0.8870833333333333,0,200
96,NegBin,0.9236782298207395,0.69179453286544,-0.016983481966112542,-5.195380010650144,0.28904818415960126,0,0.6679610978255529,0.8670833333333333,0,200
96,TSBcomp,0.9153556516809961,0.7144909926702182,-0.0401025090857417,-7.928138813655031,0.29798952505627285,0,0.7029626176118283,0.8866666666666667,0,200
96,iETS,0.9210691509200722,0.6929479374453446,-0.02474888810303003,-6.101273135359957,0.28265059936929154,0,0.6679610978255529,0.8920833333333333,0,200
200,NegBin,0.9384916613475366,0.7030821934369524,-0.02972006946954753,-5.489785760411417,0.29499051964628115,0,0.6862806328802741,0.86375,0,200
200,TSBcomp,0.9493671711314738,0.7289794374591488,-0.004081262567263206,-2.7898075116761163,0.30575215392978233,0,0.7440087992209073,0.8895833333333333,0,200
200,iETS,0.937959365827912,0.7038895302810676,-0.029768186195708854,-5.48570470985697,0.287002736140858,0,0.6862806328802741,0.88375,0,200
