analysis,difficulty,estimator,n_obs,coef_other_vs_classical,lo,hi,p,n_other,n_classical,diff_lo_edge,diff_hi_edge,med_other,med_classical
pooled,entropy,OLS_HC3,6373,-0.09566230928467305,-0.12770322525499544,-0.06362139331435065,4.864958228584088e-09,,,,,,
pooled,entropy,median_reg,6373,-0.06641882968175883,-0.08153329616996702,-0.051304363193550646,8.757210806918971e-18,,,,,,
pooled_diff_x_n,entropy,OLS_HC3,6373,-0.12377317763108739,-0.15572226893077462,-0.09182408633140016,3.124677398532173e-14,,,,,,
pooled_diff_x_n,entropy,median_reg,6373,-0.08812844774286988,-0.10406115904990287,-0.07219573643583688,3.707296730991717e-27,,,,,,
common_support,entropy,OLS_HC3,5294,-0.08801385185879874,-0.12403013378016026,-0.05199756993743723,1.6710494796073948e-06,,,,,,
common_support,entropy,median_reg,5294,-0.06896729064776921,-0.08648944075987038,-0.05144514053566805,1.4232414138053524e-14,,,,,,
D9_vs_classical,entropy,OLS_HC3,4800,-0.043266072701753346,-0.07078552792081336,-0.01574661748269334,0.0020599207882881277,,,,,,
D9_vs_classical,entropy,median_reg,4800,-0.008173272011644861,-0.027146529431667787,0.010799985408378066,0.3984190376208303,,,,,,
quintile_1,entropy,median_diff_boot,1275,0.07530355770879563,0.027694603480279956,0.13068460738413812,,448.0,827.0,0.01380566329337981,0.34149514792804403,0.02939259057293246,-0.04591096713586316
quintile_2,entropy,median_diff_boot,1274,-0.07626579785383687,-0.12881727849331878,-0.03318613872089867,,548.0,726.0,0.34161807838369573,0.45967375023813634,-0.014748411888064847,0.061517385965772026
quintile_3,entropy,median_diff_boot,1275,-0.08160579973157524,-0.13465939246409828,-0.03659757236901825,,480.0,795.0,0.45975778672035367,0.6189834650635135,0.021706978439898345,0.10331277817147358
quintile_4,entropy,median_diff_boot,1274,-0.060550243368741846,-0.10558541154007954,-0.005010566769635635,,230.0,1044.0,0.6190145972611146,0.8329861201744864,-0.0587117905405108,0.001838452828231044
quintile_5,entropy,median_diff_boot,1275,-0.21089520601283743,-0.2629452319385928,-0.17077066695196433,,667.0,608.0,0.8331129596980837,1.0000000000000002,-0.20944969240585526,0.0014455136069821586
pooled,log_snaive,OLS_HC3,6373,-0.09014875729616573,-0.12238975854123564,-0.05790775605109581,4.2475724830137744e-08,,,,,,
pooled,log_snaive,median_reg,6373,-0.04774370993230663,-0.06315006890626254,-0.032337350958350726,1.3113841596845354e-09,,,,,,
pooled_diff_x_n,log_snaive,OLS_HC3,6373,-0.10279162544683078,-0.13545646144676288,-0.07012678944689868,6.927737257715841e-10,,,,,,
pooled_diff_x_n,log_snaive,median_reg,6373,-0.05179044783690514,-0.06743129972324909,-0.03614959595056119,9.162257877702982e-11,,,,,,
common_support,log_snaive,OLS_HC3,5376,-0.09015439198499248,-0.12218650103038539,-0.05812228293959957,3.461718423841968e-08,,,,,,
common_support,log_snaive,median_reg,5376,-0.04692777201316134,-0.06287733876355961,-0.030978205262763063,8.46866769384377e-09,,,,,,
D9_vs_classical,log_snaive,OLS_HC3,4800,-0.011267563615008058,-0.037339813456171767,0.014804686226155652,0.3969775215080611,,,,,,
D9_vs_classical,log_snaive,median_reg,4800,-0.007985560545951554,-0.025577372513231156,0.009606251421328049,0.37355175018251874,,,,,,
quintile_1,log_snaive,median_diff_boot,1275,-0.05560909373054625,-0.11358003721398549,-0.01357323302400746,,697.0,578.0,-2.9047604953482655,-0.2773857214661461,-0.0764607411430706,-0.02085164741252435
quintile_2,log_snaive,median_diff_boot,1274,-0.020097827177588637,-0.046986756639887585,-0.0031267752864110234,,459.0,815.0,-0.2771761312178772,0.013349382067669507,-0.009956616712197061,0.010141210465391575
quintile_3,log_snaive,median_diff_boot,1275,-0.057891586704093195,-0.09431454695457654,-0.027741598577462116,,364.0,911.0,0.013911021598060555,0.2888793265968028,-0.03307204624513891,0.02481954045895429
quintile_4,log_snaive,median_diff_boot,1274,-0.09797994850308542,-0.1479266699154859,-0.05018384220913133,,360.0,914.0,0.28926189958041987,0.7310049054207741,-0.08804053497503297,0.009939413528052436
quintile_5,log_snaive,median_diff_boot,1275,-0.04657925030823905,-0.0823798797611882,-0.006857706944415856,,493.0,782.0,0.7313639295463217,2.64903680700068,-0.016662302930454637,0.029916947377784407
