scheme,bin,lo,hi,pop_share,sample_share,sample_count,weight
eligible_q5,1,-inf,186.0,0.20978484392744237,0.221,221,0.9492526874544903
eligible_q5,2,186.0,240.0,0.201528498204475,0.204,204,0.9878847951199755
eligible_q5,3,240.0,306.0,0.3428071575458089,0.333,333,1.0294509235609877
eligible_q5,4,306.0,328.0,0.046223258954605446,0.047,47,0.9834735947788393
eligible_q5,5,328.0,inf,0.19965624136766827,0.195,195,1.0238781608598373
full_q5_supported,1,-inf,70.0,0.20554166666666668,0.0,0,
full_q5_supported,2,70.0,174.0,0.2005,0.147,147,1.3639455782312926
full_q5_supported,3,174.0,240.0,0.194375,0.278,278,0.6991906474820143
full_q5_supported,4,240.0,306.0,0.2326875,0.333,333,0.6987612612612611
full_q5_supported,5,306.0,inf,0.16689583333333333,0.242,242,0.6896522038567493
proxy_long_part_q5,1,-inf,186.0,0.20978484392744237,0.221,221,0.9492526874544903
proxy_long_part_q5,2,186.0,240.0,0.201528498204475,0.204,204,0.9878847951199755
proxy_long_part_q5,3,240.0,306.0,0.3428071575458089,0.333,333,1.0294509235609877
proxy_long_part_q5,4,306.0,328.0,0.046223258954605446,0.047,47,0.9834735947788393
proxy_long_part_q5,5,328.0,inf,0.19965624136766827,0.195,195,1.0238781608598373
