scheme,method,sMAPE,MASE,OWA,rank_OWA_all,rank_OWA_core,rank_MASE_core,rank_sMAPE_core
unweighted,FFORMA,7.821528611772531,0.8892922035353589,0.8313760813449407,1,1.0,1.0,1.0
unweighted,Jaganathan,7.87878490068928,0.9024510577748823,0.8405071533489057,2,2.0,2.0,2.0
unweighted,Smyl,7.976984515102025,0.9071353250705398,0.847976987426442,3,3.0,3.0,4.0
unweighted,Pawlikowski,7.95285829599199,0.9115834856128693,0.8487060257346188,4,4.0,4.0,3.0
unweighted,TiRex,8.04317726547986,0.9157197447937645,0.8554975815003671,5,5.0,5.0,5.0
unweighted,TimesFM3eval,8.00835267577746,0.9225037747558729,0.8567163346438629,6,,,
unweighted,Petropoulos,8.091285491490897,0.9163730412869246,0.8584052709786709,7,6.0,6.0,8.0
unweighted,Chronos2,8.108725589626477,0.9167840266339329,0.859539120577908,8,7.0,7.0,10.0
unweighted,Fiorucci,8.093329451514453,0.9201506716054438,0.8602461966390387,9,8.0,8.0,9.0
unweighted,TimesFM3,8.048085233652829,0.929275532891466,0.8619720508668776,10,9.0,11.0,6.0
unweighted,TimesFM25,8.149503393681671,0.9222140158758999,0.8642370008098292,11,10.0,9.0,11.0
unweighted,Shaub,8.061585220352802,0.9330337796976006,0.8644252595028123,12,11.0,12.0,7.0
unweighted,CombEAD,8.15862376313698,0.927711558679429,0.867249313206778,13,,,
unweighted,Combination,8.158279504285554,0.9286767558745891,0.8676726932812036,14,12.0,10.0,12.0
unweighted,TimesFM25raw,8.250878974366115,0.9319704670166497,0.8742020259865257,15,,,
unweighted,Doornik,8.208998257252212,0.9451326509572182,0.8779592883510038,16,13.0,14.0,13.0
unweighted,Pedregal,8.305664829118264,0.9533691700164578,0.8869728783701818,17,14.0,15.0,14.0
unweighted,AutoARIMA,8.496758014821927,0.9393455097180443,0.8909115622903387,18,15.0,13.0,17.0
unweighted,ChronosBolt,8.397087451179189,0.9708577351557447,0.8999394368208036,19,16.0,17.0,15.0
unweighted,AutoETS,8.447778233333054,0.9660698797940359,0.9004951876485301,20,17.0,16.0,16.0
unweighted,M4Comb,8.500218416563195,0.982320859494737,0.9107812726033335,21,18.0,18.0,18.0
unweighted,M4CombPub,8.493481895242569,0.9848190881546098,0.9115601621087879,22,,,
unweighted,Legaki,8.509848935509476,0.99459148812956,0.9169232204052664,23,19.0,19.0,19.0
unweighted,DOTM,8.589792547167447,0.9955949128687444,0.9217174186220884,24,20.0,20.0,20.0
unweighted,Theta,8.590020804963766,1.0055019604822066,0.9262670782535747,25,21.0,21.0,21.0
unweighted,M4Theta,8.595391782374131,1.0050623221713644,0.9263569515525965,26,,,
unweighted,Naive2,9.22147303555315,1.091737849436654,1.0,27,,,
unweighted,SeasonalNaive,10.385992922615532,1.3060495142773516,1.1612933642329413,28,22.0,22.0,22.0
eligible_q5,FFORMA,7.73431832875457,0.888632659650263,0.830740005035659,1,1.0,1.0,1.0
eligible_q5,Jaganathan,7.790731524586147,0.9016966860749523,0.8398136411414179,2,2.0,2.0,2.0
eligible_q5,Smyl,7.887490618324204,0.9065852972961435,0.8473542612760057,3,3.0,3.0,4.0
eligible_q5,Pawlikowski,7.86266507672543,0.91077481428045,0.8479124498773758,4,4.0,4.0,3.0
eligible_q5,TiRex,7.955093375035112,0.9151016642606394,0.8549585129467174,5,5.0,5.0,5.0
eligible_q5,TimesFM3eval,7.919345325162618,0.9214337366989669,0.8558993433542337,6,,,
eligible_q5,Petropoulos,8.002134180113357,0.9154658148938613,0.85770289485091,7,6.0,6.0,8.0
eligible_q5,Chronos2,8.01716117658856,0.9158833903085126,0.8587175284066464,8,7.0,7.0,10.0
eligible_q5,Fiorucci,8.00419315868391,0.9193966220235862,0.8596157630110222,9,8.0,8.0,9.0
eligible_q5,TimesFM3,7.958554131263449,0.9281225570862062,0.8611108402737985,10,9.0,11.0,6.0
eligible_q5,TimesFM25,8.059702848648023,0.920980635346087,0.863382816958735,11,10.0,9.0,11.0
eligible_q5,Shaub,7.970336860734612,0.93257800224758,0.8637967753676552,12,11.0,12.0,7.0
eligible_q5,CombEAD,8.067947180059742,0.9269144387442878,0.8665518523566699,13,,,
eligible_q5,Combination,8.067715187498708,0.9279643434053301,0.8670199259426117,14,12.0,10.0,12.0
eligible_q5,TimesFM25raw,8.158391874828792,0.9304836104108095,0.8731422571162017,15,,,
eligible_q5,Doornik,8.122601838070272,0.9448651872270194,0.8777669185861584,16,13.0,14.0,13.0
eligible_q5,Pedregal,8.215407253530866,0.9527113054670681,0.8864452342131994,17,14.0,15.0,14.0
eligible_q5,AutoARIMA,8.400628845549205,0.9385675554819635,0.8901176612921862,18,15.0,13.0,17.0
eligible_q5,AutoETS,8.353954951028525,0.9651584375932524,0.899736976981282,19,16.0,16.0,16.0
eligible_q5,ChronosBolt,8.308080498889703,0.9707563626746638,0.8997867357803357,20,17.0,17.0,15.0
eligible_q5,M4Comb,8.40673268322258,0.9815650046440413,0.9101420648187495,21,18.0,18.0,18.0
eligible_q5,M4CombPub,8.399991597145554,0.9840642690376292,0.910917178539838,22,,,
eligible_q5,Legaki,8.416724176988732,0.99394794909749,0.9163601098498328,23,19.0,19.0,19.0
eligible_q5,DOTM,8.496540409808796,0.9949452072247638,0.921190359039307,24,20.0,20.0,20.0
eligible_q5,Theta,8.497039599713181,1.0050729858943217,0.9258555540479168,25,21.0,21.0,21.0
eligible_q5,M4Theta,8.502056582237254,1.0046223283903721,0.9259240913821765,26,,,
eligible_q5,Naive2,9.124833477313507,1.0918633558611448,1.0,27,,,
eligible_q5,SeasonalNaive,10.284369656221104,1.3073058200021295,1.1621955506860089,28,22.0,22.0,22.0
full_q5_supported,FFORMA,8.383426072702994,0.8925696638051853,0.8370886103510877,1,1.0,1.0,1.0
full_q5_supported,Jaganathan,8.457821576194268,0.9049786610086193,0.8465850796698773,2,2.0,2.0,2.0
full_q5_supported,Smyl,8.53994409785371,0.9070226486283433,0.8516981281123452,3,3.0,3.0,4.0
full_q5_supported,Pawlikowski,8.52147486343881,0.9123784982965937,0.8532278443199091,4,4.0,4.0,3.0
full_q5_supported,TiRex,8.594613510173701,0.914520615812431,0.8579297914936398,5,5.0,5.0,5.0
full_q5_supported,TimesFM3eval,8.556349902672114,0.9236981438558961,0.8602150143298709,6,,,
full_q5_supported,Petropoulos,8.648663177859435,0.9178767523930402,0.8622215398852701,7,6.0,6.0,8.0
full_q5_supported,Fiorucci,8.639417664003954,0.9204024895676547,0.8629157208218652,8,7.0,8.0,7.0
full_q5_supported,TimesFM3,8.59541134153003,0.9305664876054223,0.8653637917341257,9,8.0,11.0,6.0
full_q5_supported,Chronos2,8.713278378630898,0.9193719619609653,0.8661924802892613,10,9.0,7.0,10.0
full_q5_supported,TimesFM25,8.718895290354181,0.9236084684657783,0.8684298396191901,11,10.0,9.0,11.0
full_q5_supported,Shaub,8.673291630470674,0.9334257122801546,0.8706370028254579,12,11.0,12.0,9.0
full_q5_supported,CombEAD,8.731459815627938,0.928506458327964,0.8713248806130003,13,,,
full_q5_supported,Combination,8.728461159389003,0.9289862344114129,0.8713936373030413,14,12.0,10.0,12.0
full_q5_supported,TimesFM25raw,8.839078329308073,0.9352465824133707,0.8798967879920137,15,,,
full_q5_supported,Doornik,8.782603256236793,0.9463336894397286,0.8821368774654506,16,13.0,14.0,13.0
full_q5_supported,Pedregal,8.915514555901426,0.9561436021452805,0.8934079480658672,17,14.0,15.0,14.0
full_q5_supported,AutoARIMA,9.071052755229719,0.9402897886273741,0.8940031968815196,18,15.0,13.0,17.0
full_q5_supported,ChronosBolt,8.95922487620046,0.9676461020745079,0.9009281413037411,19,16.0,16.0,15.0
full_q5_supported,AutoETS,9.061108122948813,0.9694475006475264,0.9069331154364894,20,17.0,17.0,16.0
full_q5_supported,M4Comb,9.08619574713693,0.9811014693410894,0.9135772011259937,21,18.0,18.0,18.0
full_q5_supported,M4CombPub,9.084478489668895,0.9838188016329286,0.9147420452538235,22,,,
full_q5_supported,Legaki,9.102557579314704,0.9936211656653099,0.920176981269428,23,19.0,20.0,19.0
full_q5_supported,DOTM,9.147327921829952,0.9924418046315066,0.9219075793757081,24,20.0,19.0,20.0
full_q5_supported,Theta,9.152055609513104,1.0009961698684908,0.9260893175582033,25,21.0,21.0,21.0
full_q5_supported,M4Theta,9.163581092426305,1.0009366766119887,0.9266473170178335,26,,,
full_q5_supported,Naive2,9.843903246461533,1.085137191705335,1.0,27,,,
full_q5_supported,SeasonalNaive,11.035679547098502,1.2923005030736368,1.155988620924648,28,22.0,22.0,22.0
proxy_short_last48,TiRex,8.045935325787593,0.9281643368076258,0.8613465685398619,1,1.0,2.0,1.0
proxy_short_last48,Chronos2,8.118935255956664,0.9276014157495913,0.8650469079995713,2,2.0,1.0,3.0
proxy_short_last48,TimesFM25,8.117801210969677,0.9373920908150997,0.8694694049125726,3,3.0,4.0,2.0
proxy_short_last48,TimesFM3eval,8.220238885540601,0.9337099815326615,0.8733373536468975,4,,,
proxy_short_last48,Combination,8.20370536944899,0.9366557676433925,0.8737900124115793,5,4.0,3.0,4.0
proxy_short_last48,CombEAD,8.198701028026408,0.9372761949664651,0.8738028173110666,6,,,
proxy_short_last48,TimesFM3,8.25053084187759,0.9386682531059704,0.8772506380678868,7,5.0,5.0,5.0
proxy_short_last48,TimesFM25raw,8.196768209239046,0.9455457428898187,0.8774853496636879,8,,,
proxy_short_last48,AutoETS,8.422374855128698,0.9750109529714778,0.9032126651739273,9,6.0,7.0,6.0
proxy_short_last48,ChronosBolt,8.438370370709857,0.9874902300127351,0.9097952891159735,10,7.0,8.0,7.0
proxy_short_last48,AutoARIMA,8.6979687897916,0.9645408149055804,0.9133605485238339,11,8.0,6.0,10.0
proxy_short_last48,DOTM,8.561040124006004,1.0003741516603493,0.9223472472666523,12,9.0,9.0,8.0
proxy_short_last48,Theta,8.592586746805791,1.0070156548196538,0.9270994567973849,13,10.0,10.0,9.0
proxy_short_last48,SeasonalNaive,10.317014013398934,1.3069022579610807,1.1579437841773235,14,11.0,11.0,11.0
proxy_short_last96,TimesFM3eval,7.961060969848441,0.9262702333686963,0.8558771012508711,1,,,
proxy_short_last96,Chronos2,8.038541482916159,0.9219627321404819,0.8581054205538378,2,1.0,1.0,3.0
proxy_short_last96,TiRex,8.007746272867648,0.9261487145238491,0.8583527839186681,3,2.0,2.0,1.0
proxy_short_last96,TimesFM3,8.011048644394059,0.9325890811293203,0.8614814366057704,4,3.0,4.0,2.0
proxy_short_last96,TimesFM25,8.09272724248802,0.9309316164842868,0.8651510594949453,5,4.0,3.0,4.0
proxy_short_last96,CombEAD,8.139165965173778,0.9327313163908814,0.8684932624093384,6,,,
proxy_short_last96,Combination,8.150487157246333,0.9340219244782689,0.8696981915131556,7,5.0,5.0,5.0
proxy_short_last96,TimesFM25raw,8.187110449660624,0.9416602056967337,0.8751821743312654,8,,,
proxy_short_last96,ChronosBolt,8.346715129543064,0.9690103427207891,0.8963621066849353,9,6.0,7.0,6.0
proxy_short_last96,AutoARIMA,8.53443444950402,0.9515277052734815,0.8985336942652768,10,7.0,6.0,9.0
proxy_short_last96,AutoETS,8.402946040590237,0.9748046593741675,0.902064730674857,11,8.0,8.0,7.0
proxy_short_last96,DOTM,8.491216261475845,0.9936684446487829,0.9154901926723346,12,9.0,9.0,8.0
proxy_short_last96,Theta,8.579250883155991,1.0043096267961338,0.9251370479662528,13,10.0,10.0,10.0
proxy_short_last96,SeasonalNaive,10.317014013398934,1.3069022579610807,1.1579437841773235,14,11.0,11.0,11.0
