opponent,dgp,n,log2_med,boot_se,crit_maxt,sim_lo,sim_hi,pw_t_lo,pw_t_hi,pct_lo,pct_hi,bh_significant
AutoARIMA,D1,24,-0.028131686657820582,0.017097084554448392,3.8002496863063526,-0.09310487687261626,0.0368415035569751,-0.06164197238453943,0.005378599068898263,-0.0694718649640605,0.0031547573698198,False
AutoARIMA,D1,48,-0.0012737910745766396,0.01618961532110362,3.8002496863063526,-0.06279837162002119,0.06025078947086791,-0.03300543710393974,0.030457854954786458,-0.0445463917361443,0.0254223465849539,False
AutoARIMA,D1,96,-0.006228818316355609,0.00975737184355254,3.8002496863063526,-0.04330926760399058,0.030851630971279364,-0.025353267129718585,0.012895630497007367,-0.0260285951278214,0.0146060957742139,False
AutoARIMA,D1,200,0.006828000268984675,0.005141221118460565,3.8002496863063526,-0.012709923673676682,0.026365924211646033,-0.0032487931231980323,0.016904793661167383,-0.0058007570728749,0.0178162292730228,False
AutoARIMA,D2,24,-0.010563716066211008,0.026528006420593137,3.8002496863063526,-0.11137676414440298,0.09024933201198096,-0.06255860865057356,0.041431176518151536,-0.066605296807689,0.0302705726189829,False
AutoARIMA,D2,48,0.007501214984908232,0.01749640066685339,3.8002496863063526,-0.05898947616079163,0.07399190613060809,-0.026791730322124417,0.04179416029194088,-0.0423115114896282,0.0333004019605663,False
AutoARIMA,D2,96,-0.0038650873941876176,0.008804617347109158,3.8002496863063526,-0.03732483170558667,0.029594656917211436,-0.021122137394521567,0.013391962606146333,-0.0197079793513546,0.0159050902752008,False
AutoARIMA,D2,200,0.018121914895226465,0.010151774372394184,3.8002496863063526,-0.0204573624789174,0.05670119226937033,-0.001775562874666136,0.03801939266511907,0.0067406392421189,0.0428002161477117,True
AutoARIMA,D3,24,-0.07153424709816292,0.03209753687048698,3.8002496863063526,-0.19351290152143763,0.05044440732511181,-0.1344454193643174,-0.008623074832008443,-0.1496331910506389,-0.0265224233659126,True
AutoARIMA,D3,48,-0.064927911193564,0.043490288946218154,3.8002496863063526,-0.23020186811880217,0.10034604573167416,-0.15016887752815158,0.020313055141023578,-0.1272551395216291,0.0398672461671769,False
AutoARIMA,D3,96,-0.006925563189510698,0.03507350807104282,3.8002496863063526,-0.14021365123415452,0.1263625248551331,-0.07566963900875462,0.06181851262973323,-0.087944120675864,0.0667595216959406,False
AutoARIMA,D3,200,0.05546955125405936,0.021454760634196754,3.8002496863063526,-0.026063896115824728,0.13700299862394344,0.013418220411033722,0.09752088209708501,0.0054920400955545,0.0989442611475653,True
AutoARIMA,D4,24,-0.7077110836932613,0.05569187808988533,3.8002496863063526,-0.9193541259341597,-0.49606804145236294,-0.8168671647494365,-0.598555002637086,-0.7967189142333733,-0.546739193332767,True
AutoARIMA,D4,48,0.40088776044217767,0.038739165267363325,3.8002496863063526,0.25366925978711025,0.5481062610972451,0.3249589965181455,0.4768165243662098,0.3324404544186917,0.4742459168580726,True
AutoARIMA,D4,96,0.3504049261730825,0.03845000261803659,3.8002496863063526,0.2042853157854105,0.49652453656075446,0.2750429210417308,0.4257669313044342,0.3034357094677303,0.4291767833519069,True
AutoARIMA,D4,200,0.4442284668175595,0.039048796206430966,3.8002496863063526,0.2958332912834295,0.5926236423516895,0.3676928262529548,0.5207641073821642,0.355649805225964,0.5050797674835651,True
AutoARIMA,D5,24,-0.46698013992908916,0.04149970356282749,3.8002496863063526,-0.6246893753755309,-0.3092709044826474,-0.548319558912231,-0.38564072094594726,-0.57571615528343,-0.3900866765859935,True
AutoARIMA,D5,48,0.15319289327526797,0.05926352664039408,3.8002496863063526,-0.07202330524929781,0.37840909179983373,0.037036381060095575,0.2693494054904404,0.0267783197632394,0.2503231756673664,True
AutoARIMA,D5,96,0.0907881753906484,0.03154728761526555,3.8002496863063526,-0.029099394473080784,0.2106757452543776,0.028955491664727932,0.15262085911656886,0.0126079033278082,0.1398770455481613,True
AutoARIMA,D5,200,0.11630384408016181,0.02548930733470413,3.8002496863063526,0.019438111877286224,0.2131695762830374,0.06634480170414171,0.16626288645618192,0.0792481288109305,0.1753653391910029,True
AutoARIMA,D6,24,-0.059904430115141856,0.020728093957722512,3.8002496863063526,-0.13867636267570543,0.01886750244542173,-0.10053149427227798,-0.019277365958005735,-0.0966568748952379,-0.0131611916169575,False
AutoARIMA,D6,48,-0.04586388039048635,0.02619256809892813,3.8002496863063526,-0.14540217909199576,0.053674418311023056,-0.09720131386438548,0.005473553083412783,-0.1218743920291769,-0.0080284684987599,True
AutoARIMA,D6,96,-0.02794770102720756,0.023052389234881888,3.8002496863063526,-0.1155525359856794,0.059657133931264275,-0.07313038392757606,0.017234981873160936,-0.0776772073598779,0.0112968509226828,True
AutoARIMA,D6,200,0.017147536592483095,0.017068060383559566,3.8002496863063526,-0.047715354525997025,0.08201042771096322,-0.016305861759293654,0.050600934944259844,-0.0169051023605012,0.0413289797143191,False
AutoARIMA,D7,24,0.06987816515466691,0.030819205867055565,3.8002496863063526,-0.04724251227382191,0.18699884258315574,0.009472521655238,0.13028380865409583,0.0136745944137055,0.1133538271414048,True
AutoARIMA,D7,48,-0.29450738089734374,0.03581331987919738,3.8002496863063526,-0.4306069385338527,-0.15840782326083483,-0.3647014878605706,-0.22431327393411687,-0.3710784718816295,-0.2385616818647868,True
AutoARIMA,D7,96,-0.3971988666173387,0.044917965021897,3.8002496863063526,-0.5678983491013225,-0.2264993841333549,-0.48523807806025687,-0.30915965517442057,-0.4914140777058011,-0.3211500030988221,True
AutoARIMA,D7,200,-0.005537971696441131,0.03374970063342579,3.8002496863063526,-0.1337952609415508,0.12271931754866855,-0.07168738493795568,0.06061144154507342,-0.0944170491667251,0.0489663260138608,False
AutoARIMA,D8,24,-0.34164366521853445,0.04934732322011276,3.8002496863063526,-0.5291758148058261,-0.15411151563124276,-0.43836441872995546,-0.24492291170711344,-0.4311474182875928,-0.2257675425006958,True
AutoARIMA,D8,48,-0.4633664878517325,0.03900907071435341,3.8002496863063526,-0.6116106965970564,-0.31512227910640866,-0.5398242664518652,-0.3869087092515998,-0.5387191170032195,-0.3885716790324649,True
AutoARIMA,D8,96,-0.42547345097741,0.035856550123538604,3.8002496863063526,-0.5617372943364156,-0.2892096076184044,-0.49575228921954567,-0.35519461273527436,-0.4868457072681053,-0.3581799960037728,True
AutoARIMA,D8,200,-0.4407513472108779,0.043496997644999875,3.8002496863063526,-0.6060507988665569,-0.27545189555519894,-0.5260054625950776,-0.35549723182667814,-0.5415089776009963,-0.3672046678977766,True
AutoARIMA,D9,24,-0.020062086796144022,0.01323177765468476,3.8002496863063526,-0.07034614567763518,0.030221972085347142,-0.04599637099932615,0.005872197407038107,-0.0494199929453147,0.0017216056794607,False
AutoARIMA,D9,48,0.004595996429158079,0.010583484525402843,3.8002496863063526,-0.03562388731853221,0.04481588017684837,-0.016147633240631495,0.025339626098947653,-0.023894377393064,0.0198900637629373,False
AutoARIMA,D9,96,-0.0028812261648672793,0.009964807455116536,3.8002496863063526,-0.0407499825702771,0.03498753024054254,-0.02241224877689569,0.01664979644716113,-0.0177002206408285,0.0190660766847482,False
AutoARIMA,D9,200,0.002489110582008929,0.008209176435550228,3.8002496863063526,-0.028707809592024326,0.033686030756042186,-0.013600875231669515,0.018579096395687375,-0.0117809759765343,0.0169166186036145,False
SeasonalNaive,D1,24,-0.17787146349081007,0.03140585024418324,3.6771648502172227,-0.29335595209990667,-0.062386974881713464,-0.23942692996940923,-0.1163159970122109,-0.2378125287811092,-0.112085569524397,True
SeasonalNaive,D1,48,-0.136340485050363,0.04690793545284348,3.6771648502172227,-0.3088286964938174,0.036147726393091356,-0.22828003853793621,-0.04440093156278978,-0.238726380944556,-0.0732896298402552,True
SeasonalNaive,D1,96,-0.20294568822941367,0.05269951468221872,3.6771648502172227,-0.3967304912423748,-0.00916088521645253,-0.30623673700656234,-0.09965463945226498,-0.298542934744195,-0.0930286243527889,True
SeasonalNaive,D1,200,-0.17900148160879426,0.03828314841022364,3.6771648502172227,-0.319774929298518,-0.038228033919070536,-0.2540364524928326,-0.10396651072475592,-0.2589963169366944,-0.0916262407416655,True
SeasonalNaive,D2,24,-0.1407237631758573,0.03549017274762388,3.6771648502172227,-0.271226978931557,-0.010220547420157572,-0.21028450176120012,-0.0711630245905145,-0.2201579286378485,-0.0850318275790829,True
SeasonalNaive,D2,48,-0.14730413744893475,0.039319786802696856,3.6771648502172227,-0.29188947539784665,-0.0027187995000228504,-0.2243709195822206,-0.07023735531564891,-0.2327527936819292,-0.071639742651695,True
SeasonalNaive,D2,96,-0.16682676218116993,0.028067450303583086,3.6771648502172227,-0.2700354038727244,-0.06361812048961549,-0.22183896477619278,-0.11181455958614708,-0.2227306399089516,-0.1084997511188166,True
SeasonalNaive,D2,200,-0.30665613853205964,0.04294935524941094,3.6771648502172227,-0.4645879979946861,-0.14872427906943317,-0.39083687482090507,-0.22247540224321422,-0.3679299565656332,-0.2087501608596136,True
SeasonalNaive,D3,24,0.0382900800661094,0.03388012431430735,3.6771648502172227,-0.08629272218345146,0.16287288231567026,-0.028114963589932998,0.1046951237221518,-0.0451177292335477,0.1091682172148472,False
SeasonalNaive,D3,48,-0.03966440728912157,0.04587226751638437,3.6771648502172227,-0.20834429700013146,0.12901548242188832,-0.12957405162123492,0.05024523704299179,-0.0992568498357829,0.0763562470828932,False
SeasonalNaive,D3,96,-0.03941131914157009,0.06578115995948167,3.6771648502172227,-0.28129948835109264,0.2024768500679525,-0.16834239266215414,0.08951975437901397,-0.1706657337830246,0.042429291778192,False
SeasonalNaive,D3,200,0.004976592291332412,0.059974007106470675,3.6771648502172227,-0.2155577185672595,0.2255109031499243,-0.1125724616373501,0.12252564622001494,-0.1034332755298357,0.1083574842813222,False
SeasonalNaive,D4,24,0.32163310009115587,0.037851640020201416,3.6771648502172227,0.1824463798857957,0.460819820296516,0.24744388565156109,0.3958223145307507,0.246991030569791,0.4065019602498,True
SeasonalNaive,D4,48,0.3275181916979097,0.03616232382711595,3.6771648502172227,0.19454336561866617,0.46049301777715324,0.2566400369967624,0.39839634639905697,0.2690702835284002,0.4115395363200179,True
SeasonalNaive,D4,96,0.16129743293528562,0.025297736902967622,3.6771648502172227,0.06827348400564998,0.25432138186492126,0.11171386860546909,0.21088099726510215,0.0982295786460216,0.2029588845349691,True
SeasonalNaive,D4,200,0.16158197056278775,0.04150803718755742,3.6771648502172227,0.008950075215192255,0.31421386591038325,0.08022621767517521,0.2429377234504003,0.0789314857889447,0.2368167956253261,True
SeasonalNaive,D5,24,-0.01915763239661681,0.028429874635146457,3.6771648502172227,-0.12369896810105954,0.08538370330782594,-0.07488018668150387,0.03656492188827024,-0.0589864708203895,0.0384933269894463,False
SeasonalNaive,D5,48,-0.4448181504926002,0.04337441473401147,3.6771648502172227,-0.6043130237512512,-0.28532327723394924,-0.5298320033712627,-0.35980429761393773,-0.5357999962568565,-0.3674278006831655,True
SeasonalNaive,D5,96,-0.4769874272117596,0.06002788977813045,3.6771648502172227,-0.6977198735366146,-0.25625498088690457,-0.5946420911768953,-0.3593327632466239,-0.6031319096004888,-0.3624094831371539,True
SeasonalNaive,D5,200,-0.6369799909017155,0.09314466970940644,3.6771648502172227,-0.9794882963422378,-0.29447168546119334,-0.8195435435321521,-0.4544164382712789,-0.7957177329955663,-0.4497231658111556,True
SeasonalNaive,D6,24,-0.059904430115141856,0.02094556617197489,3.6771648502172227,-0.13692472981062684,0.01711586958034312,-0.10095773981221265,-0.01885112041807107,-0.0958644979118739,-0.0108741116401442,True
SeasonalNaive,D6,48,-0.08446935269366473,0.031638519251171594,3.6771648502172227,-0.20080940359699384,0.03187069820966437,-0.14648085042596107,-0.022457854961368408,-0.1454536069511404,-0.0297146308028111,True
SeasonalNaive,D6,96,-0.06343088599031077,0.04251690046106246,3.6771648502172227,-0.21977253790591408,0.09291076592529254,-0.1467640108939932,0.01990223891337166,-0.1945483656229829,-0.0332705532439091,True
SeasonalNaive,D6,200,-0.08068587883003586,0.03517927403235561,3.6771648502172227,-0.2100458687579734,0.04867411109790168,-0.14963725593345284,-0.01173450172661887,-0.147707571392696,-0.0156515867074732,True
SeasonalNaive,D7,24,-2.3294783440944897,0.04250372764741779,3.6771648502172227,-2.4857715574027806,-2.173185130786199,-2.4127856502834284,-2.246171037905551,-2.4012912879701216,-2.224118609045985,True
SeasonalNaive,D7,48,-2.6087825301554384,0.04086277033856734,3.6771648502172227,-2.759041672926917,-2.4585233873839596,-2.6888735600190303,-2.5286915002918464,-2.699973862302894,-2.536948082137332,True
SeasonalNaive,D7,96,-0.985486543662758,0.06513995165876797,3.6771648502172227,-1.2250168842472287,-0.7459562030782874,-1.1131608489139433,-0.8578122384115727,-1.0788222071285127,-0.8140602212886521,True
SeasonalNaive,D7,200,0.01711514822979302,0.03573836884811741,3.6771648502172227,-0.11430072550260251,0.14853102196218854,-0.0529320547125171,0.08716235117210314,-0.0484649805892097,0.1083014936715845,False
SeasonalNaive,D8,24,0.007594125938907725,0.0021297728144296733,3.6771648502172227,-0.00023739979326127796,0.015425651671076727,0.003419771222625566,0.011768480655189885,0.004170021657671,0.0137542195318532,False
SeasonalNaive,D8,48,0.010135594471927087,0.0023853973384278413,3.6771648502172227,0.0013640952252585124,0.018907093718595662,0.005460215688608518,0.014810973255245656,0.0048571736878567,0.014230108215675,False
SeasonalNaive,D8,96,0.008818591710507279,0.0015895071372676764,3.6771648502172227,0.002973711936177177,0.01466347148483738,0.005703157721462633,0.011934025699551924,0.0064572937287127,0.0120543009294695,False
SeasonalNaive,D8,200,0.006503237737361296,0.0015169075571233534,3.6771648502172227,0.0009253185872784278,0.012081156887444166,0.0035300989253995237,0.00947637654932307,0.0030629983817734,0.0086192731915591,False
SeasonalNaive,D9,24,-0.09268058850399846,0.02510875226612893,3.6771648502172227,-0.18500960976981978,-0.00035156723817712787,-0.14189374294561116,-0.04346743406238576,-0.1558368955559666,-0.0552269601660803,True
SeasonalNaive,D9,48,-0.22298554477935528,0.041684983584415136,3.6771648502172227,-0.3762681011978486,-0.069702988360862,-0.30468811260480894,-0.14128297695390163,-0.3340779174470547,-0.166500681221261,True
SeasonalNaive,D9,96,-0.20174709386650164,0.03295367580196669,3.6771648502172227,-0.3229231922109474,-0.08057099552205588,-0.2663362984383564,-0.13715788929464692,-0.2432299141542394,-0.1458180367171462,True
SeasonalNaive,D9,200,-0.2658494545344605,0.04398186295803636,3.6771648502172227,-0.4275780150508227,-0.10412089401809832,-0.35205390593221175,-0.17964500313670925,-0.3445794382062425,-0.1887636617528193,True
Theta,D1,24,-0.14379587786244782,0.0248142714353454,3.7611556660205547,-0.23712621546966917,-0.05046554025522647,-0.19243184987572481,-0.09515990584917083,-0.1975325742016921,-0.09238669957748,True
Theta,D1,48,-0.10670225406836797,0.0305772285375805,3.7611556660205547,-0.22170797043369428,0.008303462296958317,-0.16663362200202575,-0.0467708861347102,-0.1818409308190705,-0.063526256487304,True
Theta,D1,96,-0.143991110176935,0.04037294038528868,3.7611556660205547,-0.2958400236609736,0.007857803307103589,-0.22312207333210082,-0.06486014702176919,-0.2356911472259682,-0.0899046466279195,True
Theta,D1,200,-0.14899200799243112,0.0364180626579665,3.7611556660205547,-0.2859660107039334,-0.012018005280928834,-0.22037141080204548,-0.07761260518281678,-0.2357381420925786,-0.0828104992079372,True
Theta,D2,24,-0.19851025135480144,0.05069708566940509,3.7611556660205547,-0.3891898823710138,-0.007830620338589028,-0.29787653926683544,-0.09914396344276746,-0.3134943919161179,-0.0913875206907204,True
Theta,D2,48,-0.16570752928064283,0.04856997412322862,3.7611556660205547,-0.34838676265269586,0.01697170409141019,-0.2609046785621709,-0.07051037999911475,-0.2571253488491335,-0.0787496553749372,True
Theta,D2,96,-0.1681658941848566,0.030378355518426065,3.7611556660205547,-0.2824236181673716,-0.053908170202341635,-0.2277074710009717,-0.10862431736874154,-0.241534902844676,-0.1117949215888743,True
Theta,D2,200,-0.3037399225171904,0.04218247690960813,3.7611556660205547,-0.46239478455254424,-0.14508506048183656,-0.38641757726002235,-0.22106226777435847,-0.3696517502414171,-0.2139365731857697,True
Theta,D3,24,0.07694644507746143,0.042719028849987614,3.7611556660205547,-0.08372647232856503,0.2376193624834879,-0.006782851468514289,0.16067574162343715,-0.0172001734328132,0.135700137632473,False
Theta,D3,48,0.031991892323344186,0.04497446776567216,3.7611556660205547,-0.13716408193977248,0.20114786658646083,-0.056158064497373254,0.12014184914406162,-0.0531878878158566,0.1514204318105091,False
Theta,D3,96,0.013132793561410134,0.05180700658397309,3.7611556660205547,-0.18172142279146442,0.2079870099142847,-0.08840893934317712,0.11467452646599738,-0.1226602351352655,0.0742898375982614,False
Theta,D3,200,-0.00910878354529422,0.047717896386442714,3.7611556660205547,-0.18858321990974497,0.17036565281915655,-0.10263586046272194,0.0844182933721335,-0.0483354489386476,0.1000211590913758,False
Theta,D4,24,-1.6449300804725273,0.048913475324359044,3.7611556660205547,-1.828901275333497,-1.4609588856115576,-1.7408004921082711,-1.5490596688367835,-1.7555741534335365,-1.561270942410412,True
Theta,D4,48,-0.525603024362804,0.04496606268554938,3.7611556660205547,-0.6947273858111935,-0.35647866291441455,-0.6137365072264809,-0.43746954149912726,-0.6071630543522468,-0.4348485160646962,True
Theta,D4,96,-1.267658684533822,0.06371342843019408,3.7611556660205547,-1.5072948068756415,-1.0280225621920025,-1.3925370042570024,-1.1427803648106416,-1.400311816970075,-1.1634242792087783,True
Theta,D4,200,-1.746901271678651,0.05829035575060199,3.7611556660205547,-1.9661403734843814,-1.5276621698729205,-1.8611503689498308,-1.6326521744074711,-1.8602447421316568,-1.631321249763828,True
Theta,D5,24,-1.4429164735126339,0.04268937265020847,3.7611556660205547,-1.6034778493348283,-1.2823550976904394,-1.5265876439070425,-1.3592453031182252,-1.5236695182447892,-1.3409816771556389,True
Theta,D5,48,0.06300905024549652,0.03773145633615548,3.7611556660205547,-0.07890483054044184,0.20492293103143489,-0.01094460417336822,0.13696270466436128,-0.0078993449392885,0.1313362670711255,False
Theta,D5,96,-0.03943115377098079,0.02098325959708611,3.7611556660205547,-0.1183524594961414,0.03949015195417982,-0.08055834258126957,0.001696035039307986,-0.0657369859158783,0.0164339276737291,False
Theta,D5,200,-0.19455365040606626,0.05380890970041436,3.7611556660205547,-0.39693733600816816,0.007830035196035617,-0.30001911341887844,-0.08908818739325411,-0.2914343075493754,-0.0679090179831332,True
Theta,D6,24,-1.0228578449714303,0.06038412126040086,3.7611556660205547,-1.2499719247876593,-0.7957437651552013,-1.141210722641816,-0.9045049673010446,-1.101241847614847,-0.8769689365859823,True
Theta,D6,48,-0.47568911138598213,0.05509610278688558,3.7611556660205547,-0.6829141305585277,-0.2684640922134366,-0.5836774728482779,-0.3677007499236864,-0.5655074062312347,-0.3612332587088575,True
Theta,D6,96,-0.0989908739623341,0.026268010239799966,3.7611556660205547,-0.1977889495108437,-0.00019279841382449647,-0.15047617403234204,-0.04750557389232616,-0.1471526753055,-0.0431943267995992,True
Theta,D6,200,-0.00011693885067691348,0.023818548159341545,3.7611556660205547,-0.08970220621656783,0.089468328515214,-0.04680129324298634,0.04656741554163251,-0.0473207414249052,0.0390814319881454,False
Theta,D7,24,-1.516220606410629,0.03312973860736729,3.7611556660205547,-1.6408267104875083,-1.3916145023337496,-1.581154894081069,-1.451286318740189,-1.5978543161212984,-1.4851438059118902,True
Theta,D7,48,-1.7237800636021614,0.05160257361411517,3.7611556660205547,-1.9178653757321333,-1.5296947514721895,-1.8249211078858272,-1.6226390193184956,-1.8322654304417128,-1.6446894670603942,True
Theta,D7,96,0.08500697455081921,0.03896934599118186,3.7611556660205547,-0.06156280192502983,0.23157675102666825,0.008627056408102768,0.16138689269353565,0.0351168443856218,0.1962811037036797,True
Theta,D7,200,-0.4800843407482879,0.03877626480306751,3.7611556660205547,-0.6259279088194587,-0.33424077267711705,-0.5560858197623002,-0.40408286173427554,-0.5643305418914378,-0.4034518563261985,True
Theta,D8,24,-0.24446333954485472,0.03689971598569592,3.7611556660205547,-0.3832489153990042,-0.10567776369070528,-0.3167867828768187,-0.17213989621289072,-0.336474751875195,-0.187350445163099,True
Theta,D8,48,-0.4186211502168872,0.04762292460360125,3.7611556660205547,-0.5977383829221917,-0.23950391751158265,-0.5119620824399456,-0.3252802179938287,-0.5227262724452524,-0.3461591994928646,True
Theta,D8,96,-0.3964852420282949,0.037765382994703826,3.7611556660205547,-0.5385267262582615,-0.2544437577983283,-0.47050539269791436,-0.3224650913586754,-0.4750370201845121,-0.3263703131248227,True
Theta,D8,200,-0.4266282301879779,0.03405450400705327,3.7611556660205547,-0.554712520887626,-0.2985439394883298,-0.4933750580418023,-0.3598814023341535,-0.5014359067748295,-0.3649720623469445,True
Theta,D9,24,-0.10768122381025053,0.0230775902986578,3.7611556660205547,-0.19447963332014828,-0.020882814300352756,-0.15291330079561982,-0.062449146824881244,-0.1603895604471386,-0.0583206994981202,True
Theta,D9,48,-0.14578674517863094,0.03273538627956412,3.7611556660205547,-0.2689096287633851,-0.022663861593876816,-0.20994810228657662,-0.08162538807068527,-0.2266191197673219,-0.0991308371387096,True
Theta,D9,96,-0.12364408003818797,0.03392875639052361,3.7611556660205547,-0.2512554143774369,0.003967254301061013,-0.19014444256361424,-0.05714371751276169,-0.1974490407552425,-0.0557594645668055,True
Theta,D9,200,-0.22226798924598698,0.05243522960777548,3.7611556660205547,-0.4194850501843605,-0.025050928307613463,-0.32504103927722694,-0.11949493921474703,-0.3257828231640153,-0.1290095653388345,True
AutoETS,D1,24,-0.08404398853043324,0.02614120932056769,3.838564939314626,-0.18438871809964907,0.01630074103878261,-0.1352807587987459,-0.03280721826212057,-0.1379976435091192,-0.0398401870728043,True
AutoETS,D1,48,-0.09815398015569149,0.029618099542271,3.838564939314626,-0.2118449786277835,0.015537018316400544,-0.15620545525854265,-0.040102505052840326,-0.1449267176887298,-0.0290676664708701,True
AutoETS,D1,96,-0.16412213546932897,0.04202710886923389,3.838564939314626,-0.3254459220755289,-0.0027983488631290188,-0.2464952688530274,-0.08174900208563055,-0.2501890047411697,-0.0758292804562384,True
AutoETS,D1,200,-0.15805277075592875,0.03823010274928676,3.838564939314626,-0.3048015027957366,-0.011304038716120901,-0.2329837721445308,-0.0831217693673267,-0.2375204895895259,-0.0742318415160306,True
AutoETS,D2,24,-0.105278867120918,0.027934907009816472,3.838564939314626,-0.21250882175181388,0.0019510875099778835,-0.16003128486015827,-0.05052644938167771,-0.1736224574352197,-0.0587642225899208,True
AutoETS,D2,48,-0.14729260886220974,0.039796672381487194,3.838564939314626,-0.30005472016717716,0.005469502442757707,-0.22529408672992463,-0.06929113099449484,-0.2286864999575405,-0.0587345132519632,True
AutoETS,D2,96,-0.16329583566846223,0.026898291486895633,3.838564939314626,-0.2665466742975249,-0.06004499703939957,-0.21601648698277767,-0.11057518435414679,-0.2227707299419205,-0.1123447473104582,True
AutoETS,D2,200,-0.3066172835207449,0.04316255020359027,3.838564939314626,-0.4722995354236539,-0.14093503161783594,-0.39121588191978185,-0.22201868512170797,-0.3679313779651826,-0.2087860676703383,True
AutoETS,D3,24,0.006535390513924223,0.0357836529268409,3.838564939314626,-0.13082248501165047,0.1438932660394989,-0.06360056922268394,0.07667135025053239,-0.0809483738952094,0.0444265238166026,False
AutoETS,D3,48,-0.0821467799342048,0.02928179961292263,3.838564939314626,-0.1945468692884062,0.0302533094199966,-0.13953910717553314,-0.024754452692876447,-0.1226974176050137,-0.0281550533954082,False
AutoETS,D3,96,-0.002186833618565354,0.06109438343375836,3.838564939314626,-0.2367015918564345,0.23232792461930377,-0.12193182514873173,0.11755815791160103,-0.1350914237089926,0.0872552571376202,False
AutoETS,D3,200,0.013645750524334487,0.036705969701014855,3.838564939314626,-0.1272524978335261,0.15454399888219505,-0.05829795008965462,0.0855894511383236,-0.0639171125631213,0.1018009057843816,False
AutoETS,D4,24,-1.50787925286535,0.05188701643124309,3.838564939314626,-1.7070509349439615,-1.3087075707867384,-1.6095778050705865,-1.4061807006601135,-1.5717246530265414,-1.3975871833177784,True
AutoETS,D4,48,-0.3469818456678286,0.031104504485569645,3.838564939314626,-0.4663785060408907,-0.22758518529476643,-0.4079466744595451,-0.2860170168761121,-0.4231418231905386,-0.2905389310307611,True
AutoETS,D4,96,-1.0373736521728776,0.04457493990994769,3.838564939314626,-1.208477453683259,-0.8662698506624962,-1.124740534396375,-0.9500067699493802,-1.124447648336048,-0.9475546095701032,True
AutoETS,D4,200,0.13457449954127904,0.04588352545881602,3.838564939314626,-0.04155239257708218,0.3107013916596403,0.044642789641999636,0.22450620944055844,0.0494198941712301,0.2243002004534428,True
AutoETS,D5,24,-1.3887090082859912,0.04358834055826442,3.838564939314626,-1.5560256841158506,-1.2213923324561318,-1.4741421557801895,-1.303275860791793,-1.4695195639907517,-1.314687888301605,True
AutoETS,D5,48,0.1032194146954533,0.04320307751229188,3.838564939314626,-0.06261840391372246,0.26905723330462905,0.01854138277136122,0.18789744661954538,0.0424195058173145,0.2017582833409013,True
AutoETS,D5,96,0.016427276729471064,0.03771812276116446,3.838564939314626,-0.1283561868782998,0.16121074033724192,-0.05750024388241127,0.0903547973413534,-0.0529375192702911,0.0962260608945068,False
AutoETS,D5,200,0.02380905043802748,0.0343135359184916,3.838564939314626,-0.10790568548260748,0.15552378635866243,-0.04344547996221606,0.09106358083827101,-0.0287401679339154,0.0951621375141293,False
AutoETS,D6,24,-0.008415930621600712,0.016232632232034472,3.838564939314626,-0.07072594358027676,0.053894082337075336,-0.040231889796388275,0.023400028553186854,-0.0473359433137264,0.0219304594811247,False
AutoETS,D6,48,-0.025728671704536854,0.017994834845414292,3.838564939314626,-0.09480301383090128,0.043345670421827576,-0.060998548001548865,0.009541204592475157,-0.0778399715649636,-4.078048082558935e-05,True
AutoETS,D6,96,-0.02605469010006587,0.023519927018360032,3.838564939314626,-0.11633745732798148,0.06422807712784973,-0.07215374705605153,0.020044366855919787,-0.0777211945403941,0.0041647774031692,True
AutoETS,D6,200,0.03140844045282974,0.013860662483549101,3.838564939314626,-0.021796612592195425,0.08461349349785491,0.004241541985073503,0.05857533892058598,0.0030143865924777,0.0581089043381299,False
AutoETS,D7,24,-0.11336214682246912,0.022014788115798035,3.838564939314626,-0.19786734063021175,-0.02885695301472649,-0.15651113152943327,-0.07021316211550496,-0.148496256887942,-0.0602655921053383,True
AutoETS,D7,48,-0.9981284562895927,0.07723798873467266,3.838564939314626,-1.2946114918296852,-0.7016454207495002,-1.149514914209551,-0.8467419983696343,-1.1768723996161103,-0.87529079263801,True
AutoETS,D7,96,-0.39186897858660674,0.046213078113928066,3.838564939314626,-0.5692608799725392,-0.21447707720067438,-0.48244661168990577,-0.3012913454833077,-0.5058017685853413,-0.3182474412782767,True
AutoETS,D7,200,0.0162754601355194,0.024384168286826283,3.838564939314626,-0.07732475332463956,0.10987567359567835,-0.03151750970666011,0.0640684299776989,-0.0088561143207026,0.0850050139054963,False
AutoETS,D8,24,-0.3623719024649992,0.053554435339249654,3.838564939314626,-0.5679440803030351,-0.15679972462696326,-0.4673385957299285,-0.2574052092000699,-0.4577784638274841,-0.2510719330335725,True
AutoETS,D8,48,-0.47960501805940525,0.035606026238588315,3.838564939314626,-0.616281062007167,-0.3429289741116435,-0.5493928294870384,-0.4098172066317721,-0.5290104848469692,-0.395249762299105,True
AutoETS,D8,96,-0.4305662646244764,0.04423568525796261,3.838564939314626,-0.6003678151222486,-0.2607647141267042,-0.5172682077300831,-0.3438643215188697,-0.5199010785872289,-0.3556422134086656,True
AutoETS,D8,200,-0.429242986179038,0.04222559425647191,3.838564939314626,-0.5913286718336561,-0.2671573005244199,-0.5120051509217229,-0.34648082143635306,-0.5441796119612764,-0.3624207159260595,True
AutoETS,D9,24,-0.054318228532050906,0.025494944354549683,3.838564939314626,-0.15218222806120268,0.043545770997100865,-0.10428831946696829,-0.004348137597133525,-0.0925198109224677,-0.0082508432909907,True
AutoETS,D9,48,-0.13625466106666762,0.02905153164625684,3.838564939314626,-0.24777085187737846,-0.024738470255956782,-0.19319566309333103,-0.0793136590400042,-0.196045319531219,-0.0840685411016152,True
AutoETS,D9,96,-0.10385234164798289,0.037950246888781465,3.838564939314626,-0.2495268287935934,0.0418221454976276,-0.17823482554999456,-0.029469857745971217,-0.1874810990707561,-0.042222327451063,True
AutoETS,D9,200,-0.2023071623854782,0.04985166471705314,3.838564939314626,-0.3936660147348264,-0.010948310036130005,-0.30001642523090233,-0.10459789954005404,-0.3134676929690291,-0.1313360211238801,True
Combination,D1,24,-0.055189484201065786,0.019195615447123806,3.5144954097241534,-0.12265238657681246,0.012273418174680889,-0.09281289047742844,-0.017566077924703126,-0.0827292764265773,-0.0101588535509595,True
Combination,D1,48,-0.046239473464133485,0.019126311517171358,3.5144954097241534,-0.11345880749618643,0.020979860567919464,-0.08372704403778936,-0.008751902890477621,-0.0789378897168705,-0.0020889286816608,True
Combination,D1,96,-0.08684716941137091,0.0348476869478681,3.5144954097241534,-0.20931920522915765,0.03562486640641582,-0.1551486358291924,-0.018545702993549434,-0.1329432020237731,-0.0186063111943214,True
Combination,D1,200,-0.057596360194614026,0.0349468863490511,3.5144954097241534,-0.1804170318525058,0.06522431146327773,-0.12609225743875419,0.010899537049526127,-0.1358119764711104,-0.0075381784175344,True
Combination,D2,24,-0.07031798637769453,0.021854365742310297,3.5144954097241534,-0.14712505446147686,0.006489081706087807,-0.11315254323262271,-0.027483429522766348,-0.1167982736800028,-0.0275802776929877,True
Combination,D2,48,-0.05221994769452325,0.027009107581503936,3.5144954097241534,-0.14714333231046467,0.04270343692141816,-0.10515779855427096,0.000717903165224465,-0.1011548893805823,-0.0109505423475034,True
Combination,D2,96,-0.0731973884917015,0.02171015806601074,3.5144954097241534,-0.14949763935908206,0.0031028623756790413,-0.11574929830108255,-0.030645478682320454,-0.1242752030173801,-0.0360335254002139,True
Combination,D2,200,-0.1318080369433826,0.03420336509989738,3.5144954097241534,-0.2520156065840913,-0.011600467302673959,-0.19884663253918147,-0.06476944134758375,-0.2081521850835208,-0.0798315641941904,True
Combination,D3,24,0.00374385627184839,0.03738913589588279,3.5144954097241534,-0.12766009020778424,0.13514780275148103,-0.06953885008408187,0.07702656262777866,-0.0854006026938849,0.0729030035161936,False
Combination,D3,48,-0.03020394224261,0.033267648067562654,3.5144954097241534,-0.14712293866837756,0.08671505418315754,-0.0954085324550328,0.035000647969812795,-0.1067518414079449,0.0304352853583891,False
Combination,D3,96,0.029061677826493378,0.03702711777443074,3.5144954097241534,-0.10106995762705906,0.15919331328004582,-0.04351147301139087,0.10163482866437763,-0.0491884736141911,0.0986397628129466,False
Combination,D3,200,0.03225471741879346,0.03062858002676713,3.5144954097241534,-0.0753892864916485,0.13989872132923542,-0.027777299433670112,0.09228673427125703,-0.0106636373152429,0.0977529822137444,False
Combination,D4,24,-1.207103826769396,0.033213878100370006,3.5144954097241534,-1.323833848892284,-1.0903738046465081,-1.2722030278461214,-1.1420046256926708,-1.2587679964487806,-1.1263846876827932,True
Combination,D4,48,-0.06448551902211536,0.029447546906633582,3.5144954097241534,-0.16797878745311579,0.03900774940888506,-0.12220271095911717,-0.006768327085113539,-0.1264277001202169,-0.0108485088768095,True
Combination,D4,96,-0.6301328483964016,0.04303466643859999,3.5144954097241534,-0.7813779860538713,-0.4788877107389319,-0.7144807946160576,-0.5457849021767456,-0.7305236991107373,-0.5586758791191835,True
Combination,D4,200,-0.46680601602651633,0.04465404371495098,3.5144954097241534,-0.6237424476883332,-0.30986958436469947,-0.5543279417078203,-0.37928409034521243,-0.550907098652761,-0.3805890887972635,True
Combination,D5,24,-1.1028552769702875,0.040790569545951214,3.5144954097241534,-1.246213546399567,-0.9594970075410081,-1.1828047932803518,-1.0229057606602232,-1.1723404280640657,-1.0141905959463735,True
Combination,D5,48,0.1162690989915702,0.03166780275654998,3.5144954097241534,0.004972751567625416,0.227565446415515,0.054200205588732245,0.17833799239440817,0.0542816605782119,0.1676266650245514,True
Combination,D5,96,0.10221970125406699,0.02693246077360654,3.5144954097241534,0.007565691492650989,0.19687371101548298,0.04943207813779817,0.1550073243703358,0.0376123072452232,0.1582075355296018,True
Combination,D5,200,0.06078413881418848,0.02213155900512508,3.5144954097241534,-0.016997123719362864,0.1385654013477398,0.017406283164143325,0.10416199446423363,0.028781900911652,0.1202802215344174,True
Combination,D6,24,-0.14900578726260066,0.06312515133114613,3.5144954097241534,-0.37085884185405626,0.07284726732885494,-0.2727310838716471,-0.025280490653554255,-0.2447391235904137,-0.031189161602608,True
Combination,D6,48,-0.1208549977844149,0.03246616659016917,3.5144954097241534,-0.23495719123690412,-0.0067528043319256825,-0.18448868430114646,-0.05722131126768333,-0.1867544828592472,-0.0522034162758366,True
Combination,D6,96,-0.051044999041459524,0.023481754890547397,3.5144954097241534,-0.13357151881655605,0.031481520733637,-0.09706923862693242,-0.00502075945598663,-0.0859256247964127,-0.0011061147990204,True
Combination,D6,200,0.005853388152122656,0.018180030185853527,3.5144954097241534,-0.058040244484706106,0.06974702078895142,-0.029779471012150255,0.041486247316395566,-0.0226317798479761,0.0440564321489843,False
Combination,D7,24,-0.6298511183545337,0.025052796628146475,3.5144954097241534,-0.7178990571049072,-0.5418031796041601,-0.6789545997457007,-0.5807476369633666,-0.6794111032623008,-0.5719657038066245,True
Combination,D7,48,-0.22627822745135912,0.03712611508842811,3.5144954097241534,-0.35675778851053036,-0.09579866639218787,-0.29904541302467824,-0.15351104187804002,-0.29964142524311,-0.1535892337603815,True
Combination,D7,96,-0.154642390560337,0.029535871015636376,3.5144954097241534,-0.2584460736669957,-0.05083870745367827,-0.2125326977509843,-0.09675208336968968,-0.2070698109292456,-0.1003434323378189,True
Combination,D7,200,-0.01594240985052222,0.013686258446603226,3.5144954097241534,-0.06404270233740768,0.03215788263636324,-0.04276747640586454,0.010882656704820103,-0.0394559099450558,0.020974288848547,False
Combination,D8,24,-0.32246615679735324,0.051262500262668445,3.5144954097241534,-0.5026279786614847,-0.14230433493322178,-0.4229406573121834,-0.2219916562825231,-0.4273787264533135,-0.2411938747401553,True
Combination,D8,48,-0.4339570411885209,0.043782666549343534,3.5144954097241534,-0.587831021801672,-0.2800830605753698,-0.5197710676252343,-0.3481430147518076,-0.5314681629224419,-0.3686248182457388,True
Combination,D8,96,-0.4121097038598339,0.03374666888818338,3.5144954097241534,-0.5307122167608354,-0.29350719095883254,-0.4782531748806733,-0.3459662328389945,-0.4911748206910457,-0.3631270519188486,True
Combination,D8,200,-0.4246208234966548,0.052739561414877435,3.5144954097241534,-0.6099737700001067,-0.23926787699320298,-0.5279903638698146,-0.32125128312349505,-0.573483160046601,-0.3613957203081184,True
Combination,D9,24,-0.0288315084377272,0.010881113489794326,3.5144954097241534,-0.06707313185029692,0.009410114974842523,-0.05015849087772408,-0.00750452599773032,-0.052407598931261,-0.0124978051191069,True
Combination,D9,48,-0.06109400369519213,0.016651337830430418,3.5144954097241534,-0.11961505406600598,-0.002572953324378284,-0.09373062584283574,-0.02845738154754851,-0.087334258424125,-0.0255165613616475,True
Combination,D9,96,-0.03298812676370494,0.01953538167416508,3.5144954097241534,-0.10164513598476746,0.03566888245735758,-0.0712774748450685,0.0053012213176586165,-0.0759321995127549,-0.009572897891913,True
Combination,D9,200,-0.09113039816552074,0.022160571167430337,3.5144954097241534,-0.1690136238103201,-0.013247172520721398,-0.1345651176536842,-0.04769567867735728,-0.1441980393191131,-0.0547935442208811,True
