dgp,n,opponent,log2_med,lo,hi,significant
D1,24,AutoARIMA,-0.028131686657820582,-0.06947186496406058,0.003154757369819805,False
D1,24,Combination,-0.055189484201065786,-0.0827292764265773,-0.010158853550959537,True
D1,24,SeasonalNaive,-0.17787146349081007,-0.23781252878110928,-0.112085569524397,True
D1,24,AutoETS,-0.08404398853043324,-0.1379976435091192,-0.03984018707280439,True
D1,24,Theta,-0.14379587786244782,-0.19753257420169215,-0.09238669957748007,True
D1,48,AutoARIMA,-0.0012737910745766396,-0.044546391736144345,0.025422346584953986,False
D1,48,Combination,-0.046239473464133485,-0.07893788971687055,-0.002088928681660834,True
D1,48,SeasonalNaive,-0.136340485050363,-0.238726380944556,-0.07328962984025525,True
D1,48,AutoETS,-0.09815398015569149,-0.14492671768872983,-0.029067666470870182,True
D1,48,Theta,-0.10670225406836797,-0.18184093081907057,-0.063526256487304,True
D1,96,AutoARIMA,-0.006228818316355609,-0.026028595127821415,0.0146060957742139,False
D1,96,Combination,-0.08684716941137091,-0.13294320202377316,-0.018606311194321407,True
D1,96,SeasonalNaive,-0.20294568822941367,-0.298542934744195,-0.09302862435278894,True
D1,96,AutoETS,-0.16412213546932897,-0.2501890047411697,-0.07582928045623849,True
D1,96,Theta,-0.143991110176935,-0.23569114722596826,-0.08990464662791957,True
D1,200,AutoARIMA,0.006828000268984675,-0.005800757072874982,0.017816229273022816,False
D1,200,Combination,-0.057596360194614026,-0.13581197647111043,-0.007538178417534422,True
D1,200,SeasonalNaive,-0.17900148160879426,-0.25899631693669445,-0.09162624074166556,True
D1,200,AutoETS,-0.15805277075592875,-0.23752048958952593,-0.07423184151603068,True
D1,200,Theta,-0.14899200799243112,-0.23573814209257862,-0.08281049920793723,True
D2,24,AutoARIMA,-0.010563716066211008,-0.06660529680768904,0.030270572618982954,False
D2,24,Combination,-0.07031798637769453,-0.11679827368000285,-0.027580277692987737,True
D2,24,SeasonalNaive,-0.1407237631758573,-0.2201579286378485,-0.08503182757908292,True
D2,24,AutoETS,-0.105278867120918,-0.17362245743521973,-0.058764222589920846,True
D2,24,Theta,-0.19851025135480144,-0.31349439191611794,-0.09138752069072043,True
D2,48,AutoARIMA,0.007501214984908232,-0.04231151148962825,0.03330040196056633,False
D2,48,Combination,-0.05221994769452325,-0.1011548893805823,-0.010950542347503402,True
D2,48,SeasonalNaive,-0.14730413744893475,-0.2327527936819292,-0.07163974265169502,True
D2,48,AutoETS,-0.14729260886220974,-0.22868649995754056,-0.058734513251963265,True
D2,48,Theta,-0.16570752928064283,-0.2571253488491335,-0.07874965537493728,True
D2,96,AutoARIMA,-0.0038650873941876176,-0.019707979351354682,0.01590509027520083,False
D2,96,Combination,-0.0731973884917015,-0.1242752030173801,-0.03603352540021394,True
D2,96,SeasonalNaive,-0.16682676218116993,-0.22273063990895162,-0.10849975111881668,True
D2,96,AutoETS,-0.16329583566846223,-0.22277072994192057,-0.11234474731045825,True
D2,96,Theta,-0.1681658941848566,-0.24153490284467605,-0.11179492158887437,True
D2,200,AutoARIMA,0.018121914895226465,0.006740639242118953,0.042800216147711706,True
D2,200,Combination,-0.1318080369433826,-0.2081521850835208,-0.07983156419419045,True
D2,200,SeasonalNaive,-0.30665613853205964,-0.36792995656563326,-0.20875016085961368,True
D2,200,AutoETS,-0.3066172835207449,-0.3679313779651826,-0.20878606767033833,True
D2,200,Theta,-0.3037399225171904,-0.36965175024141717,-0.21393657318576978,True
D3,24,AutoARIMA,-0.07153424709816292,-0.1496331910506389,-0.026522423365912654,True
D3,24,Combination,0.00374385627184839,-0.08540060269388491,0.07290300351619367,False
D3,24,SeasonalNaive,0.0382900800661094,-0.045117729233547746,0.10916821721484724,False
D3,24,AutoETS,0.006535390513924223,-0.08094837389520944,0.04442652381660265,False
D3,24,Theta,0.07694644507746143,-0.017200173432813215,0.13570013763247307,False
D3,48,AutoARIMA,-0.064927911193564,-0.12725513952162917,0.03986724616717692,False
D3,48,Combination,-0.03020394224261,-0.10675184140794491,0.030435285358389113,False
D3,48,SeasonalNaive,-0.03966440728912157,-0.09925684983578292,0.07635624708289321,False
D3,48,AutoETS,-0.0821467799342048,-0.12269741760501375,-0.0281550533954082,False
D3,48,Theta,0.031991892323344186,-0.05318788781585663,0.15142043181050915,False
D3,96,AutoARIMA,-0.006925563189510698,-0.08794412067586405,0.06675952169594061,False
D3,96,Combination,0.029061677826493378,-0.04918847361419112,0.09863976281294667,False
D3,96,SeasonalNaive,-0.03941131914157009,-0.17066573378302463,0.04242929177819203,False
D3,96,AutoETS,-0.002186833618565354,-0.13509142370899266,0.08725525713762029,False
D3,96,Theta,0.013132793561410134,-0.12266023513526551,0.07428983759826147,False
D3,200,AutoARIMA,0.05546955125405936,0.005492040095554504,0.09894426114756533,True
D3,200,Combination,0.03225471741879346,-0.010663637315242903,0.09775298221374441,False
D3,200,SeasonalNaive,0.004976592291332412,-0.1034332755298357,0.10835748428132227,False
D3,200,AutoETS,0.013645750524334487,-0.06391711256312133,0.10180090578438167,False
D3,200,Theta,-0.00910878354529422,-0.048335448938647656,0.10002115909137582,False
D4,24,AutoARIMA,-0.7077110836932613,-0.7967189142333733,-0.546739193332767,True
D4,24,Combination,-1.207103826769396,-1.2587679964487806,-1.1263846876827932,True
D4,24,SeasonalNaive,0.32163310009115587,0.24699103056979105,0.4065019602498,True
D4,24,AutoETS,-1.50787925286535,-1.5717246530265414,-1.3975871833177784,True
D4,24,Theta,-1.6449300804725273,-1.7555741534335365,-1.561270942410412,True
D4,48,AutoARIMA,0.40088776044217767,0.33244045441869174,0.47424591685807266,True
D4,48,Combination,-0.06448551902211536,-0.12642770012021692,-0.01084850887680957,True
D4,48,SeasonalNaive,0.3275181916979097,0.2690702835284002,0.41153953632001794,True
D4,48,AutoETS,-0.3469818456678286,-0.4231418231905386,-0.2905389310307611,True
D4,48,Theta,-0.525603024362804,-0.6071630543522468,-0.43484851606469627,True
D4,96,AutoARIMA,0.3504049261730825,0.3034357094677303,0.4291767833519069,True
D4,96,Combination,-0.6301328483964016,-0.7305236991107373,-0.5586758791191835,True
D4,96,SeasonalNaive,0.16129743293528562,0.09822957864602166,0.20295888453496913,True
D4,96,AutoETS,-1.0373736521728776,-1.124447648336048,-0.9475546095701032,True
D4,96,Theta,-1.267658684533822,-1.400311816970075,-1.1634242792087783,True
D4,200,AutoARIMA,0.4442284668175595,0.35564980522596407,0.5050797674835651,True
D4,200,Combination,-0.46680601602651633,-0.550907098652761,-0.3805890887972635,True
D4,200,SeasonalNaive,0.16158197056278775,0.07893148578894478,0.23681679562532612,True
D4,200,AutoETS,0.13457449954127904,0.04941989417123012,0.2243002004534428,True
D4,200,Theta,-1.746901271678651,-1.8602447421316566,-1.6313212497638279,True
D5,24,AutoARIMA,-0.46698013992908916,-0.57571615528343,-0.3900866765859935,True
D5,24,Combination,-1.1028552769702875,-1.1723404280640657,-1.0141905959463737,True
D5,24,SeasonalNaive,-0.01915763239661681,-0.05898647082038953,0.03849332698944631,False
D5,24,AutoETS,-1.3887090082859912,-1.4695195639907515,-1.314687888301605,True
D5,24,Theta,-1.4429164735126339,-1.5236695182447892,-1.3409816771556387,True
D5,48,AutoARIMA,0.15319289327526797,0.026778319763239473,0.25032317566736645,True
D5,48,Combination,0.1162690989915702,0.054281660578211946,0.16762666502455148,True
D5,48,SeasonalNaive,-0.4448181504926002,-0.5357999962568565,-0.3674278006831655,True
D5,48,AutoETS,0.1032194146954533,0.0424195058173145,0.20175828334090132,True
D5,48,Theta,0.06300905024549652,-0.00789934493928856,0.13133626707112553,False
D5,96,AutoARIMA,0.0907881753906484,0.012607903327808286,0.13987704554816133,True
D5,96,Combination,0.10221970125406699,0.03761230724522326,0.1582075355296018,True
D5,96,SeasonalNaive,-0.4769874272117596,-0.6031319096004888,-0.3624094831371539,True
D5,96,AutoETS,0.016427276729471064,-0.05293751927029113,0.09622606089450686,False
D5,96,Theta,-0.03943115377098079,-0.06573698591587834,0.016433927673729132,False
D5,200,AutoARIMA,0.11630384408016181,0.07924812881093052,0.17536533919100297,True
D5,200,Combination,0.06078413881418848,0.02878190091165204,0.12028022153441743,True
D5,200,SeasonalNaive,-0.6369799909017155,-0.7957177329955663,-0.4497231658111556,True
D5,200,AutoETS,0.02380905043802748,-0.028740167933915456,0.09516213751412936,False
D5,200,Theta,-0.19455365040606626,-0.2914343075493754,-0.06790901798313322,True
D6,24,AutoARIMA,-0.059904430115141856,-0.09665687489523792,-0.013161191616957515,False
D6,24,Combination,-0.14900578726260066,-0.24473912359041375,-0.031189161602608012,True
D6,24,SeasonalNaive,-0.059904430115141856,-0.09586449791187397,-0.0108741116401442,True
D6,24,AutoETS,-0.008415930621600712,-0.047335943313726495,0.021930459481124726,False
D6,24,Theta,-1.0228578449714303,-1.101241847614847,-0.8769689365859823,True
D6,48,AutoARIMA,-0.04586388039048635,-0.12187439202917699,-0.008028468498759933,True
D6,48,Combination,-0.1208549977844149,-0.18675448285924728,-0.052203416275836606,True
D6,48,SeasonalNaive,-0.08446935269366473,-0.1454536069511404,-0.02971463080281112,True
D6,48,AutoETS,-0.025728671704536854,-0.0778399715649636,-4.078048082558935e-05,True
D6,48,Theta,-0.47568911138598213,-0.5655074062312347,-0.36123325870885753,True
D6,96,AutoARIMA,-0.02794770102720756,-0.07767720735987796,0.011296850922682858,True
D6,96,Combination,-0.051044999041459524,-0.08592562479641272,-0.0011061147990204302,True
D6,96,SeasonalNaive,-0.06343088599031077,-0.1945483656229829,-0.033270553243909186,True
D6,96,AutoETS,-0.02605469010006587,-0.0777211945403941,0.00416477740316922,True
D6,96,Theta,-0.0989908739623341,-0.1471526753055,-0.04319432679959928,True
D6,200,AutoARIMA,0.017147536592483095,-0.016905102360501235,0.041328979714319196,False
D6,200,Combination,0.005853388152122656,-0.02263177984797613,0.04405643214898432,False
D6,200,SeasonalNaive,-0.08068587883003586,-0.147707571392696,-0.015651586707473283,True
D6,200,AutoETS,0.03140844045282974,0.0030143865924777665,0.05810890433812999,False
D6,200,Theta,-0.00011693885067691348,-0.04732074142490527,0.03908143198814542,False
D7,24,AutoARIMA,0.06987816515466691,0.01367459441370552,0.11335382714140482,True
D7,24,Combination,-0.6298511183545337,-0.6794111032623008,-0.5719657038066245,True
D7,24,SeasonalNaive,-2.3294783440944897,-2.4012912879701216,-2.2241186090459855,True
D7,24,AutoETS,-0.11336214682246912,-0.14849625688794202,-0.06026559210533838,True
D7,24,Theta,-1.516220606410629,-1.5978543161212984,-1.4851438059118902,True
D7,48,AutoARIMA,-0.29450738089734374,-0.37107847188162957,-0.23856168186478682,True
D7,48,Combination,-0.22627822745135912,-0.29964142524311,-0.15358923376038158,True
D7,48,SeasonalNaive,-2.6087825301554384,-2.699973862302894,-2.5369480821373322,True
D7,48,AutoETS,-0.9981284562895927,-1.1768723996161103,-0.87529079263801,True
D7,48,Theta,-1.7237800636021614,-1.8322654304417132,-1.6446894670603942,True
D7,96,AutoARIMA,-0.3971988666173387,-0.49141407770580114,-0.32115000309882213,True
D7,96,Combination,-0.154642390560337,-0.20706981092924562,-0.10034343233781896,True
D7,96,SeasonalNaive,-0.985486543662758,-1.0788222071285127,-0.8140602212886521,True
D7,96,AutoETS,-0.39186897858660674,-0.5058017685853413,-0.31824744127827675,True
D7,96,Theta,0.08500697455081921,0.03511684438562186,0.19628110370367977,True
D7,200,AutoARIMA,-0.005537971696441131,-0.09441704916672511,0.04896632601386083,False
D7,200,Combination,-0.01594240985052222,-0.0394559099450558,0.020974288848547084,False
D7,200,SeasonalNaive,0.01711514822979302,-0.04846498058920977,0.10830149367158456,False
D7,200,AutoETS,0.0162754601355194,-0.008856114320702694,0.08500501390549633,False
D7,200,Theta,-0.4800843407482879,-0.5643305418914378,-0.4034518563261985,True
D8,24,AutoARIMA,-0.34164366521853445,-0.43114741828759284,-0.22576754250069583,True
D8,24,Combination,-0.32246615679735324,-0.42737872645331354,-0.24119387474015538,True
D8,24,SeasonalNaive,0.007594125938907725,0.0041700216576710785,0.01375421953185322,False
D8,24,AutoETS,-0.3623719024649992,-0.4577784638274841,-0.25107193303357256,True
D8,24,Theta,-0.24446333954485472,-0.336474751875195,-0.187350445163099,True
D8,48,AutoARIMA,-0.4633664878517325,-0.5387191170032195,-0.3885716790324649,True
D8,48,Combination,-0.4339570411885209,-0.5314681629224419,-0.3686248182457388,True
D8,48,SeasonalNaive,0.010135594471927087,0.00485717368785678,0.014230108215675,False
D8,48,AutoETS,-0.47960501805940525,-0.5290104848469692,-0.395249762299105,True
D8,48,Theta,-0.4186211502168872,-0.5227262724452524,-0.34615919949286467,True
D8,96,AutoARIMA,-0.42547345097741,-0.48684570726810533,-0.3581799960037728,True
D8,96,Combination,-0.4121097038598339,-0.4911748206910457,-0.3631270519188486,True
D8,96,SeasonalNaive,0.008818591710507279,0.006457293728712799,0.012054300929469536,False
D8,96,AutoETS,-0.4305662646244764,-0.5199010785872289,-0.35564221340866564,True
D8,96,Theta,-0.3964852420282949,-0.4750370201845121,-0.3263703131248227,True
D8,200,AutoARIMA,-0.4407513472108779,-0.5415089776009963,-0.3672046678977766,True
D8,200,Combination,-0.4246208234966548,-0.573483160046601,-0.3613957203081184,True
D8,200,SeasonalNaive,0.006503237737361296,0.003062998381773426,0.008619273191559126,False
D8,200,AutoETS,-0.429242986179038,-0.5441796119612764,-0.3624207159260595,True
D8,200,Theta,-0.4266282301879779,-0.5014359067748295,-0.3649720623469445,True
D9,24,AutoARIMA,-0.020062086796144022,-0.0494199929453147,0.0017216056794607097,False
D9,24,Combination,-0.0288315084377272,-0.052407598931261096,-0.01249780511910697,True
D9,24,SeasonalNaive,-0.09268058850399846,-0.15583689555596664,-0.055226960166080356,True
D9,24,AutoETS,-0.054318228532050906,-0.09251981092246771,-0.00825084329099077,True
D9,24,Theta,-0.10768122381025053,-0.1603895604471386,-0.0583206994981202,True
D9,48,AutoARIMA,0.004595996429158079,-0.023894377393064044,0.019890063762937355,False
D9,48,Combination,-0.06109400369519213,-0.08733425842412502,-0.025516561361647563,True
D9,48,SeasonalNaive,-0.22298554477935528,-0.3340779174470547,-0.16650068122126108,True
D9,48,AutoETS,-0.13625466106666762,-0.196045319531219,-0.08406854110161524,True
D9,48,Theta,-0.14578674517863094,-0.2266191197673219,-0.0991308371387096,True
D9,96,AutoARIMA,-0.0028812261648672793,-0.01770022064082859,0.01906607668474828,False
D9,96,Combination,-0.03298812676370494,-0.07593219951275497,-0.009572897891913047,True
D9,96,SeasonalNaive,-0.20174709386650164,-0.24322991415423947,-0.14581803671714622,True
D9,96,AutoETS,-0.10385234164798289,-0.1874810990707561,-0.04222232745106303,True
D9,96,Theta,-0.12364408003818797,-0.19744904075524253,-0.05575946456680553,True
D9,200,AutoARIMA,0.002489110582008929,-0.011780975976534389,0.016916618603614503,False
D9,200,Combination,-0.09113039816552074,-0.14419803931911312,-0.054793544220881146,True
D9,200,SeasonalNaive,-0.2658494545344605,-0.3445794382062425,-0.1887636617528193,True
D9,200,AutoETS,-0.2023071623854782,-0.31346769296902915,-0.13133602112388013,True
D9,200,Theta,-0.22226798924598698,-0.3257828231640153,-0.1290095653388345,True
