dgp,n,method,IS80
D1,24,SeasonalNaive,8.486029503189862
D1,24,Theta,7.973200702472974
D1,24,AutoETS,7.780787601400561
D1,24,AutoARIMA,7.2001351203834005
D1,24,Combination,7.294176662201262
D1,24,TimesFM3,6.692887343028238
D1,48,SeasonalNaive,8.478588245836566
D1,48,Theta,7.726015858261162
D1,48,AutoETS,7.633683317146115
D1,48,AutoARIMA,6.502250207720888
D1,48,Combination,7.001524323470787
D1,48,TimesFM3,6.02680055759804
D1,96,SeasonalNaive,8.397704005993717
D1,96,Theta,7.720929207436828
D1,96,AutoETS,7.617052286280509
D1,96,AutoARIMA,6.020620492360122
D1,96,Combination,6.805594719271324
D1,96,TimesFM3,5.880551979834854
D1,200,SeasonalNaive,8.604175809967133
D1,200,Theta,7.784245242905554
D1,200,AutoETS,7.667608597031331
D1,200,AutoARIMA,5.700152450986456
D1,200,Combination,6.78342233092076
D1,200,TimesFM3,5.608357785290394
D2,24,SeasonalNaive,9.186939465154811
D2,24,Theta,9.65658873000603
D2,24,AutoETS,9.191199529204374
D2,24,AutoARIMA,7.780490658547108
D2,24,Combination,8.242518426697597
D2,24,TimesFM3,7.928031038258655
D2,48,SeasonalNaive,9.194671227125292
D2,48,Theta,9.417164847662038
D2,48,AutoETS,9.24922165039022
D2,48,AutoARIMA,7.351524689065632
D2,48,Combination,8.276569191392133
D2,48,TimesFM3,6.885089572095736
D2,96,SeasonalNaive,8.767051065117075
D2,96,Theta,8.912080816995648
D2,96,AutoETS,8.828213917214637
D2,96,AutoARIMA,6.657624112025678
D2,96,Combination,7.737301685295081
D2,96,TimesFM3,6.54850340862873
D2,200,SeasonalNaive,9.05017156986767
D2,200,Theta,9.136876654238556
D2,200,AutoETS,9.084819911525269
D2,200,AutoARIMA,6.125280191924142
D2,200,Combination,7.748161736320481
D2,200,TimesFM3,6.091515796288763
D3,24,SeasonalNaive,24.15912268999916
D3,24,Theta,24.60788037428925
D3,24,AutoETS,26.716250331800623
D3,24,AutoARIMA,28.485711993251833
D3,24,Combination,24.900945832763192
D3,24,TimesFM3,26.07492701019738
D3,48,SeasonalNaive,23.09943931602407
D3,48,Theta,22.970829893331178
D3,48,AutoETS,22.70030652928871
D3,48,AutoARIMA,22.226959164516476
D3,48,Combination,21.053282409440254
D3,48,TimesFM3,20.748750333734634
D3,96,SeasonalNaive,21.683114447265535
D3,96,Theta,21.661006825896212
D3,96,AutoETS,18.367506525463092
D3,96,AutoARIMA,18.019300261993013
D3,96,Combination,17.95765449573287
D3,96,TimesFM3,18.318283727577377
D3,200,SeasonalNaive,24.37930329176478
D3,200,Theta,23.98552038085901
D3,200,AutoETS,20.70039611951971
D3,200,AutoARIMA,19.37949830374461
D3,200,Combination,20.144534635040134
D3,200,TimesFM3,19.827853023502513
D4,24,SeasonalNaive,4.657645232141902
D4,24,Theta,22.44649577568386
D4,24,AutoETS,18.949317952491995
D4,24,AutoARIMA,10.078888429153162
D4,24,Combination,15.818942697594828
D4,24,TimesFM3,6.601684986827249
D4,48,SeasonalNaive,4.534699323640522
D4,48,Theta,9.939799185746866
D4,48,AutoETS,8.519419715057813
D4,48,AutoARIMA,4.636201245428955
D4,48,Combination,6.455068956665559
D4,48,TimesFM3,5.751610407078479
D4,96,SeasonalNaive,4.49996669411484
D4,96,Theta,14.65639687201738
D4,96,AutoETS,11.794035517880024
D4,96,AutoARIMA,3.960823899002679
D4,96,Combination,8.46974802226279
D4,96,TimesFM3,5.261739832367522
D4,200,SeasonalNaive,4.634952633545171
D4,200,Theta,20.024936259676807
D4,200,AutoETS,4.881281639056792
D4,200,AutoARIMA,3.9087807860936006
D4,200,Combination,7.8586799200473685
D4,200,TimesFM3,5.147613929430812
D5,24,SeasonalNaive,5.115124054862767
D5,24,Theta,17.08876686662578
D5,24,AutoETS,15.808746900252524
D5,24,AutoARIMA,7.805343445680592
D5,24,Combination,12.80259567271437
D5,24,TimesFM3,5.78078475777907
D5,48,SeasonalNaive,4.617864288338266
D5,48,Theta,4.835433813811792
D5,48,AutoETS,3.5269409370104965
D5,48,AutoARIMA,3.272513875697948
D5,48,Combination,3.4522243292273425
D5,48,TimesFM3,3.6695838893880235
D5,96,SeasonalNaive,4.502912520754158
D5,96,Theta,3.519267711448439
D5,96,AutoETS,3.644472916845274
D5,96,AutoARIMA,3.2960987866372102
D5,96,Combination,3.2669716690433552
D5,96,TimesFM3,3.439494780957054
D5,200,SeasonalNaive,4.3329561245608
D5,200,Theta,3.419576592501154
D5,200,AutoETS,3.042935675476373
D5,200,AutoARIMA,2.8020077102558445
D5,200,Combination,2.844476014198524
D5,200,TimesFM3,3.0476801894025187
D6,24,SeasonalNaive,10.365874283536334
D6,24,Theta,9.409111348333898
D6,24,AutoETS,9.749577212512348
D6,24,AutoARIMA,10.31519727431979
D6,24,Combination,9.82340177065593
D6,24,TimesFM3,5.6736594371287765
D6,48,SeasonalNaive,9.671695332751586
D6,48,Theta,7.840012570548662
D6,48,AutoETS,7.895498960509748
D6,48,AutoARIMA,8.610522437621087
D6,48,Combination,8.108212352320146
D6,48,TimesFM3,4.335767194793337
D6,96,SeasonalNaive,8.907528431204463
D6,96,Theta,6.282396406543444
D6,96,AutoETS,6.250618042050901
D6,96,AutoARIMA,6.254386340876599
D6,96,Combination,6.258259592115642
D6,96,TimesFM3,4.322395570525942
D6,200,SeasonalNaive,8.445942867183206
D6,200,Theta,4.973889192962049
D6,200,AutoETS,4.958257973943972
D6,200,AutoARIMA,4.925240813302604
D6,200,Combination,4.948274977093535
D6,200,TimesFM3,3.8823614290954187
D7,24,SeasonalNaive,25.442566854407325
D7,24,Theta,15.229198559994714
D7,24,AutoETS,5.890125388455755
D7,24,AutoARIMA,4.870287565661726
D7,24,Combination,7.080715740360561
D7,24,TimesFM3,5.034796561184721
D7,48,SeasonalNaive,15.248944448849734
D7,48,Theta,7.893692070605822
D7,48,AutoETS,7.5249736244946925
D7,48,AutoARIMA,5.3878455365803894
D7,48,Combination,4.999016827976084
D7,48,TimesFM3,4.021446057838919
D7,96,SeasonalNaive,7.92981641481876
D7,96,Theta,5.5670479211284745
D7,96,AutoETS,5.736763088334674
D7,96,AutoARIMA,5.776150714443549
D7,96,Combination,5.1834885751381865
D7,96,TimesFM3,4.868499305300587
D7,200,SeasonalNaive,7.91903921637995
D7,200,Theta,5.6856197321654705
D7,200,AutoETS,4.478660480757315
D7,200,AutoARIMA,4.629725889836059
D7,200,Combination,4.758968859796093
D7,200,TimesFM3,4.274448551091971
D8,24,SeasonalNaive,10.114540171259009
D8,24,Theta,5.067900515816642
D8,24,AutoETS,5.16045991422842
D8,24,AutoARIMA,4.816525039555421
D8,24,Combination,4.977673609063472
D8,24,TimesFM3,3.928557569602108
D8,48,SeasonalNaive,10.260701204735028
D8,48,Theta,4.732914695730078
D8,48,AutoETS,4.537999363616809
D8,48,AutoARIMA,4.4860368107630215
D8,48,Combination,4.531114828228784
D8,48,TimesFM3,3.6971510838418284
D8,96,SeasonalNaive,10.017587491094199
D8,96,Theta,4.285389631999266
D8,96,AutoETS,4.11271744947517
D8,96,AutoARIMA,4.121343309931597
D8,96,Combination,4.158693517013109
D8,96,TimesFM3,3.272859041510626
D8,200,SeasonalNaive,10.049135609342294
D8,200,Theta,4.316096282271869
D8,200,AutoETS,4.1891297514824375
D8,200,AutoARIMA,4.1912698385620475
D8,200,Combination,4.217721662919238
D8,200,TimesFM3,3.2706877808652566
D9,24,SeasonalNaive,8.548429796467396
D9,24,Theta,7.545340384409385
D9,24,AutoETS,7.3134928500171075
D9,24,AutoARIMA,6.848299094740425
D9,24,Combination,6.89491154913608
D9,24,TimesFM3,6.392338604488039
D9,48,SeasonalNaive,8.598266690513716
D9,48,Theta,7.284624753904245
D9,48,AutoETS,7.14582981450691
D9,48,AutoARIMA,5.916365866620453
D9,48,Combination,6.532364599782772
D9,48,TimesFM3,5.754634001090326
D9,96,SeasonalNaive,8.421564478936812
D9,96,Theta,6.808170533032937
D9,96,AutoETS,6.686080090429524
D9,96,AutoARIMA,5.1523271833174045
D9,96,Combination,6.026932230014463
D9,96,TimesFM3,5.104234562746619
D9,200,SeasonalNaive,8.661331765933216
D9,200,Theta,7.237767723886966
D9,200,AutoETS,7.135621400436249
D9,200,AutoARIMA,5.347251643964389
D9,200,Combination,6.308392076993349
D9,200,TimesFM3,5.410570697915638
