dgp,n,rep,ets,arima,ets_seasonal,arima_seasonal
D4,24,0,"ETS(M,N,N)","(3,0,1)(0,0,0)[12]",False,False
D4,24,1,"ETS(M,N,N)","(1,0,1)(0,0,0)[12]",False,False
D4,24,2,"ETS(A,N,N)","(1,0,0)(0,0,0)[12]",False,False
D4,24,3,"ETS(M,N,N)","(3,0,0)(0,0,0)[12]",False,False
D4,24,4,"ETS(A,N,A)","(1,0,0)(0,0,0)[12]",True,False
D4,24,5,"ETS(M,N,N)","(3,0,0)(0,0,0)[12]",False,False
D4,24,6,"ETS(A,N,N)","(3,0,1)(0,0,0)[12]",False,False
D4,24,7,"ETS(A,N,N)","(3,0,0)(0,0,0)[12]",False,False
D4,24,8,"ETS(A,N,N)","(3,0,1)(0,0,0)[12]",False,False
D4,24,9,"ETS(A,N,N)","(4,0,1)(0,0,0)[12]",False,False
D4,24,10,"ETS(A,N,N)","(1,0,0)(0,0,0)[12]",False,False
D4,24,11,"ETS(M,N,N)","(1,0,0)(0,0,0)[12]",False,False
D4,24,12,"ETS(M,N,N)","(2,0,1)(0,0,0)[12]",False,False
D4,24,13,"ETS(M,N,N)","(4,0,0)(0,0,0)[12]",False,False
D4,24,14,"ETS(M,N,N)","(3,0,1)(0,0,0)[12]",False,False
D4,24,15,"ETS(M,N,N)","(3,0,1)(0,0,0)[12]",False,False
D4,24,16,"ETS(A,N,N)","(3,0,1)(0,0,0)[12]",False,False
D4,24,17,"ETS(A,N,N)","(2,0,1)(0,0,0)[12]",False,False
D4,24,18,"ETS(A,N,N)","(3,0,1)(0,0,0)[12]",False,False
D4,24,19,"ETS(A,N,N)","(3,0,1)(0,0,0)[12]",False,False
D4,24,20,"ETS(M,N,N)","(3,0,1)(0,0,0)[12]",False,False
D4,24,21,"ETS(A,N,N)","(2,0,1)(0,0,0)[12]",False,False
D4,24,22,"ETS(M,N,N)","(3,0,0)(0,0,0)[12]",False,False
D4,24,23,"ETS(M,N,A)","(4,0,0)(0,0,0)[12]",True,False
D4,24,24,"ETS(M,N,N)","(4,0,0)(0,0,0)[12]",False,False
D4,24,25,"ETS(A,N,N)","(2,0,1)(0,0,0)[12]",False,False
D4,24,26,"ETS(A,N,N)","(2,0,1)(0,0,0)[12]",False,False
D4,24,27,"ETS(A,N,N)","(3,0,1)(0,0,0)[12]",False,False
D4,24,28,"ETS(M,N,N)","(1,0,0)(0,0,0)[12]",False,False
D4,24,29,"ETS(A,N,N)","(3,0,1)(0,0,0)[12]",False,False
D4,24,30,"ETS(M,N,N)","(2,0,1)(0,0,0)[12]",False,False
D4,24,31,"ETS(A,N,N)","(2,0,1)(0,0,0)[12]",False,False
D4,24,32,"ETS(M,N,N)","(1,0,0)(0,0,0)[12]",False,False
D4,24,33,"ETS(A,N,N)","(3,0,1)(0,0,0)[12]",False,False
D4,24,34,"ETS(A,N,N)","(3,0,1)(0,0,0)[12]",False,False
D4,24,35,"ETS(A,N,N)","(2,0,1)(0,0,0)[12]",False,False
D4,24,36,"ETS(M,N,N)","(3,0,1)(0,0,0)[12]",False,False
D4,24,37,"ETS(M,N,N)","(2,0,1)(0,0,0)[12]",False,False
D4,24,38,"ETS(M,N,N)","(3,0,1)(0,0,0)[12]",False,False
D4,24,39,"ETS(A,N,N)","(2,0,1)(0,0,0)[12]",False,False
D4,24,40,"ETS(M,N,N)","(4,0,0)(0,0,0)[12]",False,False
D4,24,41,"ETS(A,N,N)","(0,1,0)(0,0,0)[12]",False,False
D4,24,42,"ETS(M,N,A)","(4,0,0)(0,0,0)[12]",True,False
D4,24,43,"ETS(M,N,N)","(2,0,1)(0,0,0)[12]",False,False
D4,24,44,"ETS(M,N,N)","(2,0,1)(0,0,0)[12]",False,False
D4,24,45,"ETS(M,N,N)","(4,0,0)(0,0,0)[12]",False,False
D4,24,46,"ETS(M,N,N)","(1,0,1)(0,0,0)[12]",False,False
D4,24,47,"ETS(A,N,N)","(4,0,0)(0,0,0)[12]",False,False
D4,24,48,"ETS(A,N,A)","(4,0,0)(0,0,0)[12]",True,False
D4,24,49,"ETS(A,N,N)","(4,0,0)(0,0,0)[12]",False,False
D4,24,50,"ETS(A,N,N)","(1,0,0)(0,0,0)[12]",False,False
D4,24,51,"ETS(M,N,N)","(3,0,1)(0,0,0)[12]",False,False
D4,24,52,"ETS(A,N,N)","(2,0,1)(0,0,0)[12]",False,False
D4,24,53,"ETS(M,N,N)","(1,0,0)(0,0,0)[12]",False,False
D4,24,54,"ETS(A,N,N)","(2,0,1)(0,0,0)[12]",False,False
D4,24,55,"ETS(A,N,N)","(3,0,1)(0,0,0)[12]",False,False
D4,24,56,"ETS(A,N,N)","(3,0,1)(0,0,0)[12]",False,False
D4,24,57,"ETS(A,N,N)","(2,0,1)(0,0,0)[12]",False,False
D4,24,58,"ETS(A,N,N)","(2,0,1)(0,0,0)[12]",False,False
D4,24,59,"ETS(M,N,N)","(2,0,1)(0,0,0)[12]",False,False
D4,24,60,"ETS(M,N,N)","(2,0,1)(0,0,0)[12]",False,False
D4,24,61,"ETS(A,N,A)","(4,0,0)(0,0,0)[12]",True,False
D4,24,62,"ETS(A,N,N)","(3,0,1)(0,0,0)[12]",False,False
D4,24,63,"ETS(A,N,N)","(2,0,1)(0,0,0)[12]",False,False
D4,24,64,"ETS(M,N,A)","(1,0,0)(0,0,0)[12]",True,False
D4,24,65,"ETS(M,N,N)","(4,0,0)(0,0,0)[12]",False,False
D4,24,66,"ETS(M,N,N)","(2,0,1)(0,0,0)[12]",False,False
D4,24,67,"ETS(A,N,N)","(3,0,1)(0,0,0)[12]",False,False
D4,24,68,"ETS(A,N,N)","(4,0,0)(0,0,0)[12]",False,False
D4,24,69,"ETS(A,N,N)","(2,0,1)(0,0,0)[12]",False,False
D4,24,70,"ETS(M,N,N)","(2,0,1)(0,0,0)[12]",False,False
D4,24,71,"ETS(A,N,N)","(4,0,0)(0,0,0)[12]",False,False
D4,24,72,"ETS(A,N,N)","(4,0,0)(0,0,0)[12]",False,False
D4,24,73,"ETS(A,N,N)","(1,0,0)(0,0,0)[12]",False,False
D4,24,74,"ETS(M,N,N)","(1,0,0)(0,0,0)[12]",False,False
D4,24,75,"ETS(A,N,N)","(3,0,0)(0,0,0)[12]",False,False
D4,24,76,"ETS(A,N,N)","(2,0,1)(0,0,0)[12]",False,False
D4,24,77,"ETS(A,N,N)","(2,0,0)(0,0,0)[12]",False,False
D4,24,78,"ETS(A,N,N)","(3,0,1)(0,0,0)[12]",False,False
D4,24,79,"ETS(M,N,N)","(3,0,0)(0,0,0)[12]",False,False
D4,24,80,"ETS(A,N,N)","(2,0,1)(0,0,0)[12]",False,False
D4,24,81,"ETS(A,N,N)","(4,0,0)(0,0,0)[12]",False,False
D4,24,82,"ETS(A,N,N)","(1,0,0)(0,0,0)[12]",False,False
D4,24,83,"ETS(A,N,N)","(2,0,0)(0,0,0)[12]",False,False
D4,24,84,"ETS(A,N,N)","(4,0,0)(0,0,0)[12]",False,False
D4,24,85,"ETS(A,N,N)","(2,0,1)(0,0,0)[12]",False,False
D4,24,86,"ETS(M,N,N)","(3,0,0)(0,0,0)[12]",False,False
D4,24,87,"ETS(M,N,N)","(3,0,1)(0,0,0)[12]",False,False
D4,24,88,"ETS(M,N,N)","(0,0,1)(0,0,0)[12]",False,False
D4,24,89,"ETS(A,N,N)","(1,0,0)(0,0,0)[12]",False,False
D4,24,90,"ETS(A,N,N)","(3,0,1)(0,0,0)[12]",False,False
D4,24,91,"ETS(A,N,N)","(3,0,0)(0,0,0)[12]",False,False
D4,24,92,"ETS(A,N,N)","(2,0,1)(0,0,0)[12]",False,False
D4,24,93,"ETS(A,N,N)","(2,0,1)(0,0,0)[12]",False,False
D4,24,94,"ETS(A,N,N)","(1,0,0)(0,0,0)[12]",False,False
D4,24,95,"ETS(M,N,N)","(3,0,1)(0,0,0)[12]",False,False
D4,24,96,"ETS(M,N,N)","(2,0,0)(0,0,0)[12]",False,False
D4,24,97,"ETS(A,N,N)","(0,1,0)(0,0,0)[12]",False,False
D4,24,98,"ETS(M,N,A)","(1,0,0)(0,0,0)[12]",True,False
D4,24,99,"ETS(M,N,N)","(3,0,0)(0,0,0)[12]",False,False
D4,24,100,"ETS(A,N,N)","(4,0,0)(0,0,0)[12]",False,False
D4,24,101,"ETS(A,N,N)","(4,0,0)(0,0,0)[12]",False,False
D4,24,102,"ETS(M,N,N)","(2,0,1)(0,0,0)[12]",False,False
D4,24,103,"ETS(M,N,N)","(2,0,0)(0,0,0)[12]",False,False
D4,24,104,"ETS(M,N,N)","(3,0,0)(0,0,0)[12]",False,False
D4,24,105,"ETS(A,N,N)","(3,0,1)(0,0,0)[12]",False,False
D4,24,106,"ETS(A,N,N)","(1,0,0)(0,0,0)[12]",False,False
D4,24,107,"ETS(M,N,N)","(2,0,0)(0,0,0)[12]",False,False
D4,24,108,"ETS(M,N,N)","(2,0,1)(0,0,0)[12]",False,False
D4,24,109,"ETS(M,N,N)","(2,0,1)(0,0,0)[12]",False,False
D4,24,110,"ETS(M,N,N)","(4,0,0)(0,0,0)[12]",False,False
D4,24,111,"ETS(A,N,N)","(0,1,0)(0,0,0)[12]",False,False
D4,24,112,"ETS(M,N,A)","(4,0,0)(0,0,0)[12]",True,False
D4,24,113,"ETS(A,N,N)","(0,1,0)(0,0,0)[12]",False,False
D4,24,114,"ETS(A,N,N)","(3,0,1)(0,0,0)[12]",False,False
D4,24,115,"ETS(M,N,N)","(2,0,1)(0,0,0)[12]",False,False
D4,24,116,"ETS(M,N,N)","(4,0,0)(0,0,0)[12]",False,False
D4,24,117,"ETS(A,N,A)","(2,0,1)(0,0,0)[12]",True,False
D4,24,118,"ETS(A,N,N)","(2,0,1)(0,0,0)[12]",False,False
D4,24,119,"ETS(A,N,N)","(2,0,0)(0,0,0)[12]",False,False
D4,24,120,"ETS(M,N,N)","(2,0,1)(0,0,0)[12]",False,False
D4,24,121,"ETS(A,N,N)","(1,0,0)(0,0,0)[12]",False,False
D4,24,122,"ETS(M,N,N)","(1,0,0)(0,0,0)[12]",False,False
D4,24,123,"ETS(M,N,N)","(1,0,0)(0,0,0)[12]",False,False
D4,24,124,"ETS(M,N,N)","(3,0,1)(0,0,0)[12]",False,False
D4,24,125,"ETS(A,N,N)","(4,0,0)(0,0,0)[12]",False,False
D4,24,126,"ETS(M,N,N)","(1,0,0)(0,0,0)[12]",False,False
D4,24,127,"ETS(A,N,N)","(0,1,0)(0,0,0)[12]",False,False
D4,24,128,"ETS(M,N,N)","(3,0,1)(0,0,0)[12]",False,False
D4,24,129,"ETS(A,N,N)","(3,0,1)(0,0,0)[12]",False,False
D4,24,130,"ETS(M,N,N)","(2,0,0)(0,0,0)[12]",False,False
D4,24,131,"ETS(A,N,N)","(3,0,1)(0,0,0)[12]",False,False
D4,24,132,"ETS(A,N,N)","(3,0,1)(0,0,0)[12]",False,False
D4,24,133,"ETS(M,N,N)","(3,0,1)(0,0,0)[12]",False,False
D4,24,134,"ETS(A,N,N)","(2,0,0)(0,0,0)[12]",False,False
D4,24,135,"ETS(M,N,N)","(3,0,0)(0,0,0)[12]",False,False
D4,24,136,"ETS(M,N,N)","(2,0,0)(0,0,0)[12]",False,False
D4,24,137,"ETS(A,N,N)","(1,0,0)(0,0,0)[12]",False,False
D4,24,138,"ETS(M,N,N)","(1,0,0)(0,0,0)[12]",False,False
D4,24,139,"ETS(A,N,N)","(0,1,0)(0,0,0)[12]",False,False
D4,24,140,"ETS(A,N,N)","(3,0,1)(0,0,0)[12]",False,False
D4,24,141,"ETS(M,N,N)","(1,0,1)(0,0,0)[12]",False,False
D4,24,142,"ETS(A,N,N)","(1,0,0)(0,0,0)[12]",False,False
D4,24,143,"ETS(M,N,N)","(2,0,1)(0,0,0)[12]",False,False
D4,24,144,"ETS(A,N,A)","(3,0,1)(0,0,0)[12]",True,False
D4,24,145,"ETS(A,N,N)","(3,0,1)(0,0,0)[12]",False,False
D4,24,146,"ETS(M,N,N)","(1,0,0)(0,0,0)[12]",False,False
D4,24,147,"ETS(A,N,N)","(2,0,1)(0,0,0)[12]",False,False
D4,24,148,"ETS(A,N,N)","(1,0,0)(0,0,0)[12]",False,False
D4,24,149,"ETS(M,N,N)","(3,0,0)(0,0,0)[12]",False,False
D4,24,150,"ETS(A,N,N)","(2,0,1)(0,0,0)[12]",False,False
D4,24,151,"ETS(A,N,N)","(0,1,0)(0,0,0)[12]",False,False
D4,24,152,"ETS(A,N,N)","(2,0,1)(0,0,0)[12]",False,False
D4,24,153,"ETS(M,N,N)","(4,0,0)(0,0,0)[12]",False,False
D4,24,154,"ETS(M,N,N)","(1,0,0)(0,0,0)[12]",False,False
D4,24,155,"ETS(M,N,A)","(3,0,0)(0,0,0)[12]",True,False
D4,24,156,"ETS(M,N,N)","(1,0,0)(0,0,0)[12]",False,False
D4,24,157,"ETS(M,N,N)","(4,0,0)(0,0,0)[12]",False,False
D4,24,158,"ETS(A,N,N)","(3,0,1)(0,0,0)[12]",False,False
D4,24,159,"ETS(M,N,N)","(4,0,0)(0,0,0)[12]",False,False
D4,24,160,"ETS(M,N,N)","(4,0,0)(0,0,0)[12]",False,False
D4,24,161,"ETS(A,N,N)","(2,0,1)(0,0,0)[12]",False,False
D4,24,162,"ETS(A,N,N)","(2,0,0)(0,0,0)[12]",False,False
D4,24,163,"ETS(M,N,N)","(2,0,1)(0,0,0)[12]",False,False
D4,24,164,"ETS(M,N,N)","(3,0,1)(0,0,0)[12]",False,False
D4,24,165,"ETS(M,N,A)","(1,0,0)(0,0,0)[12]",True,False
D4,24,166,"ETS(A,N,N)","(2,0,1)(0,0,0)[12]",False,False
D4,24,167,"ETS(A,N,A)","(4,0,0)(0,0,0)[12]",True,False
D4,24,168,"ETS(M,N,N)","(2,0,1)(0,0,0)[12]",False,False
D4,24,169,"ETS(M,N,M)","(3,0,1)(0,0,0)[12]",True,False
D4,24,170,"ETS(A,N,A)","(4,0,0)(0,0,0)[12]",True,False
D4,24,171,"ETS(A,N,N)","(1,0,0)(0,0,0)[12]",False,False
D4,24,172,"ETS(M,N,A)","(2,0,1)(0,0,0)[12]",True,False
D4,24,173,"ETS(M,N,N)","(2,0,1)(0,0,0)[12]",False,False
D4,24,174,"ETS(M,N,N)","(2,0,1)(0,0,0)[12]",False,False
D4,24,175,"ETS(A,N,N)","(4,0,0)(0,0,0)[12]",False,False
D4,24,176,"ETS(A,N,N)","(3,0,1)(0,0,0)[12]",False,False
D4,24,177,"ETS(A,N,N)","(1,0,0)(0,0,0)[12]",False,False
D4,24,178,"ETS(A,N,N)","(3,0,1)(0,0,0)[12]",False,False
D4,24,179,"ETS(M,N,N)","(3,0,1)(0,0,0)[12]",False,False
D4,24,180,"ETS(A,N,N)","(2,0,1)(0,0,0)[12]",False,False
D4,24,181,"ETS(M,N,N)","(1,0,0)(0,0,0)[12]",False,False
D4,24,182,"ETS(M,N,N)","(3,0,1)(0,0,0)[12]",False,False
D4,24,183,"ETS(A,N,N)","(2,0,1)(0,0,0)[12]",False,False
D4,24,184,"ETS(A,N,N)","(1,0,0)(0,0,0)[12]",False,False
D4,24,185,"ETS(A,N,N)","(2,0,1)(0,0,0)[12]",False,False
D4,24,186,"ETS(A,N,N)","(1,0,0)(0,0,0)[12]",False,False
D4,24,187,"ETS(M,N,N)","(3,0,0)(0,0,0)[12]",False,False
D4,24,188,"ETS(M,N,N)","(1,0,0)(0,0,0)[12]",False,False
D4,24,189,"ETS(A,N,N)","(2,0,1)(0,0,0)[12]",False,False
D4,24,190,"ETS(A,N,N)","(1,0,0)(0,0,0)[12]",False,False
D4,24,191,"ETS(M,N,N)","(0,0,2)(0,0,0)[12]",False,False
D4,24,192,"ETS(A,N,A)","(1,0,0)(0,0,0)[12]",True,False
D4,24,193,"ETS(M,N,N)","(2,0,1)(0,0,0)[12]",False,False
D4,24,194,"ETS(A,N,N)","(3,0,0)(0,0,0)[12]",False,False
D4,24,195,"ETS(A,N,N)","(2,0,1)(0,0,0)[12]",False,False
D4,24,196,"ETS(A,N,N)","(3,0,1)(0,0,0)[12]",False,False
D4,24,197,"ETS(M,N,N)","(3,0,1)(0,0,0)[12]",False,False
D4,24,198,"ETS(M,N,N)","(2,0,0)(0,0,0)[12]",False,False
D4,24,199,"ETS(M,N,N)","(2,0,1)(0,0,0)[12]",False,False
D4,48,0,"ETS(A,N,A)","(1,0,0)(0,1,0)[12]",True,True
D4,48,1,"ETS(M,N,M)","(0,0,1)(0,1,1)[12]",True,True
D4,48,2,"ETS(M,N,A)","(0,0,1)(0,1,0)[12]",True,True
D4,48,3,"ETS(A,N,A)","(1,0,0)(1,1,0)[12]",True,True
D4,48,4,"ETS(M,N,M)","(0,0,1)(0,1,0)[12]",True,True
D4,48,5,"ETS(A,N,A)","(1,0,0)(1,1,0)[12]",True,True
D4,48,6,"ETS(M,N,M)","(0,1,1)(0,1,0)[12]",True,True
D4,48,7,"ETS(M,N,M)","(1,0,0)(1,1,0)[12]",True,True
D4,48,8,"ETS(A,N,A)","(0,1,1)(1,1,0)[12]",True,True
D4,48,9,"ETS(A,A,A)","(1,0,0)(1,1,0)[12]",True,True
D4,48,10,"ETS(A,N,A)","(1,0,0)(0,1,0)[12]",True,True
D4,48,11,"ETS(M,N,A)","(0,1,1)(1,1,0)[12]",True,True
D4,48,12,"ETS(A,N,A)","(2,0,1)(0,1,1)[12]",True,True
D4,48,13,"ETS(M,N,M)","(0,0,0)(0,1,0)[12]",True,True
D4,48,14,"ETS(M,N,M)","(1,0,0)(1,1,0)[12]",True,True
D4,48,15,"ETS(A,N,A)","(0,1,1)(0,1,0)[12]",True,True
D4,48,16,"ETS(M,A,A)","(0,0,1)(0,1,1)[12]",True,True
D4,48,17,"ETS(M,N,A)","(1,0,0)(1,1,0)[12]",True,True
D4,48,18,"ETS(A,A,A)","(1,0,0)(1,1,0)[12]",True,True
D4,48,19,"ETS(A,N,A)","(0,1,0)(1,1,0)[12]",True,True
D4,48,20,"ETS(M,N,A)","(0,1,0)(1,1,0)[12]",True,True
D4,48,21,"ETS(M,N,M)","(1,0,0)(0,1,0)[12]",True,True
D4,48,22,"ETS(A,A,A)","(0,0,1)(0,1,1)[12]",True,True
D4,48,23,"ETS(A,N,A)","(0,0,1)(0,1,1)[12]",True,True
D4,48,24,"ETS(M,N,A)","(0,1,0)(1,1,0)[12]",True,True
D4,48,25,"ETS(A,N,A)","(1,0,0)(1,1,0)[12]",True,True
D4,48,26,"ETS(M,N,A)","(1,0,0)(0,1,1)[12]",True,True
D4,48,27,"ETS(M,N,M)","(1,0,0)(0,1,0)[12]",True,True
D4,48,28,"ETS(A,N,A)","(0,0,1)(1,1,0)[12]",True,True
D4,48,29,"ETS(M,N,A)","(1,0,0)(0,1,1)[12]",True,True
D4,48,30,"ETS(M,N,M)","(0,1,1)(0,1,1)[12]",True,True
D4,48,31,"ETS(A,N,A)","(1,1,1)(0,1,1)[12]",True,True
D4,48,32,"ETS(M,N,A)","(1,0,0)(1,1,0)[12]",True,True
D4,48,33,"ETS(M,N,M)","(1,0,0)(1,1,0)[12]",True,True
D4,48,34,"ETS(A,N,A)","(0,1,1)(0,1,1)[12]",True,True
D4,48,35,"ETS(A,N,A)","(0,0,0)(0,1,0)[12]",True,True
D4,48,36,"ETS(M,A,M)","(1,0,0)(0,1,1)[12]",True,True
D4,48,37,"ETS(A,N,A)","(0,1,0)(1,1,0)[12]",True,True
D4,48,38,"ETS(A,A,A)","(0,0,1)(0,1,1)[12]",True,True
D4,48,39,"ETS(A,N,A)","(1,0,0)(0,1,1)[12]",True,True
D4,48,40,"ETS(A,N,A)","(0,0,0)(0,1,0)[12]",True,True
D4,48,41,"ETS(M,A,A)","(1,0,0)(0,1,1)[12]",True,True
D4,48,42,"ETS(A,N,A)","(3,0,0)(0,1,1)[12]",True,True
D4,48,43,"ETS(A,N,A)","(3,0,0)(0,1,1)[12]",True,True
D4,48,44,"ETS(M,A,A)","(1,0,0)(1,1,0)[12]",True,True
D4,48,45,"ETS(A,N,A)","(1,0,0)(1,1,0)[12]",True,True
D4,48,46,"ETS(A,N,A)","(1,0,0)(0,1,1)[12]",True,True
D4,48,47,"ETS(A,N,A)","(1,0,0)(1,1,0)[12]",True,True
D4,48,48,"ETS(A,N,A)","(0,0,1)(1,1,0)[12]",True,True
D4,48,49,"ETS(M,N,A)","(0,1,0)(1,1,0)[12]",True,True
D4,48,50,"ETS(M,N,M)","(0,1,2)(0,1,1)[12]",True,True
D4,48,51,"ETS(M,N,A)","(0,0,1)(0,1,0)[12]",True,True
D4,48,52,"ETS(M,A,A)","(1,0,0)(0,1,1)[12]",True,True
D4,48,53,"ETS(M,N,A)","(1,0,0)(1,1,0)[12]",True,True
D4,48,54,"ETS(M,N,A)","(1,0,0)(0,1,1)[12]",True,True
D4,48,55,"ETS(M,N,A)","(1,0,0)(0,1,0)[12]",True,True
D4,48,56,"ETS(A,N,A)","(0,0,1)(0,1,0)[12]",True,True
D4,48,57,"ETS(A,N,A)","(1,0,0)(1,1,0)[12]",True,True
D4,48,58,"ETS(A,N,A)","(1,0,0)(1,1,0)[12]",True,True
D4,48,59,"ETS(A,N,A)","(1,0,0)(0,1,1)[12]",True,True
D4,48,60,"ETS(A,N,A)","(1,0,0)(0,1,1)[12]",True,True
D4,48,61,"ETS(M,N,M)","(0,1,0)(1,1,0)[12]",True,True
D4,48,62,"ETS(M,N,M)","(1,0,0)(0,1,0)[12]",True,True
D4,48,63,"ETS(A,N,A)","(1,0,0)(0,1,0)[12]",True,True
D4,48,64,"ETS(M,N,M)","(1,0,0)(1,1,0)[12]",True,True
D4,48,65,"ETS(M,N,M)","(1,0,0)(1,1,0)[12]",True,True
D4,48,66,"ETS(A,N,A)","(1,0,0)(0,1,1)[12]",True,True
D4,48,67,"ETS(M,N,M)","(1,0,0)(0,1,1)[12]",True,True
D4,48,68,"ETS(M,N,A)","(0,0,0)(1,1,0)[12]",True,True
D4,48,69,"ETS(M,N,A)","(1,0,0)(1,1,0)[12]",True,True
D4,48,70,"ETS(M,N,M)","(1,0,0)(0,1,0)[12]",True,True
D4,48,71,"ETS(M,N,M)","(1,0,0)(1,1,0)[12]",True,True
D4,48,72,"ETS(M,N,A)","(1,0,0)(0,1,0)[12]",True,True
D4,48,73,"ETS(M,N,A)","(0,0,1)(0,1,1)[12]",True,True
D4,48,74,"ETS(M,N,M)","(1,0,0)(1,1,0)[12]",True,True
D4,48,75,"ETS(A,N,A)","(1,0,0)(0,1,0)[12]",True,True
D4,48,76,"ETS(M,N,M)","(1,0,0)(1,1,0)[12]",True,True
D4,48,77,"ETS(M,N,M)","(1,0,0)(1,1,0)[12]",True,True
D4,48,78,"ETS(A,Ad,A)","(0,1,1)(0,1,1)[12]",True,True
D4,48,79,"ETS(M,N,M)","(0,0,1)(1,1,0)[12]",True,True
D4,48,80,"ETS(M,N,M)","(0,0,0)(0,1,0)[12]",True,True
D4,48,81,"ETS(M,N,A)","(0,1,1)(1,1,0)[12]",True,True
D4,48,82,"ETS(A,N,A)","(1,0,0)(0,1,1)[12]",True,True
D4,48,83,"ETS(M,N,A)","(1,0,0)(1,1,0)[12]",True,True
D4,48,84,"ETS(M,N,M)","(1,0,0)(0,1,0)[12]",True,True
D4,48,85,"ETS(M,N,M)","(1,0,0)(0,1,0)[12]",True,True
D4,48,86,"ETS(A,A,A)","(1,0,0)(1,1,0)[12]",True,True
D4,48,87,"ETS(A,N,N)","(0,0,2)(0,1,1)[12]",False,True
D4,48,88,"ETS(M,N,A)","(1,0,0)(0,1,1)[12]",True,True
D4,48,89,"ETS(M,N,M)","(1,0,0)(1,1,0)[12]",True,True
D4,48,90,"ETS(M,N,A)","(0,0,1)(0,1,0)[12]",True,True
D4,48,91,"ETS(A,N,A)","(1,0,0)(1,1,0)[12]",True,True
D4,48,92,"ETS(M,N,N)","(0,0,1)(0,1,0)[12]",False,True
D4,48,93,"ETS(A,N,A)","(0,0,1)(1,1,0)[12]",True,True
D4,48,94,"ETS(M,N,A)","(0,0,1)(0,1,1)[12]",True,True
D4,48,95,"ETS(M,N,M)","(1,0,0)(0,1,0)[12]",True,True
D4,48,96,"ETS(A,N,A)","(0,0,1)(0,1,1)[12]",True,True
D4,48,97,"ETS(M,N,M)","(2,0,0)(1,1,0)[12]",True,True
D4,48,98,"ETS(M,N,M)","(0,0,2)(0,1,1)[12]",True,True
D4,48,99,"ETS(A,N,A)","(1,0,0)(0,1,1)[12]",True,True
D4,48,100,"ETS(A,N,A)","(1,0,0)(1,1,0)[12]",True,True
D4,48,101,"ETS(A,A,A)","(0,1,0)(1,1,0)[12]",True,True
D4,48,102,"ETS(A,A,A)","(0,0,1)(0,1,1)[12]",True,True
D4,48,103,"ETS(M,N,M)","(1,0,0)(0,1,0)[12]",True,True
D4,48,104,"ETS(A,N,A)","(1,0,0)(1,1,0)[12]",True,True
D4,48,105,"ETS(A,N,A)","(1,0,0)(1,1,0)[12]",True,True
D4,48,106,"ETS(M,N,M)","(1,0,0)(1,1,0)[12]",True,True
D4,48,107,"ETS(A,N,A)","(0,0,0)(1,1,0)[12]",True,True
D4,48,108,"ETS(M,A,A)","(0,0,0)(0,1,0)[12]",True,True
D4,48,109,"ETS(M,N,A)","(0,0,1)(0,1,1)[12]",True,True
D4,48,110,"ETS(A,A,A)","(1,0,0)(0,1,0)[12]",True,True
D4,48,111,"ETS(M,N,A)","(0,0,1)(0,1,0)[12]",True,True
D4,48,112,"ETS(M,N,A)","(1,0,0)(1,1,0)[12]",True,True
D4,48,113,"ETS(M,N,M)","(1,0,0)(1,1,0)[12]",True,True
D4,48,114,"ETS(A,Ad,A)","(0,1,1)(0,1,1)[12]",True,True
D4,48,115,"ETS(M,N,A)","(1,0,0)(1,1,0)[12]",True,True
D4,48,116,"ETS(M,N,M)","(0,1,1)(0,1,0)[12]",True,True
D4,48,117,"ETS(A,N,A)","(0,0,1)(0,1,0)[12]",True,True
D4,48,118,"ETS(M,N,A)","(1,0,0)(1,1,0)[12]",True,True
D4,48,119,"ETS(A,N,A)","(0,0,1)(0,1,0)[12]",True,True
D4,48,120,"ETS(A,A,A)","(1,0,0)(0,1,1)[12]",True,True
D4,48,121,"ETS(M,N,M)","(0,1,2)(0,1,0)[12]",True,True
D4,48,122,"ETS(M,N,A)","(0,0,1)(1,1,0)[12]",True,True
D4,48,123,"ETS(M,Ad,A)","(0,1,1)(0,1,1)[12]",True,True
D4,48,124,"ETS(A,N,A)","(2,0,1)(0,1,1)[12]",True,True
D4,48,125,"ETS(M,N,M)","(1,0,0)(1,1,0)[12]",True,True
D4,48,126,"ETS(M,N,M)","(0,0,0)(1,1,0)[12]",True,True
D4,48,127,"ETS(M,N,M)","(0,1,1)(0,1,0)[12]",True,True
D4,48,128,"ETS(A,A,A)","(0,0,1)(1,1,0)[12]",True,True
D4,48,129,"ETS(M,N,M)","(1,0,0)(1,1,0)[12]",True,True
D4,48,130,"ETS(A,N,A)","(1,0,0)(0,1,1)[12]",True,True
D4,48,131,"ETS(A,N,A)","(1,0,0)(1,1,0)[12]",True,True
D4,48,132,"ETS(A,N,A)","(1,0,0)(1,1,0)[12]",True,True
D4,48,133,"ETS(A,A,A)","(0,0,1)(0,1,1)[12]",True,True
D4,48,134,"ETS(A,N,N)","(1,0,0)(0,1,1)[12]",False,True
D4,48,135,"ETS(A,N,A)","(1,0,0)(1,1,0)[12]",True,True
D4,48,136,"ETS(M,N,M)","(1,0,0)(0,1,1)[12]",True,True
D4,48,137,"ETS(A,N,A)","(1,0,0)(1,1,0)[12]",True,True
D4,48,138,"ETS(M,N,M)","(1,0,0)(0,1,1)[12]",True,True
D4,48,139,"ETS(A,N,A)","(0,0,2)(0,1,1)[12]",True,True
D4,48,140,"ETS(A,N,A)","(1,0,0)(0,1,1)[12]",True,True
D4,48,141,"ETS(A,A,A)","(0,0,1)(0,1,1)[12]",True,True
D4,48,142,"ETS(A,N,A)","(1,0,0)(0,1,1)[12]",True,True
D4,48,143,"ETS(A,N,A)","(0,0,1)(1,1,1)[12]",True,True
D4,48,144,"ETS(M,N,M)","(0,0,1)(0,1,1)[12]",True,True
D4,48,145,"ETS(M,N,M)","(0,0,1)(0,1,0)[12]",True,True
D4,48,146,"ETS(M,N,A)","(2,0,0)(0,1,1)[12]",True,True
D4,48,147,"ETS(A,N,A)","(0,0,1)(0,1,1)[12]",True,True
D4,48,148,"ETS(A,N,A)","(0,0,0)(0,1,1)[12]",True,True
D4,48,149,"ETS(A,N,A)","(0,1,2)(0,1,1)[12]",True,True
D4,48,150,"ETS(M,N,N)","(1,0,0)(1,1,0)[12]",False,True
D4,48,151,"ETS(M,N,M)","(0,0,0)(0,1,0)[12]",True,True
D4,48,152,"ETS(A,N,A)","(0,0,1)(0,1,1)[12]",True,True
D4,48,153,"ETS(M,A,A)","(1,0,0)(0,1,0)[12]",True,True
D4,48,154,"ETS(M,A,A)","(0,0,1)(0,1,1)[12]",True,True
D4,48,155,"ETS(A,Ad,A)","(1,0,0)(0,1,0)[12]",True,True
D4,48,156,"ETS(M,N,A)","(0,1,1)(1,1,1)[12]",True,True
D4,48,157,"ETS(A,N,A)","(0,0,2)(0,1,0)[12]",True,True
D4,48,158,"ETS(M,N,M)","(1,0,0)(1,1,0)[12]",True,True
D4,48,159,"ETS(M,N,A)","(0,0,0)(0,1,0)[12]",True,True
D4,48,160,"ETS(A,N,A)","(1,0,0)(1,1,0)[12]",True,True
D4,48,161,"ETS(M,N,A)","(1,0,0)(0,1,0)[12]",True,True
D4,48,162,"ETS(M,N,M)","(1,0,0)(1,1,0)[12]",True,True
D4,48,163,"ETS(M,N,A)","(1,0,0)(1,1,0)[12]",True,True
D4,48,164,"ETS(M,N,A)","(0,0,1)(0,1,1)[12]",True,True
D4,48,165,"ETS(A,A,A)","(1,0,0)(1,1,0)[12]",True,True
D4,48,166,"ETS(M,N,A)","(0,0,0)(0,1,0)[12]",True,True
D4,48,167,"ETS(M,N,M)","(0,0,2)(1,1,0)[12]",True,True
D4,48,168,"ETS(M,A,A)","(0,0,0)(0,1,1)[12]",True,True
D4,48,169,"ETS(M,N,A)","(1,0,0)(0,1,0)[12]",True,True
D4,48,170,"ETS(M,N,M)","(1,0,0)(1,1,0)[12]",True,True
D4,48,171,"ETS(M,N,A)","(0,0,1)(0,1,1)[12]",True,True
D4,48,172,"ETS(A,N,A)","(0,0,1)(0,1,1)[12]",True,True
D4,48,173,"ETS(A,N,A)","(0,0,1)(0,1,1)[12]",True,True
D4,48,174,"ETS(M,N,M)","(0,1,2)(0,1,1)[12]",True,True
D4,48,175,"ETS(A,A,A)","(1,0,0)(0,1,1)[12]",True,True
D4,48,176,"ETS(A,N,A)","(1,0,0)(0,1,1)[12]",True,True
D4,48,177,"ETS(M,N,A)","(0,0,1)(0,1,1)[12]",True,True
D4,48,178,"ETS(M,N,M)","(0,0,1)(0,1,1)[12]",True,True
D4,48,179,"ETS(A,N,A)","(1,0,0)(0,1,0)[12]",True,True
D4,48,180,"ETS(M,N,M)","(1,1,0)(0,1,0)[12]",True,True
D4,48,181,"ETS(M,N,M)","(1,0,0)(0,1,0)[12]",True,True
D4,48,182,"ETS(M,N,A)","(0,1,1)(1,1,0)[12]",True,True
D4,48,183,"ETS(A,N,A)","(1,0,0)(1,1,0)[12]",True,True
D4,48,184,"ETS(A,N,A)","(1,0,0)(1,1,0)[12]",True,True
D4,48,185,"ETS(M,N,M)","(1,0,2)(1,1,0)[12]",True,True
D4,48,186,"ETS(M,N,M)","(0,1,0)(0,1,1)[12]",True,True
D4,48,187,"ETS(M,N,A)","(0,0,1)(0,1,1)[12]",True,True
D4,48,188,"ETS(M,N,M)","(0,0,1)(0,1,0)[12]",True,True
D4,48,189,"ETS(A,N,A)","(1,0,0)(0,1,1)[12]",True,True
D4,48,190,"ETS(M,N,A)","(0,0,1)(0,1,1)[12]",True,True
D4,48,191,"ETS(M,N,M)","(0,1,2)(0,1,1)[12]",True,True
D4,48,192,"ETS(M,N,A)","(1,0,0)(0,1,1)[12]",True,True
D4,48,193,"ETS(M,N,M)","(1,0,0)(0,1,0)[12]",True,True
D4,48,194,"ETS(A,N,A)","(1,0,0)(0,1,0)[12]",True,True
D4,48,195,"ETS(M,N,M)","(1,0,0)(1,1,0)[12]",True,True
D4,48,196,"ETS(M,N,M)","(1,0,0)(0,1,0)[12]",True,True
D4,48,197,"ETS(M,N,M)","(1,0,0)(1,1,0)[12]",True,True
D4,48,198,"ETS(M,N,M)","(1,0,0)(1,1,1)[12]",True,True
D4,48,199,"ETS(A,N,A)","(0,0,2)(0,1,1)[12]",True,True
D5,24,0,"ETS(M,N,N)","(4,0,0)(0,0,0)[12]",False,False
D5,24,1,"ETS(M,N,N)","(4,0,0)(0,0,0)[12]",False,False
D5,24,2,"ETS(A,N,N)","(2,0,1)(0,0,0)[12]",False,False
D5,24,3,"ETS(A,N,N)","(2,0,2)(0,0,0)[12]",False,False
D5,24,4,"ETS(M,N,N)","(2,0,1)(0,0,0)[12]",False,False
D5,24,5,"ETS(A,N,N)","(2,0,1)(0,0,0)[12]",False,False
D5,24,6,"ETS(M,N,N)","(2,0,2)(0,0,0)[12]",False,False
D5,24,7,"ETS(M,N,N)","(4,0,0)(0,0,0)[12]",False,False
D5,24,8,"ETS(A,N,N)","(2,0,1)(0,0,0)[12]",False,False
D5,24,9,"ETS(A,N,N)","(2,0,1)(0,0,0)[12]",False,False
D5,24,10,"ETS(A,N,N)","(2,0,1)(0,0,0)[12]",False,False
D5,24,11,"ETS(M,N,N)","(2,0,1)(0,0,0)[12]",False,False
D5,24,12,"ETS(M,N,N)","(3,0,1)(0,0,0)[12]",False,False
D5,24,13,"ETS(A,N,N)","(4,0,1)(0,0,0)[12]",False,False
D5,24,14,"ETS(M,N,N)","(2,0,2)(0,0,0)[12]",False,False
D5,24,15,"ETS(A,N,N)","(2,0,1)(0,0,0)[12]",False,False
D5,24,16,"ETS(A,N,N)","(2,0,1)(0,0,0)[12]",False,False
D5,24,17,"ETS(M,N,N)","(4,0,0)(0,0,0)[12]",False,False
D5,24,18,"ETS(A,N,N)","(2,0,1)(0,0,0)[12]",False,False
D5,24,19,"ETS(A,N,N)","(2,0,1)(0,0,0)[12]",False,False
D5,24,20,"ETS(A,N,N)","(2,0,1)(0,0,0)[12]",False,False
D5,24,21,"ETS(M,N,N)","(2,0,1)(0,0,0)[12]",False,False
D5,24,22,"ETS(M,N,N)","(4,0,0)(0,0,0)[12]",False,False
D5,24,23,"ETS(M,N,N)","(4,0,0)(0,0,0)[12]",False,False
D5,24,24,"ETS(A,N,N)","(2,0,0)(0,0,0)[12]",False,False
D5,24,25,"ETS(M,N,N)","(4,0,0)(0,0,0)[12]",False,False
D5,24,26,"ETS(A,N,N)","(2,0,1)(0,0,0)[12]",False,False
D5,24,27,"ETS(M,N,N)","(3,0,1)(0,0,0)[12]",False,False
D5,24,28,"ETS(A,N,N)","(2,0,1)(0,0,0)[12]",False,False
D5,24,29,"ETS(M,N,N)","(2,0,1)(0,0,0)[12]",False,False
D5,24,30,"ETS(A,N,N)","(4,0,0)(0,0,0)[12]",False,False
D5,24,31,"ETS(A,N,N)","(4,0,0)(0,0,0)[12]",False,False
D5,24,32,"ETS(M,N,N)","(4,0,0)(0,0,0)[12]",False,False
D5,24,33,"ETS(M,N,N)","(3,0,0)(0,0,0)[12]",False,False
D5,24,34,"ETS(M,N,N)","(1,0,0)(0,0,0)[12]",False,False
D5,24,35,"ETS(A,N,N)","(2,0,1)(0,0,0)[12]",False,False
D5,24,36,"ETS(M,N,N)","(1,0,0)(0,0,0)[12]",False,False
D5,24,37,"ETS(A,N,N)","(4,0,0)(0,0,0)[12]",False,False
D5,24,38,"ETS(M,N,N)","(2,0,1)(0,0,0)[12]",False,False
D5,24,39,"ETS(A,N,N)","(2,0,1)(0,0,0)[12]",False,False
D5,24,40,"ETS(A,N,N)","(2,0,1)(0,0,0)[12]",False,False
D5,24,41,"ETS(M,N,N)","(3,0,0)(0,0,0)[12]",False,False
D5,24,42,"ETS(A,N,N)","(4,0,0)(0,0,0)[12]",False,False
D5,24,43,"ETS(A,N,N)","(3,0,0)(0,0,0)[12]",False,False
D5,24,44,"ETS(A,N,N)","(2,0,0)(0,0,0)[12]",False,False
D5,24,45,"ETS(A,N,N)","(5,0,0)(0,0,0)[12]",False,False
D5,24,46,"ETS(M,N,N)","(3,0,1)(0,0,0)[12]",False,False
D5,24,47,"ETS(A,N,N)","(4,0,0)(0,0,0)[12]",False,False
D5,24,48,"ETS(A,N,N)","(3,0,1)(0,0,0)[12]",False,False
D5,24,49,"ETS(A,N,N)","(4,0,0)(0,0,0)[12]",False,False
D5,24,50,"ETS(A,N,N)","(3,0,0)(0,0,0)[12]",False,False
D5,24,51,"ETS(A,N,N)","(1,0,0)(0,0,0)[12]",False,False
D5,24,52,"ETS(A,N,N)","(2,0,2)(0,0,0)[12]",False,False
D5,24,53,"ETS(M,N,N)","(2,0,1)(0,0,0)[12]",False,False
D5,24,54,"ETS(M,N,N)","(4,0,1)(0,0,0)[12]",False,False
D5,24,55,"ETS(M,N,N)","(3,0,1)(0,0,0)[12]",False,False
D5,24,56,"ETS(A,N,N)","(2,0,2)(0,0,0)[12]",False,False
D5,24,57,"ETS(M,N,N)","(2,0,1)(0,0,0)[12]",False,False
D5,24,58,"ETS(A,N,N)","(2,0,1)(0,0,0)[12]",False,False
D5,24,59,"ETS(A,N,N)","(4,0,0)(0,0,0)[12]",False,False
D5,24,60,"ETS(M,N,N)","(3,0,1)(0,0,0)[12]",False,False
D5,24,61,"ETS(M,N,N)","(2,0,1)(0,0,0)[12]",False,False
D5,24,62,"ETS(A,N,N)","(4,0,0)(0,0,0)[12]",False,False
D5,24,63,"ETS(A,N,N)","(4,0,0)(0,0,0)[12]",False,False
D5,24,64,"ETS(A,N,N)","(2,0,1)(0,0,0)[12]",False,False
D5,24,65,"ETS(A,N,N)","(2,0,1)(0,0,0)[12]",False,False
D5,24,66,"ETS(A,N,N)","(3,0,0)(0,0,0)[12]",False,False
D5,24,67,"ETS(A,N,N)","(2,0,1)(0,0,0)[12]",False,False
D5,24,68,"ETS(M,N,N)","(3,0,1)(0,0,0)[12]",False,False
D5,24,69,"ETS(M,N,N)","(3,0,1)(0,0,0)[12]",False,False
D5,24,70,"ETS(A,N,N)","(4,0,0)(0,0,0)[12]",False,False
D5,24,71,"ETS(M,N,N)","(2,0,1)(0,0,0)[12]",False,False
D5,24,72,"ETS(A,N,N)","(2,0,1)(0,0,0)[12]",False,False
D5,24,73,"ETS(A,N,N)","(3,0,0)(0,0,0)[12]",False,False
D5,24,74,"ETS(M,N,N)","(3,0,0)(0,0,0)[12]",False,False
D5,24,75,"ETS(A,N,N)","(1,0,0)(0,0,0)[12]",False,False
D5,24,76,"ETS(A,N,N)","(2,0,1)(0,0,0)[12]",False,False
D5,24,77,"ETS(A,N,N)","(4,0,0)(0,0,0)[12]",False,False
D5,24,78,"ETS(A,N,N)","(1,0,0)(0,0,0)[12]",False,False
D5,24,79,"ETS(M,N,N)","(3,0,1)(0,0,0)[12]",False,False
D5,24,80,"ETS(M,N,N)","(3,0,1)(0,0,0)[12]",False,False
D5,24,81,"ETS(A,N,N)","(2,0,1)(0,0,0)[12]",False,False
D5,24,82,"ETS(M,N,N)","(4,0,0)(0,0,0)[12]",False,False
D5,24,83,"ETS(A,N,N)","(4,0,0)(0,0,0)[12]",False,False
D5,24,84,"ETS(A,N,N)","(2,0,0)(0,0,0)[12]",False,False
D5,24,85,"ETS(A,N,N)","(3,0,0)(0,0,0)[12]",False,False
D5,24,86,"ETS(A,N,N)","(2,0,1)(0,0,0)[12]",False,False
D5,24,87,"ETS(A,N,N)","(4,0,0)(0,0,0)[12]",False,False
D5,24,88,"ETS(M,N,N)","(2,0,1)(0,0,0)[12]",False,False
D5,24,89,"ETS(M,N,N)","(3,0,0)(0,0,0)[12]",False,False
D5,24,90,"ETS(M,N,N)","(2,0,1)(0,0,0)[12]",False,False
D5,24,91,"ETS(M,N,N)","(2,0,1)(0,0,0)[12]",False,False
D5,24,92,"ETS(A,N,N)","(0,0,2)(0,0,0)[12]",False,False
D5,24,93,"ETS(M,N,N)","(2,0,1)(0,0,0)[12]",False,False
D5,24,94,"ETS(M,N,N)","(4,0,0)(0,0,0)[12]",False,False
D5,24,95,"ETS(A,N,N)","(2,0,2)(0,0,0)[12]",False,False
D5,24,96,"ETS(M,N,N)","(2,0,1)(0,0,0)[12]",False,False
D5,24,97,"ETS(A,N,N)","(2,0,1)(0,0,0)[12]",False,False
D5,24,98,"ETS(A,N,N)","(5,0,0)(0,0,0)[12]",False,False
D5,24,99,"ETS(M,N,N)","(3,0,0)(0,0,0)[12]",False,False
D5,24,100,"ETS(M,N,N)","(2,0,2)(0,0,0)[12]",False,False
D5,24,101,"ETS(A,N,N)","(3,0,1)(0,0,0)[12]",False,False
D5,24,102,"ETS(M,N,N)","(1,0,0)(0,0,0)[12]",False,False
D5,24,103,"ETS(M,N,N)","(2,0,1)(0,0,0)[12]",False,False
D5,24,104,"ETS(A,N,N)","(4,0,0)(0,0,0)[12]",False,False
D5,24,105,"ETS(A,N,N)","(4,0,0)(0,0,0)[12]",False,False
D5,24,106,"ETS(A,N,N)","(2,0,1)(0,0,0)[12]",False,False
D5,24,107,"ETS(A,N,N)","(2,0,1)(0,0,0)[12]",False,False
D5,24,108,"ETS(M,N,N)","(3,0,0)(0,0,0)[12]",False,False
D5,24,109,"ETS(A,N,N)","(3,0,1)(0,0,0)[12]",False,False
D5,24,110,"ETS(A,N,N)","(2,0,1)(0,0,0)[12]",False,False
D5,24,111,"ETS(M,N,N)","(3,0,2)(0,0,0)[12]",False,False
D5,24,112,"ETS(A,N,N)","(2,0,1)(0,0,0)[12]",False,False
D5,24,113,"ETS(A,N,N)","(2,0,1)(0,0,0)[12]",False,False
D5,24,114,"ETS(A,N,N)","(2,0,1)(0,0,0)[12]",False,False
D5,24,115,"ETS(A,N,N)","(4,0,0)(0,0,0)[12]",False,False
D5,24,116,"ETS(A,N,N)","(4,0,0)(0,0,0)[12]",False,False
D5,24,117,"ETS(A,N,N)","(4,0,0)(0,0,0)[12]",False,False
D5,24,118,"ETS(A,N,N)","(4,0,0)(0,0,0)[12]",False,False
D5,24,119,"ETS(A,N,N)","(3,0,1)(0,0,0)[12]",False,False
D5,24,120,"ETS(A,N,N)","(3,0,0)(0,0,0)[12]",False,False
D5,24,121,"ETS(M,N,N)","(4,0,0)(0,0,0)[12]",False,False
D5,24,122,"ETS(A,N,N)","(4,0,0)(0,0,0)[12]",False,False
D5,24,123,"ETS(M,N,N)","(3,0,1)(0,0,0)[12]",False,False
D5,24,124,"ETS(M,N,N)","(4,0,0)(0,0,0)[12]",False,False
D5,24,125,"ETS(A,N,N)","(2,0,1)(0,0,0)[12]",False,False
D5,24,126,"ETS(A,N,N)","(4,0,0)(0,0,0)[12]",False,False
D5,24,127,"ETS(M,N,N)","(2,0,1)(0,0,0)[12]",False,False
D5,24,128,"ETS(A,N,N)","(2,0,1)(0,0,0)[12]",False,False
D5,24,129,"ETS(A,N,N)","(4,0,0)(0,0,0)[12]",False,False
D5,24,130,"ETS(A,N,N)","(2,0,0)(0,0,0)[12]",False,False
D5,24,131,"ETS(A,N,N)","(2,0,1)(0,0,0)[12]",False,False
D5,24,132,"ETS(A,N,N)","(4,0,0)(0,0,0)[12]",False,False
D5,24,133,"ETS(M,N,N)","(3,0,1)(0,0,0)[12]",False,False
D5,24,134,"ETS(A,N,N)","(4,0,0)(0,0,0)[12]",False,False
D5,24,135,"ETS(M,N,N)","(4,0,0)(0,0,0)[12]",False,False
D5,24,136,"ETS(A,N,N)","(4,0,0)(0,0,0)[12]",False,False
D5,24,137,"ETS(A,N,N)","(2,0,1)(0,0,0)[12]",False,False
D5,24,138,"ETS(A,N,N)","(2,0,1)(0,0,0)[12]",False,False
D5,24,139,"ETS(M,N,N)","(2,0,1)(0,0,0)[12]",False,False
D5,24,140,"ETS(M,N,N)","(3,0,1)(0,0,0)[12]",False,False
D5,24,141,"ETS(A,N,N)","(2,0,1)(0,0,0)[12]",False,False
D5,24,142,"ETS(M,N,N)","(3,0,0)(0,0,0)[12]",False,False
D5,24,143,"ETS(A,N,N)","(3,0,0)(0,0,0)[12]",False,False
D5,24,144,"ETS(M,N,N)","(2,0,1)(0,0,0)[12]",False,False
D5,24,145,"ETS(A,N,N)","(2,0,1)(0,0,0)[12]",False,False
D5,24,146,"ETS(M,N,N)","(5,0,0)(0,0,0)[12]",False,False
D5,24,147,"ETS(M,N,N)","(3,0,0)(0,0,0)[12]",False,False
D5,24,148,"ETS(A,N,N)","(2,0,1)(0,0,0)[12]",False,False
D5,24,149,"ETS(M,N,N)","(3,0,0)(0,0,0)[12]",False,False
D5,24,150,"ETS(M,N,N)","(4,0,0)(0,0,0)[12]",False,False
D5,24,151,"ETS(A,N,N)","(2,0,1)(0,0,0)[12]",False,False
D5,24,152,"ETS(M,N,N)","(2,0,1)(0,0,0)[12]",False,False
D5,24,153,"ETS(A,N,N)","(1,0,2)(0,0,0)[12]",False,False
D5,24,154,"ETS(A,N,N)","(2,0,1)(0,0,0)[12]",False,False
D5,24,155,"ETS(A,N,N)","(2,0,1)(0,0,0)[12]",False,False
D5,24,156,"ETS(A,N,N)","(2,0,1)(0,0,0)[12]",False,False
D5,24,157,"ETS(M,N,N)","(3,0,0)(0,0,0)[12]",False,False
D5,24,158,"ETS(M,N,N)","(3,0,0)(0,0,0)[12]",False,False
D5,24,159,"ETS(M,N,N)","(3,0,0)(0,0,0)[12]",False,False
D5,24,160,"ETS(A,N,N)","(4,0,0)(0,0,0)[12]",False,False
D5,24,161,"ETS(A,N,N)","(4,0,0)(0,0,0)[12]",False,False
D5,24,162,"ETS(M,N,N)","(3,0,0)(0,0,0)[12]",False,False
D5,24,163,"ETS(A,N,N)","(2,0,0)(0,0,0)[12]",False,False
D5,24,164,"ETS(A,N,N)","(2,0,1)(0,0,0)[12]",False,False
D5,24,165,"ETS(A,N,N)","(4,0,0)(0,0,0)[12]",False,False
D5,24,166,"ETS(A,N,N)","(2,0,1)(0,0,0)[12]",False,False
D5,24,167,"ETS(M,N,N)","(3,0,1)(0,0,0)[12]",False,False
D5,24,168,"ETS(A,N,N)","(2,0,1)(0,0,0)[12]",False,False
D5,24,169,"ETS(M,N,N)","(4,0,0)(0,0,0)[12]",False,False
D5,24,170,"ETS(A,N,N)","(4,0,0)(0,0,0)[12]",False,False
D5,24,171,"ETS(M,N,N)","(4,0,0)(0,0,0)[12]",False,False
D5,24,172,"ETS(M,N,N)","(4,0,0)(0,0,0)[12]",False,False
D5,24,173,"ETS(A,N,N)","(3,0,1)(0,0,0)[12]",False,False
D5,24,174,"ETS(A,N,N)","(4,0,0)(0,0,0)[12]",False,False
D5,24,175,"ETS(M,N,N)","(3,0,1)(0,0,0)[12]",False,False
D5,24,176,"ETS(M,N,N)","(1,0,0)(0,0,0)[12]",False,False
D5,24,177,"ETS(M,N,N)","(3,0,1)(0,0,0)[12]",False,False
D5,24,178,"ETS(M,N,N)","(4,0,0)(0,0,0)[12]",False,False
D5,24,179,"ETS(M,N,N)","(3,0,1)(0,0,0)[12]",False,False
D5,24,180,"ETS(A,N,N)","(2,0,0)(0,0,0)[12]",False,False
D5,24,181,"ETS(M,N,N)","(2,0,1)(0,0,0)[12]",False,False
D5,24,182,"ETS(A,N,N)","(2,0,1)(0,0,0)[12]",False,False
D5,24,183,"ETS(A,N,N)","(4,0,0)(0,0,0)[12]",False,False
D5,24,184,"ETS(A,N,N)","(2,0,1)(0,0,0)[12]",False,False
D5,24,185,"ETS(A,N,N)","(4,0,0)(0,0,0)[12]",False,False
D5,24,186,"ETS(A,N,N)","(2,0,1)(0,0,0)[12]",False,False
D5,24,187,"ETS(A,N,N)","(2,0,1)(0,0,0)[12]",False,False
D5,24,188,"ETS(M,N,N)","(2,0,1)(0,0,0)[12]",False,False
D5,24,189,"ETS(A,N,N)","(3,0,0)(0,0,0)[12]",False,False
D5,24,190,"ETS(A,N,N)","(3,0,1)(0,0,0)[12]",False,False
D5,24,191,"ETS(A,N,N)","(3,0,0)(0,0,0)[12]",False,False
D5,24,192,"ETS(A,N,N)","(2,0,1)(0,0,0)[12]",False,False
D5,24,193,"ETS(M,N,N)","(4,0,0)(0,0,0)[12]",False,False
D5,24,194,"ETS(M,N,N)","(3,0,0)(0,0,0)[12]",False,False
D5,24,195,"ETS(M,N,N)","(2,0,0)(0,0,0)[12]",False,False
D5,24,196,"ETS(A,N,N)","(3,0,0)(0,0,0)[12]",False,False
D5,24,197,"ETS(A,N,N)","(2,0,1)(0,0,0)[12]",False,False
D5,24,198,"ETS(M,N,N)","(1,0,0)(0,0,0)[12]",False,False
D5,24,199,"ETS(M,N,N)","(4,0,0)(0,0,0)[12]",False,False
D5,48,0,"ETS(M,Ad,M)","(0,1,1)(0,1,1)[12]",True,True
D5,48,1,"ETS(M,Ad,M)","(0,1,1)(1,1,0)[12]",True,True
D5,48,2,"ETS(M,N,M)","(1,1,0)(1,1,0)[12]",True,True
D5,48,3,"ETS(M,N,M)","(0,1,1)(0,1,1)[12]",True,True
D5,48,4,"ETS(A,A,A)","(0,0,1)(0,1,0)[12]",True,True
D5,48,5,"ETS(A,A,A)","(0,0,0)(0,1,1)[12]",True,True
D5,48,6,"ETS(M,A,M)","(0,0,0)(0,1,1)[12]",True,True
D5,48,7,"ETS(M,N,M)","(0,1,1)(0,1,1)[12]",True,True
D5,48,8,"ETS(M,A,M)","(0,0,0)(1,1,0)[12]",True,True
D5,48,9,"ETS(M,N,M)","(1,0,0)(0,1,1)[12]",True,True
D5,48,10,"ETS(M,A,A)","(0,0,0)(0,1,1)[12]",True,True
D5,48,11,"ETS(A,A,A)","(0,0,1)(0,1,1)[12]",True,True
D5,48,12,"ETS(A,A,A)","(0,1,1)(0,1,0)[12]",True,True
D5,48,13,"ETS(A,Ad,A)","(0,1,1)(0,1,1)[12]",True,True
D5,48,14,"ETS(A,A,A)","(0,0,0)(0,1,1)[12]",True,True
D5,48,15,"ETS(M,A,M)","(0,0,0)(1,1,0)[12]",True,True
D5,48,16,"ETS(M,A,A)","(0,0,0)(0,1,1)[12]",True,True
D5,48,17,"ETS(A,N,A)","(1,0,1)(0,1,1)[12]",True,True
D5,48,18,"ETS(A,A,A)","(0,0,0)(1,1,0)[12]",True,True
D5,48,19,"ETS(M,Ad,A)","(0,1,1)(0,1,1)[12]",True,True
D5,48,20,"ETS(M,N,M)","(0,1,1)(0,1,1)[12]",True,True
D5,48,21,"ETS(M,N,M)","(0,1,1)(0,1,1)[12]",True,True
D5,48,22,"ETS(A,A,A)","(0,0,0)(0,1,1)[12]",True,True
D5,48,23,"ETS(M,N,M)","(0,1,1)(1,1,0)[12]",True,True
D5,48,24,"ETS(A,Ad,A)","(0,1,0)(0,1,1)[12]",True,True
D5,48,25,"ETS(M,N,M)","(0,1,2)(0,1,1)[12]",True,True
D5,48,26,"ETS(M,N,A)","(0,1,1)(0,1,1)[12]",True,True
D5,48,27,"ETS(M,N,A)","(0,0,0)(1,1,0)[12]",True,True
D5,48,28,"ETS(M,N,A)","(0,0,0)(0,1,1)[12]",True,True
D5,48,29,"ETS(A,Ad,A)","(0,1,1)(0,1,1)[12]",True,True
D5,48,30,"ETS(M,N,M)","(0,1,1)(1,1,0)[12]",True,True
D5,48,31,"ETS(M,N,M)","(0,1,1)(0,1,1)[12]",True,True
D5,48,32,"ETS(A,Ad,A)","(0,1,1)(1,1,0)[12]",True,True
D5,48,33,"ETS(M,Ad,M)","(0,1,1)(0,1,1)[12]",True,True
D5,48,34,"ETS(M,N,M)","(0,1,1)(1,1,0)[12]",True,True
D5,48,35,"ETS(M,N,M)","(0,1,2)(1,1,0)[12]",True,True
D5,48,36,"ETS(A,N,A)","(0,1,1)(1,1,0)[12]",True,True
D5,48,37,"ETS(M,N,M)","(0,1,2)(0,1,1)[12]",True,True
D5,48,38,"ETS(M,A,A)","(2,0,0)(0,1,1)[12]",True,True
D5,48,39,"ETS(A,N,A)","(0,1,3)(0,1,1)[12]",True,True
D5,48,40,"ETS(A,A,A)","(0,0,0)(1,1,0)[12]",True,True
D5,48,41,"ETS(M,A,A)","(1,0,0)(1,1,0)[12]",True,True
D5,48,42,"ETS(A,N,A)","(0,1,1)(0,1,1)[12]",True,True
D5,48,43,"ETS(A,N,A)","(2,0,0)(1,1,0)[12]",True,True
D5,48,44,"ETS(A,N,A)","(1,1,0)(1,1,0)[12]",True,True
D5,48,45,"ETS(A,A,A)","(1,0,0)(1,1,0)[12]",True,True
D5,48,46,"ETS(M,Ad,M)","(0,1,1)(0,1,1)[12]",True,True
D5,48,47,"ETS(M,N,A)","(2,0,0)(1,1,0)[12]",True,True
D5,48,48,"ETS(M,N,M)","(0,0,0)(1,1,0)[12]",True,True
D5,48,49,"ETS(M,A,A)","(0,0,0)(0,1,1)[12]",True,True
D5,48,50,"ETS(M,N,M)","(0,1,1)(1,1,0)[12]",True,True
D5,48,51,"ETS(M,N,A)","(1,0,0)(0,1,0)[12]",True,True
D5,48,52,"ETS(A,N,A)","(2,1,0)(0,1,0)[12]",True,True
D5,48,53,"ETS(M,N,M)","(1,0,0)(0,1,1)[12]",True,True
D5,48,54,"ETS(A,A,A)","(0,1,1)(1,1,0)[12]",True,True
D5,48,55,"ETS(M,N,M)","(1,1,0)(0,1,1)[12]",True,True
D5,48,56,"ETS(M,N,M)","(0,1,1)(0,1,1)[12]",True,True
D5,48,57,"ETS(M,A,A)","(0,0,0)(1,1,1)[12]",True,True
D5,48,58,"ETS(A,A,A)","(0,0,1)(0,1,0)[12]",True,True
D5,48,59,"ETS(M,N,A)","(0,0,1)(0,1,1)[12]",True,True
D5,48,60,"ETS(M,N,M)","(2,0,0)(1,1,0)[12]",True,True
D5,48,61,"ETS(A,A,A)","(0,0,1)(1,1,0)[12]",True,True
D5,48,62,"ETS(A,N,A)","(0,1,1)(0,1,0)[12]",True,True
D5,48,63,"ETS(M,N,M)","(0,0,1)(0,1,1)[12]",True,True
D5,48,64,"ETS(M,A,A)","(0,1,1)(0,1,0)[12]",True,True
D5,48,65,"ETS(M,N,M)","(0,1,1)(0,1,1)[12]",True,True
D5,48,66,"ETS(M,A,M)","(0,0,0)(0,1,1)[12]",True,True
D5,48,67,"ETS(A,A,A)","(0,0,0)(1,1,0)[12]",True,True
D5,48,68,"ETS(M,Ad,A)","(0,1,1)(0,1,1)[12]",True,True
D5,48,69,"ETS(M,N,M)","(0,1,1)(0,1,1)[12]",True,True
D5,48,70,"ETS(M,A,M)","(0,0,0)(0,1,1)[12]",True,True
D5,48,71,"ETS(M,N,M)","(1,1,0)(0,1,0)[12]",True,True
D5,48,72,"ETS(M,A,M)","(0,1,1)(0,1,0)[12]",True,True
D5,48,73,"ETS(A,A,A)","(0,0,0)(0,1,1)[12]",True,True
D5,48,74,"ETS(M,N,M)","(0,1,2)(0,1,1)[12]",True,True
D5,48,75,"ETS(M,N,M)","(0,0,1)(1,1,0)[12]",True,True
D5,48,76,"ETS(A,N,A)","(0,1,1)(0,1,1)[12]",True,True
D5,48,77,"ETS(M,N,A)","(0,0,0)(1,1,0)[12]",True,True
D5,48,78,"ETS(M,Ad,A)","(0,1,1)(0,1,1)[12]",True,True
D5,48,79,"ETS(M,N,A)","(1,0,0)(0,1,1)[12]",True,True
D5,48,80,"ETS(M,N,M)","(1,0,0)(0,1,1)[12]",True,True
D5,48,81,"ETS(A,N,A)","(0,0,0)(1,1,0)[12]",True,True
D5,48,82,"ETS(M,N,M)","(0,1,1)(0,1,1)[12]",True,True
D5,48,83,"ETS(M,Ad,A)","(0,1,1)(1,1,0)[12]",True,True
D5,48,84,"ETS(A,A,A)","(1,0,0)(0,1,1)[12]",True,True
D5,48,85,"ETS(M,N,A)","(0,1,1)(1,1,0)[12]",True,True
D5,48,86,"ETS(M,N,M)","(0,0,1)(0,1,1)[12]",True,True
D5,48,87,"ETS(A,A,A)","(0,0,0)(0,1,1)[12]",True,True
D5,48,88,"ETS(M,A,A)","(0,0,0)(1,1,0)[12]",True,True
D5,48,89,"ETS(M,Ad,A)","(1,1,0)(0,1,0)[12]",True,True
D5,48,90,"ETS(M,A,A)","(0,0,0)(0,1,1)[12]",True,True
D5,48,91,"ETS(A,A,A)","(0,0,0)(0,1,1)[12]",True,True
D5,48,92,"ETS(A,A,A)","(0,0,0)(0,1,1)[12]",True,True
D5,48,93,"ETS(M,N,M)","(0,1,1)(0,1,1)[12]",True,True
D5,48,94,"ETS(M,N,A)","(0,1,1)(0,1,0)[12]",True,True
D5,48,95,"ETS(A,N,A)","(0,1,1)(0,1,1)[12]",True,True
D5,48,96,"ETS(A,A,A)","(0,0,0)(0,1,1)[12]",True,True
D5,48,97,"ETS(M,A,A)","(0,1,1)(0,1,1)[12]",True,True
D5,48,98,"ETS(A,N,A)","(1,1,0)(0,1,0)[12]",True,True
D5,48,99,"ETS(M,N,M)","(0,1,1)(1,1,0)[12]",True,True
D5,48,100,"ETS(A,N,A)","(0,1,1)(0,1,1)[12]",True,True
D5,48,101,"ETS(M,N,M)","(0,1,1)(1,1,0)[12]",True,True
D5,48,102,"ETS(M,N,M)","(2,0,0)(1,1,0)[12]",True,True
D5,48,103,"ETS(M,N,M)","(0,1,1)(1,1,0)[12]",True,True
D5,48,104,"ETS(M,N,M)","(0,0,0)(0,1,1)[12]",True,True
D5,48,105,"ETS(M,A,A)","(0,0,0)(0,1,0)[12]",True,True
D5,48,106,"ETS(A,A,A)","(0,0,0)(0,1,1)[12]",True,True
D5,48,107,"ETS(M,A,M)","(0,0,0)(0,1,1)[12]",True,True
D5,48,108,"ETS(M,N,M)","(0,1,2)(0,1,0)[12]",True,True
D5,48,109,"ETS(A,A,A)","(0,0,0)(0,1,1)[12]",True,True
D5,48,110,"ETS(A,A,A)","(1,0,0)(0,1,1)[12]",True,True
D5,48,111,"ETS(M,N,A)","(0,1,1)(0,1,1)[12]",True,True
D5,48,112,"ETS(M,A,A)","(1,0,0)(0,1,0)[12]",True,True
D5,48,113,"ETS(A,A,A)","(0,0,0)(0,1,1)[12]",True,True
D5,48,114,"ETS(M,Ad,A)","(0,1,1)(1,1,0)[12]",True,True
D5,48,115,"ETS(M,A,A)","(0,1,1)(0,1,1)[12]",True,True
D5,48,116,"ETS(M,N,M)","(0,0,2)(0,1,1)[12]",True,True
D5,48,117,"ETS(A,N,A)","(0,0,1)(1,1,0)[12]",True,True
D5,48,118,"ETS(M,A,A)","(0,0,1)(0,1,0)[12]",True,True
D5,48,119,"ETS(A,A,A)","(0,1,1)(0,1,1)[12]",True,True
D5,48,120,"ETS(A,A,A)","(0,0,0)(0,1,1)[12]",True,True
D5,48,121,"ETS(M,N,A)","(0,0,0)(1,1,0)[12]",True,True
D5,48,122,"ETS(A,N,A)","(0,1,1)(0,1,1)[12]",True,True
D5,48,123,"ETS(M,A,M)","(0,0,0)(0,1,1)[12]",True,True
D5,48,124,"ETS(M,A,A)","(0,0,0)(0,1,0)[12]",True,True
D5,48,125,"ETS(M,A,A)","(0,1,1)(1,1,0)[12]",True,True
D5,48,126,"ETS(M,N,M)","(0,1,2)(0,1,1)[12]",True,True
D5,48,127,"ETS(M,Ad,A)","(0,1,2)(0,1,0)[12]",True,True
D5,48,128,"ETS(M,A,A)","(0,0,0)(0,1,1)[12]",True,True
D5,48,129,"ETS(M,A,A)","(0,0,0)(0,1,1)[12]",True,True
D5,48,130,"ETS(M,N,M)","(0,1,1)(1,1,0)[12]",True,True
D5,48,131,"ETS(M,N,M)","(0,1,1)(0,1,1)[12]",True,True
D5,48,132,"ETS(A,A,A)","(0,0,0)(0,1,1)[12]",True,True
D5,48,133,"ETS(M,N,M)","(0,1,1)(0,1,1)[12]",True,True
D5,48,134,"ETS(M,A,M)","(0,0,0)(1,1,0)[12]",True,True
D5,48,135,"ETS(A,A,A)","(0,0,0)(0,1,1)[12]",True,True
D5,48,136,"ETS(M,N,A)","(0,0,0)(0,1,1)[12]",True,True
D5,48,137,"ETS(M,N,M)","(0,1,1)(0,1,0)[12]",True,True
D5,48,138,"ETS(A,A,A)","(0,0,1)(0,1,1)[12]",True,True
D5,48,139,"ETS(M,N,M)","(0,1,1)(1,1,0)[12]",True,True
D5,48,140,"ETS(A,Ad,A)","(1,1,1)(0,1,1)[12]",True,True
D5,48,141,"ETS(M,N,M)","(0,1,1)(0,1,1)[12]",True,True
D5,48,142,"ETS(M,N,A)","(1,1,0)(0,1,1)[12]",True,True
D5,48,143,"ETS(A,N,A)","(0,0,0)(1,1,0)[12]",True,True
D5,48,144,"ETS(M,N,A)","(0,1,1)(0,1,1)[12]",True,True
D5,48,145,"ETS(M,N,M)","(0,1,1)(0,1,0)[12]",True,True
D5,48,146,"ETS(M,Ad,A)","(0,1,1)(0,1,1)[12]",True,True
D5,48,147,"ETS(M,A,A)","(0,0,0)(0,1,1)[12]",True,True
D5,48,148,"ETS(A,A,A)","(0,0,0)(1,1,0)[12]",True,True
D5,48,149,"ETS(M,A,A)","(0,0,0)(1,1,0)[12]",True,True
D5,48,150,"ETS(M,N,M)","(0,1,1)(0,1,1)[12]",True,True
D5,48,151,"ETS(M,Ad,M)","(0,1,1)(0,1,1)[12]",True,True
D5,48,152,"ETS(A,A,A)","(0,0,0)(1,1,0)[12]",True,True
D5,48,153,"ETS(A,A,A)","(0,1,1)(0,1,1)[12]",True,True
D5,48,154,"ETS(M,N,M)","(2,0,0)(0,1,1)[12]",True,True
D5,48,155,"ETS(A,Ad,A)","(0,1,1)(0,1,1)[12]",True,True
D5,48,156,"ETS(A,Ad,A)","(0,1,1)(1,1,0)[12]",True,True
D5,48,157,"ETS(A,A,A)","(0,0,0)(0,1,1)[12]",True,True
D5,48,158,"ETS(M,N,M)","(0,1,1)(0,1,1)[12]",True,True
D5,48,159,"ETS(M,A,A)","(0,0,1)(0,1,1)[12]",True,True
D5,48,160,"ETS(A,A,A)","(0,0,0)(1,1,0)[12]",True,True
D5,48,161,"ETS(A,N,A)","(0,1,1)(0,1,1)[12]",True,True
D5,48,162,"ETS(M,Ad,M)","(0,1,0)(1,1,0)[12]",True,True
D5,48,163,"ETS(A,A,A)","(0,0,0)(1,1,0)[12]",True,True
D5,48,164,"ETS(M,Ad,M)","(0,1,1)(0,1,1)[12]",True,True
D5,48,165,"ETS(A,N,A)","(1,0,0)(1,1,0)[12]",True,True
D5,48,166,"ETS(M,A,A)","(0,0,0)(0,1,1)[12]",True,True
D5,48,167,"ETS(A,N,A)","(0,1,2)(0,1,1)[12]",True,True
D5,48,168,"ETS(A,Ad,A)","(0,1,1)(1,1,0)[12]",True,True
D5,48,169,"ETS(A,A,A)","(0,1,1)(0,1,1)[12]",True,True
D5,48,170,"ETS(A,A,A)","(0,0,0)(0,1,0)[12]",True,True
D5,48,171,"ETS(M,N,M)","(0,1,2)(0,1,1)[12]",True,True
D5,48,172,"ETS(A,A,A)","(0,0,0)(1,1,0)[12]",True,True
D5,48,173,"ETS(M,N,A)","(0,1,1)(0,1,1)[12]",True,True
D5,48,174,"ETS(A,Ad,A)","(0,1,1)(1,1,0)[12]",True,True
D5,48,175,"ETS(M,A,A)","(0,1,1)(0,1,1)[12]",True,True
D5,48,176,"ETS(M,A,A)","(0,0,0)(0,1,1)[12]",True,True
D5,48,177,"ETS(A,Ad,A)","(0,1,2)(0,1,1)[12]",True,True
D5,48,178,"ETS(M,N,A)","(1,1,0)(1,1,0)[12]",True,True
D5,48,179,"ETS(M,N,A)","(0,1,1)(1,1,0)[12]",True,True
D5,48,180,"ETS(M,Ad,A)","(0,1,1)(0,1,1)[12]",True,True
D5,48,181,"ETS(M,Ad,A)","(0,1,0)(0,1,1)[12]",True,True
D5,48,182,"ETS(A,A,A)","(1,0,0)(0,1,1)[12]",True,True
D5,48,183,"ETS(M,A,A)","(1,1,0)(0,1,1)[12]",True,True
D5,48,184,"ETS(M,N,A)","(1,0,0)(1,1,0)[12]",True,True
D5,48,185,"ETS(M,A,A)","(0,0,0)(0,1,1)[12]",True,True
D5,48,186,"ETS(M,N,M)","(1,0,0)(0,1,1)[12]",True,True
D5,48,187,"ETS(M,A,M)","(0,0,0)(0,1,1)[12]",True,True
D5,48,188,"ETS(M,N,M)","(1,1,0)(1,1,0)[12]",True,True
D5,48,189,"ETS(M,Ad,M)","(0,1,1)(0,1,1)[12]",True,True
D5,48,190,"ETS(M,N,A)","(0,1,1)(0,1,1)[12]",True,True
D5,48,191,"ETS(A,A,A)","(1,0,0)(0,1,1)[12]",True,True
D5,48,192,"ETS(A,A,A)","(0,1,1)(1,1,1)[12]",True,True
D5,48,193,"ETS(M,N,M)","(0,1,1)(0,1,1)[12]",True,True
D5,48,194,"ETS(M,N,M)","(0,1,1)(0,1,1)[12]",True,True
D5,48,195,"ETS(M,N,M)","(0,0,0)(1,1,0)[12]",True,True
D5,48,196,"ETS(A,Ad,A)","(1,1,0)(0,1,1)[12]",True,True
D5,48,197,"ETS(M,N,M)","(0,0,0)(0,1,1)[12]",True,True
D5,48,198,"ETS(A,Ad,A)","(1,1,0)(0,1,0)[12]",True,True
D5,48,199,"ETS(A,N,A)","(0,1,1)(1,1,1)[12]",True,True
