dgp,n,mean_diff,mcse,mcse_pct_of_arima,mdd_pct
D1,24,-0.06803092697651279,0.031614100036483454,2.1294200471414557,5.962376131996076
D1,48,-0.034446961957456154,0.02863980677391218,2.0233652382593785,5.66542266712626
D1,96,-0.0169931858855021,0.018634726347969324,1.4072257548571783,3.9402321136000995
D1,200,-0.011927284550460207,0.013285036093776327,1.0493724984131407,2.938242995556794
D2,24,-0.03282899305547661,0.08126945708092853,4.7594550530392805,13.326474148509984
D2,48,-0.05641491060226431,0.03381020207439484,2.1470596807875397,6.011767106205111
D2,96,-0.06190308264541694,0.023396082858625447,1.5420395474817612,4.317710732948931
D2,200,0.00839105015505769,0.010854316535053496,0.7897841707854835,2.2113956781993536
D3,24,-0.6186415334026871,0.18510561450729154,3.509277066756172,9.825975786917283
D3,48,-0.4050063363620023,0.15807125806992556,3.3784117849712896,9.45955299791961
D3,96,0.08304513230646021,0.11539992716059999,2.929186760879603,8.201722930462887
D3,200,0.10170862774879723,0.09212948257937041,2.1962060984107423,6.149377075550079
D4,24,-0.9624827168898287,0.07314555156038412,3.202709439410324,8.967586430348907
D4,48,0.28181366708726435,0.027492353199972022,2.7125413864613157,7.595115882091683
D4,96,0.23754887444259093,0.01983048484862167,2.2378214035116915,6.265899929832736
D4,200,0.27536477490796957,0.017024629580449636,1.922177471808711,5.382096921064391
D5,24,-0.42176255840265237,0.03548278712287326,2.2545444494445404,6.312724458444713
D5,48,0.0975211774690197,0.023187061354622042,3.232399178311163,9.050717699271257
D5,96,0.029084772620360216,0.01564446581294728,2.136965923343102,5.983504585360685
D5,200,0.06364292840460234,0.012214931050753169,1.9525513266396275,5.467143714590957
D6,24,0.005277673871548574,0.03481893266770926,4.340638771052832,12.153788558947928
D6,48,-0.10060596099481081,0.024336774595655815,2.630178087170816,7.364498644078284
D6,96,-0.05526405159981133,0.01773510882556912,1.9269609541417738,5.395490671596967
D6,200,0.010560650164606562,0.012584671991521095,1.5100869696247072,4.22824351494918
D7,24,0.05882902985637889,0.021469555207090783,1.9825109634917124,5.551030697776795
D7,48,-0.32500990391150597,0.04114849806445297,3.823117695793178,10.704729548220898
D7,96,-0.3699328117500077,0.03696828831202465,2.781830095457977,7.789124267282336
D7,200,-0.06061701982535029,0.021488561771056427,2.1619894712131815,6.053570519396909
D8,24,-0.21625484839051548,0.019989205809178803,2.0060981348817792,5.617074777668982
D8,48,-0.25471145486433455,0.013434238217809504,1.396080983848829,3.909026754776721
D8,96,-0.2418338864359328,0.011574012440496365,1.2520237888661838,3.5056666088253152
D8,200,-0.24570117354380547,0.011828121493083384,1.2590267093750915,3.525274786250256
D9,24,-0.051203856294495316,0.022744276570963964,1.6576855821673644,4.64151963006862
D9,48,-0.004848500838747641,0.024140122685174393,1.940349339655076,5.432978151034212
D9,96,0.006068085807374796,0.014134720044329351,1.287584837520344,3.605237545056963
D9,200,0.010762249785856598,0.01248308671955497,1.0492548299011222,2.937913523723142
