method,mean_rank,lower,upper,differs_from_best
Combination,6.062,5.773518983019577,6.3504810169804236,False
CombEAD,6.107,5.818518983019577,6.3954810169804235,False
TimesFM3eval,6.138,5.849518983019577,6.426481016980423,False
TimesFM3,6.249,5.960518983019576,6.537481016980423,False
TimesFM25,6.371,6.082518983019577,6.659481016980424,False
AutoARIMA,6.445,6.156518983019577,6.733481016980424,False
AutoETS,6.826,6.537518983019576,7.114481016980423,True
ChronosBolt,6.906,6.617518983019576,7.194481016980423,True
M4Comb,7.159,6.8705189830195765,7.447481016980423,True
Theta,7.369,7.0805189830195765,7.657481016980423,True
DOTM,7.3885,7.100018983019576,7.676981016980423,True
Naive2,8.3235,8.035018983019576,8.611981016980423,True
SeasonalNaive,9.656,9.367518983019577,9.944481016980424,True
