label,submission,rank_owa_overall,authors,type,url,size_bytes,sMAPE_48k,MASE_48k,OWA_48k,sMAPE_pub,MASE_pub,OWA_pub,sMAPE_1000,MASE_1000,OWA_1000
Smyl,118,1,"Smyl, S.",Hybrid,https://raw.githubusercontent.com/Mcompetitions/M4-methods/master/Point%20Forecasts/submission-118.rar,5966729,12.125781313228833,0.8835618377761396,0.8357088455320627,12.126,0.884,0.8360580183714019,7.976984515102025,0.9071353250705397,0.8479769874264418
FFORMA,245,2,"Montero-Manso, P., Talagala, T., Hyndman, R. J. & Athanasopoulos, G.",Combination,https://raw.githubusercontent.com/Mcompetitions/M4-methods/master/Point%20Forecasts/submission-245.rar,10863595,12.639490152978668,0.8928508849510417,0.8578805706029162,12.639,0.893,0.8580704844143165,7.82152861177253,0.8892922035353589,0.8313760813449406
Pawlikowski,237,3,"Pawlikowski, M., Chorowska, A. & Yanchuk, O.",Combination,https://raw.githubusercontent.com/Mcompetitions/M4-methods/master/Point%20Forecasts/submission-237.rar,10561541,12.746840025357631,0.9050176160561829,0.8673219579773694,12.747,0.905,0.8674578689572918,7.952858295991991,0.9115834856128693,0.8487060257346188
Jaganathan,72,4,"Jaganathan, S. & Prakash, P.",Combination,https://raw.githubusercontent.com/Mcompetitions/M4-methods/master/Point%20Forecasts/submission-072.rar,6975557,12.4866333754925,0.8949999107887016,0.8535934026154672,12.487,0.895,0.853743317722252,7.87878490068928,0.9024510577748823,0.8405071533489057
Fiorucci,69,5,"Fiorucci, J. A. & Louzada, F.",Combination,https://raw.githubusercontent.com/Mcompetitions/M4-methods/master/Point%20Forecasts/submission-069.rar,5398570,12.736536853695162,0.907195062519805,0.8679887267494342,12.737,0.907,0.8680520303306601,8.093329451514453,0.920150671605444,0.8602461966390387
Petropoulos,36,6,"Petropoulos, F. & Svetunkov, I.",Combination,https://raw.githubusercontent.com/Mcompetitions/M4-methods/master/Point%20Forecasts/submission-036.rar,7111342,12.887790101741254,0.9130040278176572,0.8759622303756984,12.888,0.913,0.876107474872197,8.091285491490897,0.9163730412869246,0.8584052709786708
Shaub,78,7,"Shaub, D.",Combination,https://raw.githubusercontent.com/Mcompetitions/M4-methods/master/Point%20Forecasts/submission-078.rar,5814778,12.839120037006651,0.9288882020658941,0.8817443042678192,12.839,0.929,0.8819351402959631,8.061585220352802,0.9330337796976006,0.8644252595028123
Legaki,260,8,Legaki N. Z. & Koutsouri K.,Statistical,https://raw.githubusercontent.com/Mcompetitions/M4-methods/master/Point%20Forecasts/submission-260.rar,10925935,13.002286092898157,0.9664076511404417,0.905041197431637,13.002,0.966,0.9049878451875766,8.509848935509476,0.9945914881295598,0.9169232204052662
Doornik,238,9,"Doornik, J., Hendry, D. & Castle, J.",Combination,https://raw.githubusercontent.com/Mcompetitions/M4-methods/master/Point%20Forecasts/submission-238.rar,7014756,12.77996899678701,0.9310279030542042,0.8807003724262378,12.78,0.931,0.880831096914358,8.208998257252214,0.9451326509572182,0.8779592883510038
Pedregal,39,10,"Pedregal, D.J., Trapero, J. R., Villegas, M. A. & Madrigal, J. J.",Combination,https://raw.githubusercontent.com/Mcompetitions/M4-methods/master/Point%20Forecasts/submission-039.rar,10037769,13.151055075589687,0.9432900120593818,0.8993270847094343,13.151,0.943,0.8993333355503534,8.305664829118264,0.9533691700164578,0.8869728783701816
M4Theta,Theta,18,The M4 Team,Statistical,https://raw.githubusercontent.com/Mcompetitions/M4-methods/master/Point%20Forecasts/submission-Theta.rar,7531682,13.002262234513985,0.9695303119967351,0.9065086703216243,13.002,0.97,0.9068693127322615,8.595391782374131,1.0050623221713644,0.9263569515525965
M4CombPub,Com,19,The M4 Team,Combination,https://raw.githubusercontent.com/Mcompetitions/M4-methods/master/Point%20Forecasts/submission-Com.rar,7533799,13.433966667851875,0.9662478797905505,0.9199271065067014,13.434,0.966,0.9199597728232596,8.493481895242567,0.9848190881546097,0.9115601621087877
