method,sMAPE,MASE,cover80,MSIS80,OWA
FFORMA,7.821528611772531,0.8892922035353589,,,0.8313760813449407
Jaganathan,7.87878490068928,0.9024510577748823,,,0.8405071533489057
Smyl,7.976984515102025,0.9071353250705398,,,0.847976987426442
Pawlikowski,7.952858295991991,0.9115834856128693,,,0.8487060257346188
TiRex,8.04317726547986,0.9157197447937645,0.801,4.400962981606942,0.8554975815003671
TimesFM3eval,8.00835267577746,0.922503774755873,0.7645555555555555,4.497162526151364,0.8567163346438629
Petropoulos,8.091285491490897,0.9163730412869246,,,0.8584052709786709
Chronos2,8.108725589626477,0.916784026633933,0.7834444444444445,4.472647397885388,0.8595391205779082
Fiorucci,8.093329451514453,0.9201506716054438,,,0.8602461966390387
TimesFM3,8.048085233652829,0.929275532891466,0.7615,4.537641827956913,0.8619720508668776
TimesFM25,8.149503393681671,0.9222140158758999,0.8122222222222222,4.529833206783498,0.8642370008098292
Shaub,8.061585220352802,0.9330337796976006,,,0.8644252595028123
CombEAD,8.15862376313698,0.927711558679429,0.7887222222222222,4.74414180883816,0.867249313206778
Combination,8.158279504285554,0.9286767558745891,0.7891666666666667,4.759861155095193,0.8676726932812036
TimesFM25raw,8.250878974366115,0.9319704670166497,0.8023888888888889,4.609430872275313,0.8742020259865257
Doornik,8.208998257252212,0.9451326509572182,,,0.8779592883510038
Pedregal,8.305664829118264,0.9533691700164578,,,0.8869728783701818
AutoARIMA,8.496758014821927,0.9393455097180443,0.7785555555555556,4.908182014793779,0.8909115622903387
ChronosBolt,8.397087451179189,0.9708577351557447,0.7996666666666666,4.703443525391918,0.8999394368208036
AutoETS,8.447778233333054,0.9660698797940359,0.784,4.977123111238831,0.9004951876485301
M4Comb,8.500218416563195,0.982320859494737,,,0.9107812726033335
M4CombPub,8.493481895242569,0.9848190881546098,,,0.9115601621087879
Legaki,8.509848935509476,0.99459148812956,,,0.9169232204052664
DOTM,8.589792547167447,0.9955949128687444,0.7277222222222222,5.272727818960276,0.9217174186220884
Theta,8.590020804963766,1.0055019604822066,0.7232777777777778,5.364979550762728,0.9262670782535747
M4Theta,8.595391782374131,1.0050623221713644,,,0.9263569515525965
Naive2,9.22147303555315,1.091737849436654,,,1.0
SeasonalNaive,10.385992922615532,1.3060495142773516,0.7804444444444445,6.556748689805437,1.1612933642329413
