context,method,mean,median
full,AutoARIMA,0.9393455097180443,0.744158447064607
full,AutoETS,0.9660698797940359,0.7706193069327002
full,ChronosBolt,0.9708577351557447,0.7822244357933864
full,CombEAD,0.927711558679429,0.7508209880088768
full,Combination,0.9286767558745891,0.7481518470992313
full,DOTM,0.9955949128687444,0.8053814770711263
full,M4Comb,0.982320859494737,0.8071522918461971
full,Naive2,1.091737849436654,0.8708002077701171
full,SeasonalNaive,1.3060495142773516,1.0461775136618345
full,Theta,1.0055019604822066,0.8279081228891085
full,TimesFM25,0.9222140158758999,0.7470368423348455
full,TimesFM3,0.929275532891466,0.7477352903913618
full,TimesFM3eval,0.922503774755873,0.7409190514833979
last24,AutoARIMA,1.1754993957383126,0.9106931043719237
last24,AutoETS,1.129208935432162,0.8497808789993038
last24,ChronosBolt,1.157817255581253,0.909183600621219
last24,CombEAD,1.1111506223945982,0.8743052159130087
last24,Combination,1.095883634455195,0.8728102621064939
last24,DOTM,1.1673201560194215,0.8806806020929581
last24,SeasonalNaive,1.3060495142773516,1.0461775136618345
last24,Theta,1.1504323833076568,0.8797122976773628
last24,TimesFM25,1.0497736668941877,0.8432999379299954
last24,TimesFM3,1.0458434316987253,0.8112200486710535
last24,TimesFM3eval,1.0454655972587823,0.8100648268978938
last48,AutoARIMA,1.0194234120442314,0.7695528978037256
last48,AutoETS,0.9958297352231127,0.7777970370933498
last48,ChronosBolt,1.0228496003831673,0.804424049366238
last48,CombEAD,0.9591710246878964,0.7524738227163839
last48,Combination,0.9550211151432505,0.754076864789903
last48,DOTM,1.0118457411704216,0.8022426836031524
last48,SeasonalNaive,1.3060495142773516,1.0461775136618345
last48,Theta,1.011120596531583,0.8098912002073628
last48,TimesFM25,0.9720701912519566,0.7699913083894041
last48,TimesFM3,0.9609517554096175,0.7513567440598777
last48,TimesFM3eval,0.9596502067694864,0.7495902499816498
last96,AutoARIMA,0.9789130506497994,0.764791067474516
last96,AutoETS,0.9951875345180804,0.7962912272997841
last96,ChronosBolt,0.9653209286137009,0.774556143569145
last96,CombEAD,0.9450226252049196,0.7643558833026024
last96,Combination,0.9468218498260488,0.770591287819892
last96,DOTM,0.9909705912543969,0.7893153569036913
last96,SeasonalNaive,1.3060495142773516,1.0461775136618345
last96,Theta,1.0026966166931395,0.8078820143071719
last96,TimesFM25,0.9519584610568066,0.7681548556252498
last96,TimesFM3,0.9420270355912632,0.7689621951432908
last96,TimesFM3eval,0.9364899556591463,0.7519566194805353
