DGP,n,Oracle_MASE,AutoARIMA_MASE,TimesFM3_MASE,Selection_Penalty_%,Oracle_vs_TimesFM_%,nonconverged_fits
D1,24,1.351,1.485,1.417,9.9,-4.6,0
D1,48,1.302,1.415,1.381,8.8,-5.8,0
D1,96,1.249,1.324,1.307,6.0,-4.5,0
D1,200,1.22,1.266,1.254,3.7,-2.7,0
D2,24,1.551,1.708,1.675,10.1,-7.4,0
D2,48,1.448,1.575,1.518,8.8,-4.7,0
D2,96,1.427,1.517,1.455,6.3,-1.9,0
D2,200,1.356,1.374,1.383,1.4,-2.0,0
D3,24,4.633,5.275,4.656,13.9,-0.5,0
D3,48,4.303,4.679,4.274,8.7,0.7,0
D3,96,3.921,3.94,4.023,0.5,-2.5,0
D3,200,4.135,4.195,4.297,1.5,-3.8,0
D4,24,1.26,2.284,1.321,81.2,-4.6,156
D4,48,0.919,1.014,1.295,10.3,-29.0,0
D4,96,0.848,0.886,1.124,4.5,-24.5,0
D4,200,0.866,0.886,1.161,2.3,-25.4,0
