horizon_slice,dgp,dgp_label,n,method,cover60,cover80,width60,width80
h1,D1,AR(1),24,AutoARIMA,0.54,0.775,1.9226478449967712,2.9276499421079505
h1,D1,AR(1),24,AutoETS,0.605,0.8,2.1177590803118655,3.224749277413323
h1,D1,AR(1),24,Combination,0.585,0.79,1.9918944810446007,3.0656068499691798
h1,D1,AR(1),24,SeasonalNaive,0.59,0.815,2.092345264537437,3.1860512098112057
h1,D1,AR(1),24,Theta,0.57,0.77,1.9352765178251667,3.0444213303862675
h1,D1,AR(1),24,TimesFM3,0.605,0.805,2.0584775219048264,3.271572549650924
h1,D1,AR(1),48,AutoARIMA,0.55,0.72,1.9389496951757619,2.952473058237599
h1,D1,AR(1),48,AutoETS,0.595,0.755,2.0940190139298465,3.1885998576691823
h1,D1,AR(1),48,Combination,0.565,0.735,2.0129381949237564,3.0988359549029987
h1,D1,AR(1),48,SeasonalNaive,0.61,0.78,2.0983828893265937,3.1952448080618905
h1,D1,AR(1),48,Theta,0.57,0.735,2.005845875665662,3.155434948802216
h1,D1,AR(1),48,TimesFM3,0.58,0.775,2.033488213028788,3.177634535913613
h1,D1,AR(1),96,AutoARIMA,0.585,0.835,1.9398255447794535,2.9538067299488358
h1,D1,AR(1),96,AutoETS,0.67,0.85,2.0899667732906506,3.182429439043835
h1,D1,AR(1),96,Combination,0.64,0.84,2.017062392057372,3.1053773399802362
h1,D1,AR(1),96,SeasonalNaive,0.615,0.86,2.10345673063287,3.2029708361253437
h1,D1,AR(1),96,Theta,0.62,0.84,2.021394858102012,3.179895850948037
h1,D1,AR(1),96,TimesFM3,0.605,0.87,2.045410923314017,3.1755745409635874
h1,D1,AR(1),200,AutoARIMA,0.62,0.795,1.9512402589417552,2.971188117467827
h1,D1,AR(1),200,AutoETS,0.595,0.795,2.0867909515719743,3.1775935590385482
h1,D1,AR(1),200,Combination,0.605,0.81,2.0242727313524966,3.1165816755762275
h1,D1,AR(1),200,SeasonalNaive,0.57,0.805,2.111613665111343,3.215391544793249
h1,D1,AR(1),200,Theta,0.565,0.815,2.03478698354376,3.2009633502223096
h1,D1,AR(1),200,TimesFM3,0.605,0.79,1.958112030331308,3.032908196891952
h1,D2,"ARMA(1,1)",24,AutoARIMA,0.51,0.725,1.8552083772736965,2.824958669606314
h1,D2,"ARMA(1,1)",24,AutoETS,0.6,0.755,2.2211229103160837,3.382143212925425
h1,D2,"ARMA(1,1)",24,Combination,0.57,0.75,2.040799750520789,3.141937103833709
h1,D2,"ARMA(1,1)",24,SeasonalNaive,0.615,0.755,2.0861301870494073,3.17658740119156
h1,D2,"ARMA(1,1)",24,Theta,0.525,0.735,2.046067963972585,3.2187094289693885
h1,D2,"ARMA(1,1)",24,TimesFM3,0.565,0.77,2.0965313248533954,3.3726047409517723
h1,D2,"ARMA(1,1)",48,AutoARIMA,0.505,0.695,1.8823730216816341,2.866322754992638
h1,D2,"ARMA(1,1)",48,AutoETS,0.555,0.76,2.1645610509757667,3.296015467454972
h1,D2,"ARMA(1,1)",48,Combination,0.545,0.75,2.0454557330484855,3.1497554831351904
h1,D2,"ARMA(1,1)",48,SeasonalNaive,0.555,0.74,2.1069707538425932,3.20832170153384
h1,D2,"ARMA(1,1)",48,Theta,0.55,0.75,2.0894331264880566,3.2869282269579596
h1,D2,"ARMA(1,1)",48,TimesFM3,0.52,0.775,1.9866493939210468,3.151104235742799
h1,D2,"ARMA(1,1)",96,AutoARIMA,0.575,0.765,1.8970505801156765,2.888672533300471
h1,D2,"ARMA(1,1)",96,AutoETS,0.58,0.815,2.130423664578909,3.244033864287989
h1,D2,"ARMA(1,1)",96,Combination,0.59,0.815,2.03477546135528,3.133280878678676
h1,D2,"ARMA(1,1)",96,SeasonalNaive,0.585,0.805,2.106041917207508,3.2069073455309915
h1,D2,"ARMA(1,1)",96,Theta,0.59,0.82,2.076852139371253,3.2671362384475695
h1,D2,"ARMA(1,1)",96,TimesFM3,0.58,0.82,2.021494871919016,3.180505828970163
h1,D2,"ARMA(1,1)",200,AutoARIMA,0.61,0.81,1.8821674455272839,2.866009720539684
h1,D2,"ARMA(1,1)",200,AutoETS,0.615,0.82,2.123705655485669,3.2338042328013468
h1,D2,"ARMA(1,1)",200,Combination,0.605,0.85,2.026479926215158,3.1205939662089044
h1,D2,"ARMA(1,1)",200,SeasonalNaive,0.61,0.82,2.106136144118091,3.207050826517399
h1,D2,"ARMA(1,1)",200,Theta,0.58,0.825,2.0735666776325217,3.2619679452856833
h1,D2,"ARMA(1,1)",200,TimesFM3,0.635,0.815,1.9763744558816914,3.0953109099842813
h1,D3,"ARIMA(1,1,1) with drift",24,AutoARIMA,0.54,0.685,1.5591026531722745,2.3740732366450743
h1,D3,"ARIMA(1,1,1) with drift",24,AutoETS,0.6,0.78,2.066474907811901,3.1466579592131194
h1,D3,"ARIMA(1,1,1) with drift",24,Combination,0.59,0.795,1.8432467684372844,2.838735329976363
h1,D3,"ARIMA(1,1,1) with drift",24,SeasonalNaive,0.585,0.815,2.0729364446817162,3.1564970559005716
h1,D3,"ARIMA(1,1,1) with drift",24,Theta,0.545,0.77,1.9041627443276774,2.9954747940708946
h1,D3,"ARIMA(1,1,1) with drift",24,TimesFM3,0.505,0.71,1.5621066072566199,2.5738730591357886
h1,D3,"ARIMA(1,1,1) with drift",48,AutoARIMA,0.565,0.73,1.5381204408847657,2.342123250198687
h1,D3,"ARIMA(1,1,1) with drift",48,AutoETS,0.635,0.805,2.0139585275771723,3.066690336460978
h1,D3,"ARIMA(1,1,1) with drift",48,Combination,0.63,0.83,1.8507849370522935,2.851829068598798
h1,D3,"ARIMA(1,1,1) with drift",48,SeasonalNaive,0.665,0.84,2.0814557630384276,3.169469572921163
h1,D3,"ARIMA(1,1,1) with drift",48,Theta,0.65,0.83,2.0002758426949425,3.146673619136733
h1,D3,"ARIMA(1,1,1) with drift",48,TimesFM3,0.565,0.8,1.69108958964584,2.7526796112968652
h1,D3,"ARIMA(1,1,1) with drift",96,AutoARIMA,0.605,0.795,1.5257408428361172,2.323272616888609
h1,D3,"ARIMA(1,1,1) with drift",96,AutoETS,0.65,0.815,1.9633302855283368,2.9895978151815275
h1,D3,"ARIMA(1,1,1) with drift",96,Combination,0.66,0.83,1.8381987269240145,2.8330878194049958
h1,D3,"ARIMA(1,1,1) with drift",96,SeasonalNaive,0.62,0.8,2.0966407243191743,3.1925919825346427
h1,D3,"ARIMA(1,1,1) with drift",96,Theta,0.555,0.78,2.02552505240759,3.1863930261448505
h1,D3,"ARIMA(1,1,1) with drift",96,TimesFM3,0.635,0.805,1.5708532822322372,2.4241142289289828
h1,D3,"ARIMA(1,1,1) with drift",200,AutoARIMA,0.6,0.825,1.520354278744259,2.315070400298231
h1,D3,"ARIMA(1,1,1) with drift",200,AutoETS,0.585,0.775,1.9297469578447517,2.938459887034939
h1,D3,"ARIMA(1,1,1) with drift",200,Combination,0.6,0.805,1.8324198971784142,2.824651890369696
h1,D3,"ARIMA(1,1,1) with drift",200,SeasonalNaive,0.555,0.785,2.1034578385682017,3.2029725231981065
h1,D3,"ARIMA(1,1,1) with drift",200,Theta,0.555,0.78,2.0471584549462336,3.2204253837759165
h1,D3,"ARIMA(1,1,1) with drift",200,TimesFM3,0.62,0.815,1.5798238379787255,2.3407219268389916
h1,D4,"SARIMA(1,0,0)(1,1,0)[12]",24,AutoARIMA,0.425,0.605,2.7117671757740665,4.129255929953474
h1,D4,"SARIMA(1,0,0)(1,1,0)[12]",24,AutoETS,0.35,0.56,3.6771715914688623,5.599294340302289
h1,D4,"SARIMA(1,0,0)(1,1,0)[12]",24,Combination,0.42,0.6,3.4367584265121467,5.299093540779811
h1,D4,"SARIMA(1,0,0)(1,1,0)[12]",24,SeasonalNaive,0.605,0.815,2.047555630425666,3.117849240295264
h1,D4,"SARIMA(1,0,0)(1,1,0)[12]",24,Theta,0.345,0.54,3.921336512293514,6.168730352083672
h1,D4,"SARIMA(1,0,0)(1,1,0)[12]",24,TimesFM3,0.565,0.785,2.5885525327517462,4.052137999320715
h1,D4,"SARIMA(1,0,0)(1,1,0)[12]",48,AutoARIMA,0.5,0.745,1.4770299806765521,2.249099723941738
h1,D4,"SARIMA(1,0,0)(1,1,0)[12]",48,AutoETS,0.345,0.58,2.1395348990760095,3.2579077025040624
h1,D4,"SARIMA(1,0,0)(1,1,0)[12]",48,Combination,0.46,0.64,1.7606204391301636,2.708905921309872
h1,D4,"SARIMA(1,0,0)(1,1,0)[12]",48,SeasonalNaive,0.62,0.815,2.074472340428146,3.158835791569103
h1,D4,"SARIMA(1,0,0)(1,1,0)[12]",48,Theta,0.36,0.515,1.6652964376379291,2.6197103374838173
h1,D4,"SARIMA(1,0,0)(1,1,0)[12]",48,TimesFM3,0.535,0.725,2.0705065248097414,3.2338291620699864
h1,D4,"SARIMA(1,0,0)(1,1,0)[12]",96,AutoARIMA,0.565,0.765,1.482600306332342,2.2575817575216948
h1,D4,"SARIMA(1,0,0)(1,1,0)[12]",96,AutoETS,0.355,0.52,3.0573001797119024,4.6554051577527495
h1,D4,"SARIMA(1,0,0)(1,1,0)[12]",96,Combination,0.41,0.57,2.406642854794469,3.7096637573948565
h1,D4,"SARIMA(1,0,0)(1,1,0)[12]",96,SeasonalNaive,0.64,0.8,2.094532850807007,3.189382286187012
h1,D4,"SARIMA(1,0,0)(1,1,0)[12]",96,Theta,0.29,0.43,2.6800280783391615,4.216004356910126
h1,D4,"SARIMA(1,0,0)(1,1,0)[12]",96,TimesFM3,0.48,0.73,2.2682061061386736,3.5927495013003408
h1,D4,"SARIMA(1,0,0)(1,1,0)[12]",200,AutoARIMA,0.535,0.745,1.472144415594252,2.2416603874207097
h1,D4,"SARIMA(1,0,0)(1,1,0)[12]",200,AutoETS,0.555,0.74,1.9331149396291618,2.9435883725773158
h1,D4,"SARIMA(1,0,0)(1,1,0)[12]",200,Combination,0.545,0.72,2.443228567425281,3.7862800803921157
h1,D4,"SARIMA(1,0,0)(1,1,0)[12]",200,SeasonalNaive,0.55,0.75,2.10322684243276,3.2026207812895127
h1,D4,"SARIMA(1,0,0)(1,1,0)[12]",200,Theta,0.345,0.54,3.9244263470524277,6.173591481178321
h1,D4,"SARIMA(1,0,0)(1,1,0)[12]",200,TimesFM3,0.52,0.77,2.238940851610891,3.557316228095205
h1,D5,"ETS(A,A,A)",24,AutoARIMA,0.425,0.595,1.6387738279041957,2.495389946149915
h1,D5,"ETS(A,A,A)",24,AutoETS,0.26,0.545,2.928912246640861,4.4599065770839506
h1,D5,"ETS(A,A,A)",24,Combination,0.345,0.55,2.436757896436042,3.7565714839333304
h1,D5,"ETS(A,A,A)",24,SeasonalNaive,0.465,0.74,1.9891174297806151,3.028864356672094
h1,D5,"ETS(A,A,A)",24,Theta,0.245,0.5,2.74258761476307,4.314417928566126
h1,D5,"ETS(A,A,A)",24,TimesFM3,0.57,0.74,1.9721279172669568,3.0703049868542536
h1,D5,"ETS(A,A,A)",48,AutoARIMA,0.525,0.76,1.1457224862814952,1.7446119315934476
h1,D5,"ETS(A,A,A)",48,AutoETS,0.56,0.745,1.096525184040391,1.6696983277148967
h1,D5,"ETS(A,A,A)",48,Combination,0.56,0.77,1.0934855082007606,1.6825121717888254
h1,D5,"ETS(A,A,A)",48,SeasonalNaive,0.48,0.775,2.007094081402096,3.0562377226350192
h1,D5,"ETS(A,A,A)",48,Theta,0.45,0.67,1.0382088542803956,1.633226256058132
h1,D5,"ETS(A,A,A)",48,TimesFM3,0.54,0.765,1.1756004983644022,1.808629897139466
h1,D5,"ETS(A,A,A)",96,AutoARIMA,0.555,0.72,1.1016931503268286,1.6775676815535
h1,D5,"ETS(A,A,A)",96,AutoETS,0.55,0.735,1.1052724884470608,1.6830180031335802
h1,D5,"ETS(A,A,A)",96,Combination,0.555,0.725,1.0482782723173256,1.6119886197344826
h1,D5,"ETS(A,A,A)",96,SeasonalNaive,0.54,0.775,2.0208686924063355,3.0772125668916313
h1,D5,"ETS(A,A,A)",96,Theta,0.475,0.665,0.9378691781780866,1.475380174516366
h1,D5,"ETS(A,A,A)",96,TimesFM3,0.585,0.77,1.1702234952871524,1.805114429838283
h1,D5,"ETS(A,A,A)",200,AutoARIMA,0.59,0.775,1.033223763882745,1.5733081335656436
h1,D5,"ETS(A,A,A)",200,AutoETS,0.54,0.775,1.0550552865594773,1.6065513799911333
h1,D5,"ETS(A,A,A)",200,Combination,0.56,0.745,1.0027213095360068,1.542316073894668
h1,D5,"ETS(A,A,A)",200,SeasonalNaive,0.56,0.79,2.032344926847891,3.094687632429956
h1,D5,"ETS(A,A,A)",200,Theta,0.445,0.6,0.9198848781657983,1.4470887081272275
h1,D5,"ETS(A,A,A)",200,TimesFM3,0.56,0.75,1.0065038731806384,1.55255832080471
h1,D6,Local level with structural break,24,AutoARIMA,0.835,0.985,2.7884358647681653,4.246000701222517
h1,D6,Local level with structural break,24,AutoETS,0.88,0.99,2.9490621978657363,4.49058926486294
h1,D6,Local level with structural break,24,Combination,0.875,0.99,2.8335824978479085,4.361170290387139
h1,D6,Local level with structural break,24,SeasonalNaive,0.835,0.985,2.791371643674863,4.250471063784544
h1,D6,Local level with structural break,24,Theta,0.86,0.99,2.7632494309098248,4.346920905075959
h1,D6,Local level with structural break,24,TimesFM3,0.58,0.795,1.3872156870557262,2.3537690604217634
h1,D6,Local level with structural break,48,AutoARIMA,0.795,0.915,2.538836525442255,3.8659313644330173
h1,D6,Local level with structural break,48,AutoETS,0.83,0.935,2.6049099954282315,3.9665426079754558
h1,D6,Local level with structural break,48,Combination,0.805,0.93,2.5417589908071236,3.9120724586202362
h1,D6,Local level with structural break,48,SeasonalNaive,0.77,0.915,2.5960966419427005,3.9531223584540287
h1,D6,Local level with structural break,48,Theta,0.79,0.935,2.4815304515508854,3.9037434034522356
h1,D6,Local level with structural break,48,TimesFM3,0.625,0.83,1.4857938597840428,2.392895556850443
h1,D6,Local level with structural break,96,AutoARIMA,0.76,0.935,2.2588279571226386,3.439557355815733
h1,D6,Local level with structural break,96,AutoETS,0.78,0.93,2.3032027370371977,3.5071276194945353
h1,D6,Local level with structural break,96,Combination,0.78,0.915,2.25934698623299,3.4775779731570573
h1,D6,Local level with structural break,96,SeasonalNaive,0.71,0.89,2.392768187569623,3.643510518083313
h1,D6,Local level with structural break,96,Theta,0.75,0.925,2.2160102645391326,3.4860489441609017
h1,D6,Local level with structural break,96,TimesFM3,0.58,0.835,1.5465267179057318,2.46153549962055
h1,D6,Local level with structural break,200,AutoARIMA,0.71,0.89,2.028903853003266,3.089447848312327
h1,D6,Local level with structural break,200,AutoETS,0.725,0.9,2.0668657836959268,3.1472531528478873
h1,D6,Local level with structural break,200,Combination,0.705,0.895,2.0286388934744575,3.122479968119889
h1,D6,Local level with structural break,200,SeasonalNaive,0.705,0.895,2.2567482943017367,3.436390616387574
h1,D6,Local level with structural break,200,Theta,0.695,0.89,1.990147043724179,3.130738903199452
h1,D6,Local level with structural break,200,TimesFM3,0.61,0.78,1.5637917362248681,2.4272432112568185
h1,D7,Logistic growth,24,AutoARIMA,0.59,0.78,1.4509331645612022,2.209361639618015
h1,D7,Logistic growth,24,AutoETS,0.595,0.815,1.8260711701073224,2.780590927954712
h1,D7,Logistic growth,24,Combination,0.605,0.77,1.5965989480444653,2.456585265447193
h1,D7,Logistic growth,24,SeasonalNaive,0.575,0.765,2.0756721048689384,3.1606626941424314
h1,D7,Logistic growth,24,Theta,0.55,0.72,1.5127925094648718,2.3798032287688526
h1,D7,Logistic growth,24,TimesFM3,0.58,0.77,1.4370609337774787,2.2481642669279363
h1,D7,Logistic growth,48,AutoARIMA,0.62,0.8,1.6129804546548676,2.456113919655167
h1,D7,Logistic growth,48,AutoETS,0.55,0.77,1.5678503929402645,2.3873935749961546
h1,D7,Logistic growth,48,Combination,0.64,0.8,1.6035286907987665,2.469102353191645
h1,D7,Logistic growth,48,SeasonalNaive,0.575,0.785,2.0915698068413118,3.184870406636524
h1,D7,Logistic growth,48,Theta,0.55,0.77,1.6297552248011677,2.5637995649236136
h1,D7,Logistic growth,48,TimesFM3,0.65,0.845,1.5841125844932598,2.497994832993302
h1,D7,Logistic growth,96,AutoARIMA,0.66,0.805,1.6172911441932016,2.4626778829988383
h1,D7,Logistic growth,96,AutoETS,0.63,0.8,1.6236051111482357,2.472292272362174
h1,D7,Logistic growth,96,Combination,0.665,0.86,1.6768465876563994,2.5834310753149885
h1,D7,Logistic growth,96,SeasonalNaive,0.61,0.885,2.1102600886217626,3.2133304298877454
h1,D7,Logistic growth,96,Theta,0.67,0.89,1.7896435076277606,2.8153230705839514
h1,D7,Logistic growth,96,TimesFM3,0.665,0.86,1.6645130915961022,2.618784694511854
h1,D7,Logistic growth,200,AutoARIMA,0.595,0.805,1.6675792410895767,2.539252459227403
h1,D7,Logistic growth,200,AutoETS,0.64,0.8,1.6774342392158115,2.5542588395007475
h1,D7,Logistic growth,200,Combination,0.645,0.815,1.7415996867625996,2.683546259763683
h1,D7,Logistic growth,200,SeasonalNaive,0.65,0.84,2.112057121802233,3.216066804154338
h1,D7,Logistic growth,200,Theta,0.625,0.835,1.8797855799824095,2.9571274805628995
h1,D7,Logistic growth,200,TimesFM3,0.58,0.785,1.496224614953945,2.398819451956633
h1,D8,Intermittent demand,24,AutoARIMA,0.68,0.77,1.836265174713704,2.7961135194024305
h1,D8,Intermittent demand,24,AutoETS,0.73,0.8,2.007667802933308,3.057111338576705
h1,D8,Intermittent demand,24,Combination,0.695,0.805,1.9078178606597331,2.936645084711421
h1,D8,Intermittent demand,24,SeasonalNaive,0.635,0.76,2.6236945284030817,3.995146149190481
h1,D8,Intermittent demand,24,Theta,0.62,0.805,1.8795206043321866,2.9567103961551275
h1,D8,Intermittent demand,24,TimesFM3,0.575,0.815,1.4857091829916,2.6594101280656344
h1,D8,Intermittent demand,48,AutoARIMA,0.72,0.81,1.9003557879443091,2.8937054318280566
h1,D8,Intermittent demand,48,AutoETS,0.77,0.835,1.9912076621720123,3.032047190572535
h1,D8,Intermittent demand,48,Combination,0.75,0.83,1.9440877072365481,2.9929016668065227
h1,D8,Intermittent demand,48,SeasonalNaive,0.65,0.75,2.684200481569705,4.087279636217976
h1,D8,Intermittent demand,48,Theta,0.635,0.845,1.940699671593323,3.0529523780189747
h1,D8,Intermittent demand,48,TimesFM3,0.515,0.705,1.613204956313843,2.6040551968790653
h1,D8,Intermittent demand,96,AutoARIMA,0.76,0.865,1.853706847572253,2.8226722637234336
h1,D8,Intermittent demand,96,AutoETS,0.795,0.88,1.8992111014503106,2.8919623974202704
h1,D8,Intermittent demand,96,Combination,0.79,0.865,1.8806464886529313,2.895430374691777
h1,D8,Intermittent demand,96,SeasonalNaive,0.645,0.8,2.636283497112249,4.014315594915292
h1,D8,Intermittent demand,96,Theta,0.68,0.875,1.8890215169362294,2.971656462931627
h1,D8,Intermittent demand,96,TimesFM3,0.555,0.805,1.660618094401994,2.530843719097163
h1,D8,Intermittent demand,200,AutoARIMA,0.71,0.81,1.8667367450919263,2.8425131195610813
h1,D8,Intermittent demand,200,AutoETS,0.725,0.81,1.888960380968353,2.87635344370383
h1,D8,Intermittent demand,200,Combination,0.73,0.81,1.8817201741212783,2.8970727198610047
h1,D8,Intermittent demand,200,SeasonalNaive,0.61,0.745,2.6358402828589216,4.013640704718177
h1,D8,Intermittent demand,200,Theta,0.635,0.81,1.8894633963035563,2.9723515963181035
h1,D8,Intermittent demand,200,TimesFM3,0.5,0.78,1.767538423034383,2.5795743966532667
h1,D9,"AR(1) with GARCH(1,1) errors",24,AutoARIMA,0.515,0.71,1.8349624150441866,2.7941297841692903
h1,D9,"AR(1) with GARCH(1,1) errors",24,AutoETS,0.585,0.725,2.041141147688381,3.108081793769196
h1,D9,"AR(1) with GARCH(1,1) errors",24,Combination,0.56,0.73,1.9136685864448273,2.945308410599942
h1,D9,"AR(1) with GARCH(1,1) errors",24,SeasonalNaive,0.57,0.76,2.0860297809039787,3.1764345109747585
h1,D9,"AR(1) with GARCH(1,1) errors",24,Theta,0.53,0.73,1.8649021966019166,2.9337136538613398
h1,D9,"AR(1) with GARCH(1,1) errors",24,TimesFM3,0.58,0.75,1.9916587007862383,3.140515104759552
h1,D9,"AR(1) with GARCH(1,1) errors",48,AutoARIMA,0.49,0.7,1.8822909287900371,2.866197750691949
h1,D9,"AR(1) with GARCH(1,1) errors",48,AutoETS,0.505,0.745,2.0586388547157046,3.1347258623118948
h1,D9,"AR(1) with GARCH(1,1) errors",48,Combination,0.505,0.75,1.966735433956169,3.027700133351944
h1,D9,"AR(1) with GARCH(1,1) errors",48,SeasonalNaive,0.615,0.73,2.1207599854184385,3.229318808793908
h1,D9,"AR(1) with GARCH(1,1) errors",48,Theta,0.48,0.73,1.9592765183627643,3.0821767870519894
h1,D9,"AR(1) with GARCH(1,1) errors",48,TimesFM3,0.515,0.75,2.0065863409853804,3.118556102836789
h1,D9,"AR(1) with GARCH(1,1) errors",96,AutoARIMA,0.635,0.77,1.8985748247754968,2.89099352765297
h1,D9,"AR(1) with GARCH(1,1) errors",96,AutoETS,0.635,0.82,2.073739104179286,3.157719279740318
h1,D9,"AR(1) with GARCH(1,1) errors",96,Combination,0.645,0.815,1.993175715215874,3.0687662782234595
h1,D9,"AR(1) with GARCH(1,1) errors",96,SeasonalNaive,0.645,0.825,2.131395697427008,3.2455139959298145
h1,D9,"AR(1) with GARCH(1,1) errors",96,Theta,0.61,0.83,2.0072132166928363,3.157586027277089
h1,D9,"AR(1) with GARCH(1,1) errors",96,TimesFM3,0.64,0.79,1.9538015163797369,3.024576454198241
h1,D9,"AR(1) with GARCH(1,1) errors",200,AutoARIMA,0.57,0.795,1.910599016948995,2.9093029781393103
h1,D9,"AR(1) with GARCH(1,1) errors",200,AutoETS,0.585,0.83,2.081417722910251,3.169411648543934
h1,D9,"AR(1) with GARCH(1,1) errors",200,Combination,0.57,0.83,2.0075654543780943,3.091072172606737
h1,D9,"AR(1) with GARCH(1,1) errors",200,SeasonalNaive,0.605,0.82,2.14242340890805,3.2623060876085197
h1,D9,"AR(1) with GARCH(1,1) errors",200,Theta,0.555,0.825,2.030679623275034,3.194501891136964
h1,D9,"AR(1) with GARCH(1,1) errors",200,TimesFM3,0.57,0.805,1.8928663559232937,2.928952248695046
h1_12,D1,AR(1),24,AutoARIMA,0.5675,0.7554166666666667,3.0798373958291796,4.689722976084756
h1_12,D1,AR(1),24,AutoETS,0.65375,0.82375,3.893745279205597,5.929074932215949
h1_12,D1,AR(1),24,Combination,0.6383333333333333,0.8158333333333333,3.6302307158301703,5.501840408818186
h1_12,D1,AR(1),24,SeasonalNaive,0.7666666666666667,0.92125,5.099918020822627,7.765735538762549
h1_12,D1,AR(1),24,Theta,0.6141666666666666,0.7920833333333333,3.9171094724557345,5.886723318153855
h1_12,D1,AR(1),24,TimesFM3,0.6175,0.8208333333333333,3.095047141576187,5.024644770523359
h1_12,D1,AR(1),48,AutoARIMA,0.5741666666666666,0.7745833333333333,3.0343726941493294,4.620493069220978
h1_12,D1,AR(1),48,AutoETS,0.68,0.8445833333333332,4.118280807788378,6.270979160266437
h1_12,D1,AR(1),48,Combination,0.6695833333333333,0.84375,3.778550811432442,5.736049562893952
h1_12,D1,AR(1),48,SeasonalNaive,0.7658333333333333,0.91,5.114634230421041,7.788144171883253
h1_12,D1,AR(1),48,Theta,0.67,0.8391666666666667,4.182998932359619,6.316676459194443
h1_12,D1,AR(1),48,TimesFM3,0.59125,0.81,2.902255672758303,4.551057055465956
h1_12,D1,AR(1),96,AutoARIMA,0.5825,0.7845833333333333,2.702556619179837,4.115230852220155
h1_12,D1,AR(1),96,AutoETS,0.705,0.87375,4.189951162010196,6.380112878609285
h1_12,D1,AR(1),96,Combination,0.6870833333333333,0.8679166666666667,3.713678599002746,5.643758865030292
h1_12,D1,AR(1),96,SeasonalNaive,0.7716666666666667,0.91875,5.127001297726441,7.806975724408549
h1_12,D1,AR(1),96,Theta,0.7008333333333333,0.8658333333333332,4.248528015818205,6.435932864261435
h1_12,D1,AR(1),96,TimesFM3,0.6108333333333333,0.8245833333333333,2.8296349743049505,4.390761487471238
h1_12,D1,AR(1),200,AutoARIMA,0.6016666666666667,0.7916666666666667,2.6374801339724545,4.016137735066243
h1_12,D1,AR(1),200,AutoETS,0.7041666666666667,0.86625,4.2196019441200985,6.425262649927734
h1_12,D1,AR(1),200,Combination,0.6941666666666667,0.8670833333333333,3.72393241545704,5.661822077220701
h1_12,D1,AR(1),200,SeasonalNaive,0.7670833333333333,0.9091666666666667,5.146883148894362,7.837250171480189
h1_12,D1,AR(1),200,Theta,0.7079166666666667,0.8675,4.314715168278565,6.544065846668126
h1_12,D1,AR(1),200,TimesFM3,0.6154166666666666,0.8133333333333332,2.7121665073571033,4.187380649572811
h1_12,D2,"ARMA(1,1)",24,AutoARIMA,0.53625,0.73125,3.1837714536404946,4.847985207582926
h1_12,D2,"ARMA(1,1)",24,AutoETS,0.665,0.83625,4.817446743308855,7.33561151921713
h1_12,D2,"ARMA(1,1)",24,Combination,0.64125,0.8325,4.297552195656537,6.522846098355643
h1_12,D2,"ARMA(1,1)",24,SeasonalNaive,0.6925,0.86375,5.084769284990532,7.742668290281632
h1_12,D2,"ARMA(1,1)",24,Theta,0.6166666666666667,0.8029166666666667,4.8914383900202605,7.384941568266875
h1_12,D2,"ARMA(1,1)",24,TimesFM3,0.5929166666666666,0.805,3.537693667457263,5.776944224856677
h1_12,D2,"ARMA(1,1)",48,AutoARIMA,0.5825,0.7716666666666667,3.3163023471936777,5.0497923475894435
h1_12,D2,"ARMA(1,1)",48,AutoETS,0.7170833333333333,0.87875,5.185624784119957,7.896242745924091
h1_12,D2,"ARMA(1,1)",48,Combination,0.7025,0.875,4.57978633712715,6.958375674028175
h1_12,D2,"ARMA(1,1)",48,SeasonalNaive,0.7179166666666668,0.8779166666666667,5.135566437809486,7.820018014983772
h1_12,D2,"ARMA(1,1)",48,Theta,0.7070833333333333,0.86625,5.237431880067816,7.929091928570991
h1_12,D2,"ARMA(1,1)",48,TimesFM3,0.6166666666666667,0.8195833333333333,3.3493678257237964,5.262684672245346
h1_12,D2,"ARMA(1,1)",96,AutoARIMA,0.5658333333333334,0.7633333333333333,3.0592054782143583,4.658306389543546
h1_12,D2,"ARMA(1,1)",96,AutoETS,0.7254166666666667,0.8929166666666667,5.152454622762738,7.8457339534637995
h1_12,D2,"ARMA(1,1)",96,Combination,0.71375,0.88875,4.47553505509115,6.80268639154786
h1_12,D2,"ARMA(1,1)",96,SeasonalNaive,0.725,0.89125,5.133302475559108,7.816570639548637
h1_12,D2,"ARMA(1,1)",96,Theta,0.7175,0.8933333333333333,5.214945064296353,7.904018831636235
h1_12,D2,"ARMA(1,1)",96,TimesFM3,0.61625,0.8204166666666667,3.1968342025186507,4.965670996417321
h1_12,D2,"ARMA(1,1)",200,AutoARIMA,0.6029166666666667,0.7975,2.9068453580073674,4.426304934745512
h1_12,D2,"ARMA(1,1)",200,AutoETS,0.71,0.8875,5.174890846331821,7.8798979886531235
h1_12,D2,"ARMA(1,1)",200,Combination,0.70375,0.8929166666666667,4.438201237998937,6.745317672140712
h1_12,D2,"ARMA(1,1)",200,SeasonalNaive,0.7045833333333333,0.88375,5.133532145837466,7.816920362551156
h1_12,D2,"ARMA(1,1)",200,Theta,0.7070833333333333,0.8845833333333333,5.2328675096576225,7.929750093023503
h1_12,D2,"ARMA(1,1)",200,TimesFM3,0.6133333333333334,0.82125,2.9976373427352674,4.63861848243234
h1_12,D3,"ARIMA(1,1,1) with drift",24,AutoARIMA,0.41708333333333336,0.5729166666666666,7.444092120161788,11.335250977630023
h1_12,D3,"ARIMA(1,1,1) with drift",24,AutoETS,0.365,0.5245833333333334,5.4911057663448695,8.361404050555699
h1_12,D3,"ARIMA(1,1,1) with drift",24,Combination,0.4066666666666666,0.5854166666666667,5.966685206590168,9.069154969947498
h1_12,D3,"ARIMA(1,1,1) with drift",24,SeasonalNaive,0.38625,0.5608333333333334,5.052610632399343,7.693699740142892
h1_12,D3,"ARIMA(1,1,1) with drift",24,Theta,0.37125,0.5354166666666667,4.96485773326385,7.510809881656772
h1_12,D3,"ARIMA(1,1,1) with drift",24,TimesFM3,0.40458333333333335,0.5833333333333334,5.644127706215728,9.432323415967629
h1_12,D3,"ARIMA(1,1,1) with drift",48,AutoARIMA,0.5291666666666667,0.7070833333333333,8.171031200218284,12.442173995894443
h1_12,D3,"ARIMA(1,1,1) with drift",48,AutoETS,0.4404166666666666,0.6320833333333333,6.194601541178331,9.43262953255125
h1_12,D3,"ARIMA(1,1,1) with drift",48,Combination,0.4766666666666666,0.6645833333333333,6.490469233261295,9.86818760479309
h1_12,D3,"ARIMA(1,1,1) with drift",48,SeasonalNaive,0.42458333333333337,0.5995833333333334,5.073375764210472,7.72531917430132
h1_12,D3,"ARIMA(1,1,1) with drift",48,Theta,0.43041666666666667,0.5941666666666666,5.105774958387267,7.729759285933577
h1_12,D3,"ARIMA(1,1,1) with drift",48,TimesFM3,0.5154166666666666,0.7170833333333333,7.13636227263394,11.352936279734285
h1_12,D3,"ARIMA(1,1,1) with drift",96,AutoARIMA,0.5779166666666666,0.7775,7.836464981755833,11.932724086665479
h1_12,D3,"ARIMA(1,1,1) with drift",96,AutoETS,0.4875,0.6808333333333333,6.397796991238438,9.742038844897822
h1_12,D3,"ARIMA(1,1,1) with drift",96,Combination,0.52,0.7066666666666667,6.453202655952015,9.813688468357212
h1_12,D3,"ARIMA(1,1,1) with drift",96,SeasonalNaive,0.4075,0.5808333333333333,5.110387847729247,7.781678129714299
h1_12,D3,"ARIMA(1,1,1) with drift",96,Theta,0.4075,0.5733333333333334,5.125345994861774,7.766302473508338
h1_12,D3,"ARIMA(1,1,1) with drift",96,TimesFM3,0.5620833333333334,0.7695833333333333,7.656757201739883,11.93745441836924
h1_12,D3,"ARIMA(1,1,1) with drift",200,AutoARIMA,0.5695833333333333,0.7654166666666667,7.8583244465390605,11.96600988103165
h1_12,D3,"ARIMA(1,1,1) with drift",200,AutoETS,0.46333333333333326,0.635,6.411226044738136,9.762487502619132
h1_12,D3,"ARIMA(1,1,1) with drift",200,Combination,0.48166666666666663,0.6691666666666667,6.479267340505177,9.853343119729
h1_12,D3,"ARIMA(1,1,1) with drift",200,SeasonalNaive,0.36875,0.5291666666666667,5.12700399822691,7.8069798365084635
h1_12,D3,"ARIMA(1,1,1) with drift",200,Theta,0.38416666666666666,0.5408333333333334,5.1682515302383365,7.831531975536219
h1_12,D3,"ARIMA(1,1,1) with drift",200,TimesFM3,0.555,0.7479166666666667,7.9152638812310405,12.206471336570644
h1_12,D4,"SARIMA(1,0,0)(1,1,0)[12]",24,AutoARIMA,0.52,0.7158333333333333,4.210281302346848,6.411069943541655
h1_12,D4,"SARIMA(1,0,0)(1,1,0)[12]",24,AutoETS,0.5866666666666667,0.7254166666666667,8.719750556849194,13.277718683318307
h1_12,D4,"SARIMA(1,0,0)(1,1,0)[12]",24,Combination,0.6170833333333333,0.7604166666666667,7.698022015654832,11.688137530152162
h1_12,D4,"SARIMA(1,0,0)(1,1,0)[12]",24,SeasonalNaive,0.575,0.7841666666666667,2.047555630425666,3.117849240295264
h1_12,D4,"SARIMA(1,0,0)(1,1,0)[12]",24,Theta,0.5695833333333333,0.7091666666666667,10.164034187768454,15.375623963596523
h1_12,D4,"SARIMA(1,0,0)(1,1,0)[12]",24,TimesFM3,0.70125,0.8966666666666667,3.5047393275474383,5.849518440199265
h1_12,D4,"SARIMA(1,0,0)(1,1,0)[12]",48,AutoARIMA,0.5358333333333334,0.7245833333333332,1.860107556518206,2.832418736653374
h1_12,D4,"SARIMA(1,0,0)(1,1,0)[12]",48,AutoETS,0.39333333333333337,0.5770833333333334,2.3785433778070892,3.6218501482001075
h1_12,D4,"SARIMA(1,0,0)(1,1,0)[12]",48,Combination,0.47541666666666665,0.6654166666666668,2.3111639947579135,3.4973665222419315
h1_12,D4,"SARIMA(1,0,0)(1,1,0)[12]",48,SeasonalNaive,0.5808333333333333,0.7866666666666667,2.074472340428146,3.158835791569103
h1_12,D4,"SARIMA(1,0,0)(1,1,0)[12]",48,Theta,0.39791666666666664,0.5533333333333333,2.6948410499484456,4.037830681872313
h1_12,D4,"SARIMA(1,0,0)(1,1,0)[12]",48,TimesFM3,0.5754166666666667,0.8,2.633148613118662,4.220560762951892
h1_12,D4,"SARIMA(1,0,0)(1,1,0)[12]",96,AutoARIMA,0.6008333333333333,0.7925,1.8913885404752733,2.8800508452110085
h1_12,D4,"SARIMA(1,0,0)(1,1,0)[12]",96,AutoETS,0.41958333333333336,0.5895833333333333,3.410943071481691,5.193903455457626
h1_12,D4,"SARIMA(1,0,0)(1,1,0)[12]",96,Combination,0.51625,0.68875,3.298340984596068,4.992221273828525
h1_12,D4,"SARIMA(1,0,0)(1,1,0)[12]",96,SeasonalNaive,0.5983333333333334,0.7954166666666667,2.0945328508070067,3.189382286187012
h1_12,D4,"SARIMA(1,0,0)(1,1,0)[12]",96,Theta,0.44583333333333336,0.6070833333333333,4.592691341831239,6.902709520816942
h1_12,D4,"SARIMA(1,0,0)(1,1,0)[12]",96,TimesFM3,0.6470833333333332,0.85375,2.662385669465462,4.251168303668208
h1_12,D4,"SARIMA(1,0,0)(1,1,0)[12]",200,AutoARIMA,0.5816666666666667,0.7904166666666668,1.8213874053393269,2.7734588763480947
h1_12,D4,"SARIMA(1,0,0)(1,1,0)[12]",200,AutoETS,0.5508333333333334,0.7516666666666667,2.0699060289016673,3.151882588094566
h1_12,D4,"SARIMA(1,0,0)(1,1,0)[12]",200,Combination,0.6145833333333334,0.79125,3.8640640408312117,5.825163359162047
h1_12,D4,"SARIMA(1,0,0)(1,1,0)[12]",200,SeasonalNaive,0.575,0.7679166666666667,2.10322684243276,3.2026207812895127
h1_12,D4,"SARIMA(1,0,0)(1,1,0)[12]",200,Theta,0.48083333333333333,0.6525,7.700898688252641,11.55014861304348
h1_12,D4,"SARIMA(1,0,0)(1,1,0)[12]",200,TimesFM3,0.6125,0.8325,2.568660979019146,4.058412808924086
h1_12,D5,"ETS(A,A,A)",24,AutoARIMA,0.49083333333333334,0.6383333333333333,2.6619261224601773,4.05336207490939
h1_12,D5,"ETS(A,A,A)",24,AutoETS,0.54125,0.665,7.149081132568555,10.886032519348085
h1_12,D5,"ETS(A,A,A)",24,Combination,0.5370833333333334,0.6520833333333332,5.654819728939524,8.586943577151057
h1_12,D5,"ETS(A,A,A)",24,SeasonalNaive,0.5091666666666667,0.74125,1.989117429780615,3.028864356672094
h1_12,D5,"ETS(A,A,A)",24,Theta,0.51875,0.62625,7.15345193178984,10.821436137195699
h1_12,D5,"ETS(A,A,A)",24,TimesFM3,0.6779166666666667,0.8845833333333333,3.0445978586548175,5.014199161557612
h1_12,D5,"ETS(A,A,A)",48,AutoARIMA,0.5641666666666666,0.7558333333333332,1.4078640109995029,2.143779476321876
h1_12,D5,"ETS(A,A,A)",48,AutoETS,0.48916666666666664,0.6929166666666667,1.2088050544526063,1.8406688759448375
h1_12,D5,"ETS(A,A,A)",48,Combination,0.5629166666666666,0.7529166666666667,1.4612661592194822,2.2116145960978826
h1_12,D5,"ETS(A,A,A)",48,SeasonalNaive,0.5033333333333334,0.73625,2.007094081402096,3.0562377226350184
h1_12,D5,"ETS(A,A,A)",48,Theta,0.4920833333333334,0.6541666666666667,1.767129412206338,2.650395436026934
h1_12,D5,"ETS(A,A,A)",48,TimesFM3,0.6141666666666666,0.8208333333333333,1.7535383318183653,2.7794766128856
h1_12,D5,"ETS(A,A,A)",96,AutoARIMA,0.52375,0.725,1.311114441080847,1.996457191844035
h1_12,D5,"ETS(A,A,A)",96,AutoETS,0.49083333333333334,0.6645833333333333,1.2197179232166122,1.8572860945833483
h1_12,D5,"ETS(A,A,A)",96,Combination,0.5329166666666666,0.7233333333333333,1.2784647950483503,1.9332281827257405
h1_12,D5,"ETS(A,A,A)",96,SeasonalNaive,0.5195833333333334,0.7579166666666667,2.0208686924063355,3.0772125668916313
h1_12,D5,"ETS(A,A,A)",96,Theta,0.51,0.6975,1.3045620208475919,1.9459412617498382
h1_12,D5,"ETS(A,A,A)",96,TimesFM3,0.6104166666666666,0.8095833333333333,1.609456745459186,2.5345077986435722
h1_12,D5,"ETS(A,A,A)",200,AutoARIMA,0.5833333333333334,0.7779166666666667,1.2659593935872557,1.9276988008966192
h1_12,D5,"ETS(A,A,A)",200,AutoETS,0.5129166666666667,0.7220833333333333,1.2006978485004003,1.8283238897850487
h1_12,D5,"ETS(A,A,A)",200,Combination,0.6004166666666666,0.7854166666666668,1.3254948841511698,2.003702297994563
h1_12,D5,"ETS(A,A,A)",200,SeasonalNaive,0.5420833333333334,0.7766666666666667,2.032344926847891,3.094687632429956
h1_12,D5,"ETS(A,A,A)",200,Theta,0.5625,0.7366666666666667,1.509827410365853,2.25508420330202
h1_12,D5,"ETS(A,A,A)",200,TimesFM3,0.55375,0.75875,1.3291254671920751,2.0584559157955638
h1_12,D6,Local level with structural break,24,AutoARIMA,0.9804166666666667,0.9983333333333333,6.7704564628666875,10.309494025719175
h1_12,D6,Local level with structural break,24,AutoETS,0.985,0.9991666666666668,6.400129322372953,9.745590326844301
h1_12,D6,Local level with structural break,24,Combination,0.9820833333333333,0.9991666666666668,6.469968908421583,9.818817052200249
h1_12,D6,Local level with structural break,24,SeasonalNaive,0.9804166666666667,0.9983333333333333,6.803736835248299,10.360170638459204
h1_12,D6,Local level with structural break,24,Theta,0.9679166666666668,0.9975,6.239320940025108,9.401366804037272
h1_12,D6,Local level with structural break,24,TimesFM3,0.7083333333333333,0.8891666666666667,2.7186778020066815,5.066550378604137
h1_12,D6,Local level with structural break,48,AutoARIMA,0.9520833333333333,0.99,5.623698301671636,8.563305053583118
h1_12,D6,Local level with structural break,48,AutoETS,0.96125,0.9925,5.166588505559502,7.867255867245038
h1_12,D6,Local level with structural break,48,Combination,0.9520833333333333,0.99,5.3117731913610315,8.070798396671536
h1_12,D6,Local level with structural break,48,SeasonalNaive,0.9645833333333332,0.9916666666666667,6.327770216722658,9.635407834496915
h1_12,D6,Local level with structural break,48,Theta,0.9308333333333333,0.9870833333333333,5.1450327668519575,7.781834269186455
h1_12,D6,Local level with structural break,48,TimesFM3,0.64875,0.8633333333333333,2.024870709495451,3.64484994090811
h1_12,D6,Local level with structural break,96,AutoARIMA,0.9166666666666667,0.9879166666666667,4.086853768635201,6.223124650873649
h1_12,D6,Local level with structural break,96,AutoETS,0.9220833333333333,0.9883333333333333,4.086956016266358,6.223280345153397
h1_12,D6,Local level with structural break,96,Combination,0.9191666666666667,0.9854166666666667,4.100537491560657,6.225593397795121
h1_12,D6,Local level with structural break,96,SeasonalNaive,0.9491666666666667,0.9908333333333332,5.832173975424252,8.880754656109671
h1_12,D6,Local level with structural break,96,Theta,0.905,0.98375,4.127802689780411,6.230375197358318
h1_12,D6,Local level with structural break,96,TimesFM3,0.6245833333333334,0.8541666666666667,2.086699017924322,3.5907864353320273
h1_12,D6,Local level with structural break,200,AutoARIMA,0.8575,0.96625,3.1606166072641217,4.812726912711241
h1_12,D6,Local level with structural break,200,AutoETS,0.8666666666666667,0.9695833333333332,3.1897708512923297,4.857120596694243
h1_12,D6,Local level with structural break,200,Combination,0.8583333333333333,0.9683333333333333,3.2034727013129207,4.841416691009618
h1_12,D6,Local level with structural break,200,SeasonalNaive,0.94875,0.9875,5.500636768528037,8.37591707646546
h1_12,D6,Local level with structural break,200,Theta,0.8529166666666668,0.9666666666666667,3.26003064538231,4.854402563623369
h1_12,D6,Local level with structural break,200,TimesFM3,0.6229166666666667,0.8279166666666667,1.87908892177929,3.0026644112108833
h1_12,D7,Logistic growth,24,AutoARIMA,0.5583333333333333,0.7541666666666668,2.2187473716586608,3.3785259381181962
h1_12,D7,Logistic growth,24,AutoETS,0.54125,0.7454166666666667,2.6782830750267426,4.07826909642099
h1_12,D7,Logistic growth,24,Combination,0.40375,0.6216666666666666,2.7461152412761924,4.160777276380551
h1_12,D7,Logistic growth,24,SeasonalNaive,0.11124999999999999,0.24458333333333332,5.05927857718079,7.703853137814849
h1_12,D7,Logistic growth,24,Theta,0.1383333333333333,0.30833333333333335,3.341315277143175,5.025536794602465
h1_12,D7,Logistic growth,24,TimesFM3,0.44791666666666663,0.6779166666666667,1.8593889295391681,2.954969215976829
h1_12,D7,Logistic growth,48,AutoARIMA,0.7375,0.8904166666666667,2.9544984054320453,4.498867074451528
h1_12,D7,Logistic growth,48,AutoETS,0.46541666666666665,0.6633333333333333,2.5658723616695083,3.907099311320187
h1_12,D7,Logistic growth,48,Combination,0.7566666666666667,0.9104166666666668,2.9848315494219224,4.534232291419046
h1_12,D7,Logistic growth,48,SeasonalNaive,0.16916666666666663,0.43166666666666664,5.098027907013072,7.762857428972699
h1_12,D7,Logistic growth,48,Theta,0.2895833333333333,0.6458333333333333,3.434123881164213,5.196730488485423
h1_12,D7,Logistic growth,48,TimesFM3,0.7579166666666667,0.92,2.3041515525335083,3.7349115199147116
h1_12,D7,Logistic growth,96,AutoARIMA,0.62125,0.8141666666666667,2.9611888036779574,4.509054662411691
h1_12,D7,Logistic growth,96,AutoETS,0.5766666666666667,0.7791666666666667,2.672282998745154,4.069132673948124
h1_12,D7,Logistic growth,96,Combination,0.7308333333333333,0.9054166666666668,3.0803377286537765,4.680785812101134
h1_12,D7,Logistic growth,96,SeasonalNaive,0.8220833333333333,0.9766666666666667,5.143583918481116,7.832226374868931
h1_12,D7,Logistic growth,96,Theta,0.8879166666666667,0.9775,3.607541383538218,5.464170099943586
h1_12,D7,Logistic growth,96,TimesFM3,0.7608333333333333,0.9208333333333333,2.840272787584742,4.471310887976909
h1_12,D7,Logistic growth,200,AutoARIMA,0.69375,0.87375,2.604596222815143,3.9660648208575844
h1_12,D7,Logistic growth,200,AutoETS,0.6945833333333333,0.8720833333333333,2.511702357462512,3.8246136860439335
h1_12,D7,Logistic growth,200,Combination,0.7691666666666667,0.9158333333333333,2.8907400966183108,4.392284289593967
h1_12,D7,Logistic growth,200,SeasonalNaive,0.93,0.98,5.147964037793367,7.838896060159612
h1_12,D7,Logistic growth,200,Theta,0.7558333333333332,0.9375,3.5559217095772766,5.386174361880382
h1_12,D7,Logistic growth,200,TimesFM3,0.6445833333333333,0.8608333333333333,2.255848983718375,3.599697582060668
h1_12,D8,Intermittent demand,24,AutoARIMA,0.7345833333333333,0.82625,1.9191868279222055,2.9223797900807056
h1_12,D8,Intermittent demand,24,AutoETS,0.7491666666666668,0.8416666666666667,2.065903947583652,3.1457885479563843
h1_12,D8,Intermittent demand,24,Combination,0.7370833333333333,0.8325,2.0520924501991433,3.0878010335915924
h1_12,D8,Intermittent demand,24,SeasonalNaive,0.8979166666666667,0.9666666666666667,6.395037775706057,9.737837338514499
h1_12,D8,Intermittent demand,24,Theta,0.7091666666666667,0.8308333333333333,2.171186575091573,3.1952347627376856
h1_12,D8,Intermittent demand,24,TimesFM3,0.615,0.8591666666666667,1.7459987964738353,3.09279929587193
h1_12,D8,Intermittent demand,48,AutoARIMA,0.765,0.8391666666666667,1.9398490265472994,2.9538424860528227
h1_12,D8,Intermittent demand,48,AutoETS,0.775,0.8441666666666667,2.0237373609961047,3.0815807393849037
h1_12,D8,Intermittent demand,48,Combination,0.765,0.8395833333333332,2.0396783924647846,3.066240269909203
h1_12,D8,Intermittent demand,48,SeasonalNaive,0.8904166666666667,0.9604166666666667,6.542516017539023,9.962405070607522
h1_12,D8,Intermittent demand,48,Theta,0.7191666666666667,0.84375,2.1554487898509502,3.1632975842898827
h1_12,D8,Intermittent demand,48,TimesFM3,0.5766666666666667,0.78,1.8101169510855195,2.866549154059702
h1_12,D8,Intermittent demand,96,AutoARIMA,0.75875,0.8416666666666667,1.8723099934547105,2.850999603598768
h1_12,D8,Intermittent demand,96,AutoETS,0.75875,0.8466666666666667,1.9007492976148297,2.894304635976188
h1_12,D8,Intermittent demand,96,Combination,0.76375,0.8458333333333333,1.9432128833373092,2.9225168390581273
h1_12,D8,Intermittent demand,96,SeasonalNaive,0.9066666666666667,0.9675,6.425722342670988,9.784561272349942
h1_12,D8,Intermittent demand,96,Theta,0.7379166666666667,0.84625,2.0565793589423875,3.0222462775994257
h1_12,D8,Intermittent demand,96,TimesFM3,0.6033333333333334,0.8166666666666668,1.8003405391704013,2.626707846683696
h1_12,D8,Intermittent demand,200,AutoARIMA,0.75,0.8375,1.8749598496732525,2.855034586617107
h1_12,D8,Intermittent demand,200,AutoETS,0.7579166666666667,0.8379166666666668,1.8897163811385425,2.877504618558991
h1_12,D8,Intermittent demand,200,Combination,0.7670833333333333,0.8420833333333333,1.9398172923590575,2.916471548630591
h1_12,D8,Intermittent demand,200,SeasonalNaive,0.8991666666666667,0.9641666666666667,6.4246420446934325,9.78291628347708
h1_12,D8,Intermittent demand,200,Theta,0.7216666666666667,0.8404166666666667,2.0547756462653775,3.0168754407156753
h1_12,D8,Intermittent demand,200,TimesFM3,0.6125,0.815,1.8540147926671044,2.5675215047938655
h1_12,D9,"AR(1) with GARCH(1,1) errors",24,AutoARIMA,0.5366666666666666,0.7166666666666667,2.5969636048502633,3.9544424982356015
h1_12,D9,"AR(1) with GARCH(1,1) errors",24,AutoETS,0.5979166666666667,0.7608333333333333,3.2320453690243647,4.92149275393193
h1_12,D9,"AR(1) with GARCH(1,1) errors",24,Combination,0.6095833333333334,0.77,3.062724050628515,4.636216033051575
h1_12,D9,"AR(1) with GARCH(1,1) errors",24,SeasonalNaive,0.7754166666666668,0.9154166666666668,5.084524553339807,7.742295633060528
h1_12,D9,"AR(1) with GARCH(1,1) errors",24,Theta,0.5933333333333334,0.7554166666666667,3.3591631780109172,5.032712846987194
h1_12,D9,"AR(1) with GARCH(1,1) errors",24,TimesFM3,0.6045833333333334,0.8025,2.748988278824888,4.414410487539354
h1_12,D9,"AR(1) with GARCH(1,1) errors",48,AutoARIMA,0.5625,0.755,2.5118524349403266,3.8248422116787126
h1_12,D9,"AR(1) with GARCH(1,1) errors",48,AutoETS,0.62625,0.81375,3.4789294961314106,5.297427588963319
h1_12,D9,"AR(1) with GARCH(1,1) errors",48,Combination,0.6279166666666667,0.8158333333333333,3.182066810964743,4.8232316699985045
h1_12,D9,"AR(1) with GARCH(1,1) errors",48,SeasonalNaive,0.7791666666666667,0.9175,5.169176545949309,7.871196722205613
h1_12,D9,"AR(1) with GARCH(1,1) errors",48,Theta,0.6233333333333334,0.8075,3.5554185018224915,5.347425209353482
h1_12,D9,"AR(1) with GARCH(1,1) errors",48,TimesFM3,0.6,0.80625,2.607443416893046,4.0776919689432045
h1_12,D9,"AR(1) with GARCH(1,1) errors",96,AutoARIMA,0.62625,0.7958333333333333,2.358097304410188,3.5907165499426106
h1_12,D9,"AR(1) with GARCH(1,1) errors",96,AutoETS,0.7129166666666668,0.8708333333333332,3.656622838583071,5.568004390167621
h1_12,D9,"AR(1) with GARCH(1,1) errors",96,Combination,0.7108333333333333,0.8695833333333333,3.2541562316050157,4.935383064539366
h1_12,D9,"AR(1) with GARCH(1,1) errors",96,SeasonalNaive,0.81875,0.9383333333333332,5.19510021173053,7.910671147447405
h1_12,D9,"AR(1) with GARCH(1,1) errors",96,Theta,0.7095833333333332,0.8708333333333332,3.747748551821788,5.647428253507866
h1_12,D9,"AR(1) with GARCH(1,1) errors",96,TimesFM3,0.6370833333333333,0.83375,2.476522996108872,3.8501882230059756
h1_12,D9,"AR(1) with GARCH(1,1) errors",200,AutoARIMA,0.57375,0.7708333333333333,2.333847394832979,3.5537907829309403
h1_12,D9,"AR(1) with GARCH(1,1) errors",200,AutoETS,0.67,0.8554166666666667,3.7217057440402446,5.667107283549654
h1_12,D9,"AR(1) with GARCH(1,1) errors",200,Combination,0.6758333333333333,0.8520833333333333,3.2995728396275648,5.007876308227132
h1_12,D9,"AR(1) with GARCH(1,1) errors",200,SeasonalNaive,0.7883333333333333,0.9308333333333333,5.221979343709268,7.951600477998625
h1_12,D9,"AR(1) with GARCH(1,1) errors",200,Theta,0.6758333333333333,0.8608333333333333,3.843165380009471,5.802730858200802
h1_12,D9,"AR(1) with GARCH(1,1) errors",200,TimesFM3,0.5808333333333333,0.7841666666666667,2.3743687969779987,3.677503466376285
h1_6,D1,AR(1),24,AutoARIMA,0.5491666666666667,0.7558333333333332,2.6434746124701918,4.025265633694449
h1_6,D1,AR(1),24,AutoETS,0.6258333333333334,0.8133333333333332,3.0896261430195806,4.7046284748841645
h1_6,D1,AR(1),24,Combination,0.6058333333333333,0.7941666666666667,2.864786040221584,4.394743679990982
h1_6,D1,AR(1),24,SeasonalNaive,0.6966666666666668,0.8758333333333332,3.777318609465693,5.751789979170154
h1_6,D1,AR(1),24,Theta,0.5733333333333334,0.7633333333333333,2.861257365174979,4.454336931394331
h1_6,D1,AR(1),24,TimesFM3,0.6025,0.8066666666666668,2.698581051527057,4.336261629939697
h1_6,D1,AR(1),48,AutoARIMA,0.565,0.7566666666666667,2.652462787641241,4.038952087294183
h1_6,D1,AR(1),48,AutoETS,0.63,0.7941666666666667,3.201455510524669,4.8749130343546945
h1_6,D1,AR(1),48,Combination,0.6083333333333334,0.7933333333333333,2.965571302417142,4.56174988279519
h1_6,D1,AR(1),48,SeasonalNaive,0.6841666666666667,0.8558333333333333,3.788218355726305,5.768387215940222
h1_6,D1,AR(1),48,Theta,0.5966666666666667,0.7816666666666667,3.042795609085516,4.771384526736691
h1_6,D1,AR(1),48,TimesFM3,0.5825,0.7833333333333333,2.6409927128079613,4.132564124969279
h1_6,D1,AR(1),96,AutoARIMA,0.5783333333333334,0.78,2.4986330898242106,3.8047128806290287
h1_6,D1,AR(1),96,AutoETS,0.6541666666666667,0.8391666666666667,3.2342597465551375,4.9248646258359
h1_6,D1,AR(1),96,Combination,0.6375,0.8325,2.9397808075259477,4.528717445055513
h1_6,D1,AR(1),96,SeasonalNaive,0.7008333333333333,0.8758333333333332,3.7973781801169078,5.782335042848124
h1_6,D1,AR(1),96,Theta,0.6275,0.8233333333333333,3.0864495861984924,4.856574828701609
h1_6,D1,AR(1),96,TimesFM3,0.61,0.8258333333333333,2.627002149412911,4.075796717985692
h1_6,D1,AR(1),200,AutoARIMA,0.605,0.78,2.4992553818756083,3.805660455762452
h1_6,D1,AR(1),200,AutoETS,0.6191666666666666,0.8075,3.248266094463338,4.946192339982458
h1_6,D1,AR(1),200,Combination,0.6158333333333332,0.8116666666666668,2.957539536253377,4.5606776726285725
h1_6,D1,AR(1),200,SeasonalNaive,0.6641666666666667,0.8566666666666667,3.812103923962315,5.804758193935668
h1_6,D1,AR(1),200,Theta,0.5975,0.8025,3.1250971324211845,4.930180222140809
h1_6,D1,AR(1),200,TimesFM3,0.6,0.7975,2.548116659555728,3.937668626792403
h1_6,D2,"ARMA(1,1)",24,AutoARIMA,0.4958333333333333,0.7058333333333333,2.743118687554283,4.176995432477142
h1_6,D2,"ARMA(1,1)",24,AutoETS,0.5833333333333333,0.7791666666666667,3.668816951473389,5.586572581940389
h1_6,D2,"ARMA(1,1)",24,Combination,0.5558333333333333,0.7716666666666667,3.278552940628817,5.053107042094474
h1_6,D2,"ARMA(1,1)",24,SeasonalNaive,0.5983333333333334,0.7891666666666667,3.766098507194477,5.734704930626163
h1_6,D2,"ARMA(1,1)",24,Theta,0.5166666666666666,0.7333333333333333,3.4237231828587773,5.3957531118658935
h1_6,D2,"ARMA(1,1)",24,TimesFM3,0.5366666666666666,0.7608333333333333,3.03351064508914,4.891806513268819
h1_6,D2,"ARMA(1,1)",48,AutoARIMA,0.555,0.7475,2.8957300529941956,4.409379462843309
h1_6,D2,"ARMA(1,1)",48,AutoETS,0.6341666666666667,0.8233333333333333,3.8543562772754645,5.869096601019975
h1_6,D2,"ARMA(1,1)",48,Combination,0.6275,0.82,3.4660633010470776,5.357221197170415
h1_6,D2,"ARMA(1,1)",48,SeasonalNaive,0.63,0.82,3.8037220591550165,5.791994979870387
h1_6,D2,"ARMA(1,1)",48,Theta,0.6083333333333334,0.8075,3.6481035728715727,5.793187527647964
h1_6,D2,"ARMA(1,1)",48,TimesFM3,0.5891666666666666,0.8075,2.990235485576581,4.696712297146421
h1_6,D2,"ARMA(1,1)",96,AutoARIMA,0.5566666666666666,0.7583333333333333,2.799207109773518,4.262402266854212
h1_6,D2,"ARMA(1,1)",96,AutoETS,0.6466666666666667,0.8458333333333333,3.8214267958906247,5.818954296218372
h1_6,D2,"ARMA(1,1)",96,Combination,0.6375,0.8433333333333333,3.4222073078893596,5.292383206827509
h1_6,D2,"ARMA(1,1)",96,SeasonalNaive,0.6458333333333333,0.84,3.8020452269579947,5.789441637771204
h1_6,D2,"ARMA(1,1)",96,Theta,0.6258333333333334,0.8391666666666667,3.6459880180039357,5.795793057409943
h1_6,D2,"ARMA(1,1)",96,TimesFM3,0.6008333333333333,0.8108333333333333,2.9308085678033597,4.562933081659793
h1_6,D2,"ARMA(1,1)",200,AutoARIMA,0.595,0.7933333333333333,2.741913707626638,4.175160588189566
h1_6,D2,"ARMA(1,1)",200,AutoETS,0.6375,0.8316666666666667,3.832626156785476,5.836007761501046
h1_6,D2,"ARMA(1,1)",200,Combination,0.6333333333333333,0.845,3.411257872152477,5.276736990218625
h1_6,D2,"ARMA(1,1)",200,SeasonalNaive,0.6333333333333333,0.8283333333333333,3.802215335146586,5.789700664524219
h1_6,D2,"ARMA(1,1)",200,Theta,0.6066666666666667,0.8216666666666668,3.6592337520453158,5.819042620965263
h1_6,D2,"ARMA(1,1)",200,TimesFM3,0.6041666666666666,0.8116666666666668,2.807195862245081,4.354442853455147
h1_6,D3,"ARIMA(1,1,1) with drift",24,AutoARIMA,0.455,0.6116666666666667,4.521883625880142,6.885552323051193
h1_6,D3,"ARIMA(1,1,1) with drift",24,AutoETS,0.40833333333333327,0.5841666666666666,3.890832045283074,5.9246388993008114
h1_6,D3,"ARIMA(1,1,1) with drift",24,Combination,0.4458333333333333,0.64,3.939312380369019,6.070046187319151
h1_6,D3,"ARIMA(1,1,1) with drift",24,SeasonalNaive,0.4283333333333333,0.6183333333333334,3.7422797955226277,5.698435756305635
h1_6,D3,"ARIMA(1,1,1) with drift",24,Theta,0.3933333333333333,0.575,3.405221469943843,5.39994733960545
h1_6,D3,"ARIMA(1,1,1) with drift",24,TimesFM3,0.40833333333333327,0.6008333333333333,3.7449584680393793,6.181465840964487
h1_6,D3,"ARIMA(1,1,1) with drift",48,AutoARIMA,0.5583333333333333,0.7325,4.954875351148225,7.544876495552711
h1_6,D3,"ARIMA(1,1,1) with drift",48,AutoETS,0.49333333333333335,0.6891666666666667,4.130953651187744,6.29027632346824
h1_6,D3,"ARIMA(1,1,1) with drift",48,Combination,0.4983333333333333,0.7216666666666667,4.209508124671111,6.48885233132268
h1_6,D3,"ARIMA(1,1,1) with drift",48,SeasonalNaive,0.48166666666666663,0.6691666666666667,3.7576597523176076,5.721855089043877
h1_6,D3,"ARIMA(1,1,1) with drift",48,Theta,0.455,0.655,3.5426953716773646,5.6314041749470904
h1_6,D3,"ARIMA(1,1,1) with drift",48,TimesFM3,0.54,0.7458333333333332,4.8327640050659975,7.691717620722329
h1_6,D3,"ARIMA(1,1,1) with drift",96,AutoARIMA,0.5891666666666666,0.7916666666666667,4.941163897394538,7.523997821960633
h1_6,D3,"ARIMA(1,1,1) with drift",96,AutoETS,0.5133333333333333,0.695,4.186865891615298,6.375414882709249
h1_6,D3,"ARIMA(1,1,1) with drift",96,Combination,0.5441666666666667,0.7275,4.235417000176384,6.529727753683138
h1_6,D3,"ARIMA(1,1,1) with drift",96,SeasonalNaive,0.455,0.6391666666666667,3.785073218824274,5.763598060248962
h1_6,D3,"ARIMA(1,1,1) with drift",96,Theta,0.42666666666666664,0.6208333333333333,3.5782212115193164,5.689770556379533
h1_6,D3,"ARIMA(1,1,1) with drift",96,TimesFM3,0.5866666666666667,0.795,4.940358863359562,7.697266715669994
h1_6,D3,"ARIMA(1,1,1) with drift",200,AutoARIMA,0.5825,0.785,4.998381747546935,7.61112445626453
h1_6,D3,"ARIMA(1,1,1) with drift",200,AutoETS,0.47083333333333327,0.6516666666666667,4.168091699492501,6.34682708769288
h1_6,D3,"ARIMA(1,1,1) with drift",200,Combination,0.495,0.6883333333333332,4.260103359250786,6.568269077641426
h1_6,D3,"ARIMA(1,1,1) with drift",200,SeasonalNaive,0.4158333333333333,0.5866666666666667,3.797380180276643,5.782338088526794
h1_6,D3,"ARIMA(1,1,1) with drift",200,Theta,0.4175,0.5875,3.6138366307129233,5.746855688966868
h1_6,D3,"ARIMA(1,1,1) with drift",200,TimesFM3,0.5675,0.7591666666666668,5.048528383411123,7.754804244654418
h1_6,D4,"SARIMA(1,0,0)(1,1,0)[12]",24,AutoARIMA,0.42916666666666664,0.6133333333333334,3.6209574004745564,5.5136959955828475
h1_6,D4,"SARIMA(1,0,0)(1,1,0)[12]",24,AutoETS,0.27749999999999997,0.4983333333333333,6.501116829536213,9.899365793459008
h1_6,D4,"SARIMA(1,0,0)(1,1,0)[12]",24,Combination,0.30416666666666664,0.5283333333333333,5.699572337288625,8.825527446417412
h1_6,D4,"SARIMA(1,0,0)(1,1,0)[12]",24,SeasonalNaive,0.5925,0.8041666666666667,2.047555630425666,3.117849240295264
h1_6,D4,"SARIMA(1,0,0)(1,1,0)[12]",24,Theta,0.19083333333333333,0.4275,6.976642781855108,11.063520550210377
h1_6,D4,"SARIMA(1,0,0)(1,1,0)[12]",24,TimesFM3,0.6508333333333333,0.8658333333333332,3.2300684290805766,5.2244079189331725
h1_6,D4,"SARIMA(1,0,0)(1,1,0)[12]",48,AutoARIMA,0.5266666666666666,0.7133333333333333,1.755886139378848,2.6737189380145012
h1_6,D4,"SARIMA(1,0,0)(1,1,0)[12]",48,AutoETS,0.3875,0.5825,2.2971064624724336,3.4978447141912836
h1_6,D4,"SARIMA(1,0,0)(1,1,0)[12]",48,Combination,0.46583333333333327,0.6575,2.117600952556707,3.2271451196363636
h1_6,D4,"SARIMA(1,0,0)(1,1,0)[12]",48,SeasonalNaive,0.5975,0.8016666666666667,2.074472340428146,3.158835791569103
h1_6,D4,"SARIMA(1,0,0)(1,1,0)[12]",48,Theta,0.3675,0.5341666666666667,2.2998102558188402,3.509871706703306
h1_6,D4,"SARIMA(1,0,0)(1,1,0)[12]",48,TimesFM3,0.5375,0.7591666666666668,2.4256219793796894,3.834489955992238
h1_6,D4,"SARIMA(1,0,0)(1,1,0)[12]",96,AutoARIMA,0.585,0.7841666666666667,1.7843464692396092,2.717055986598856
h1_6,D4,"SARIMA(1,0,0)(1,1,0)[12]",96,AutoETS,0.3883333333333333,0.5516666666666666,3.2903212140286873,5.010230415744087
h1_6,D4,"SARIMA(1,0,0)(1,1,0)[12]",96,Combination,0.45166666666666666,0.6316666666666666,2.9756126695020804,4.551852752700103
h1_6,D4,"SARIMA(1,0,0)(1,1,0)[12]",96,SeasonalNaive,0.6025,0.8108333333333333,2.0945328508070067,3.1893822861870116
h1_6,D4,"SARIMA(1,0,0)(1,1,0)[12]",96,Theta,0.3608333333333333,0.5283333333333333,3.852170325237946,5.9282718557573695
h1_6,D4,"SARIMA(1,0,0)(1,1,0)[12]",96,TimesFM3,0.6116666666666667,0.83,2.517124331905226,4.008696267486998
h1_6,D4,"SARIMA(1,0,0)(1,1,0)[12]",200,AutoARIMA,0.5933333333333333,0.775,1.756634234709122,2.6748580760298517
h1_6,D4,"SARIMA(1,0,0)(1,1,0)[12]",200,AutoETS,0.5141666666666667,0.7116666666666667,1.9763475374446826,3.009419415334914
h1_6,D4,"SARIMA(1,0,0)(1,1,0)[12]",200,Combination,0.5258333333333334,0.725,3.134749008995093,4.809220264635266
h1_6,D4,"SARIMA(1,0,0)(1,1,0)[12]",200,SeasonalNaive,0.5641666666666666,0.7583333333333333,2.1032268424327603,3.2026207812895127
h1_6,D4,"SARIMA(1,0,0)(1,1,0)[12]",200,Theta,0.3575,0.5391666666666667,5.671265254831473,8.743383302541034
h1_6,D4,"SARIMA(1,0,0)(1,1,0)[12]",200,TimesFM3,0.5708333333333333,0.8058333333333333,2.442527997555297,3.859773245656494
h1_6,D5,"ETS(A,A,A)",24,AutoARIMA,0.26666666666666666,0.41,2.2281633795265714,3.3928638601464622
h1_6,D5,"ETS(A,A,A)",24,AutoETS,0.09916666666666664,0.3308333333333333,5.290789040342369,8.056378222341454
h1_6,D5,"ETS(A,A,A)",24,Combination,0.11083333333333333,0.30833333333333335,4.141686136880764,6.409690395110116
h1_6,D5,"ETS(A,A,A)",24,SeasonalNaive,0.51,0.7458333333333332,1.989117429780615,3.028864356672094
h1_6,D5,"ETS(A,A,A)",24,Theta,0.06333333333333332,0.2533333333333333,4.9061059907733515,7.779829102842432
h1_6,D5,"ETS(A,A,A)",24,TimesFM3,0.5441666666666667,0.8141666666666667,2.777322655848447,4.441121474930986
h1_6,D5,"ETS(A,A,A)",48,AutoARIMA,0.5783333333333333,0.78,1.2851908333256554,1.9569828549595065
h1_6,D5,"ETS(A,A,A)",48,AutoETS,0.5366666666666666,0.7316666666666667,1.1706563789374187,1.7825792117589752
h1_6,D5,"ETS(A,A,A)",48,Combination,0.5391666666666667,0.7608333333333333,1.298262745894081,1.9817856903242133
h1_6,D5,"ETS(A,A,A)",48,SeasonalNaive,0.4875,0.7458333333333332,2.007094081402096,3.0562377226350184
h1_6,D5,"ETS(A,A,A)",48,Theta,0.4425,0.625,1.4389410254191686,2.205795004254159
h1_6,D5,"ETS(A,A,A)",48,TimesFM3,0.5858333333333333,0.7908333333333333,1.5185535528917526,2.3727662863769354
h1_6,D5,"ETS(A,A,A)",96,AutoARIMA,0.5458333333333333,0.7375,1.2144717884301182,1.8492977121845973
h1_6,D5,"ETS(A,A,A)",96,AutoETS,0.5466666666666666,0.7216666666666667,1.1838749056105555,1.8027072965510322
h1_6,D5,"ETS(A,A,A)",96,Combination,0.555,0.7466666666666667,1.1889368121677188,1.804605456444071
h1_6,D5,"ETS(A,A,A)",96,SeasonalNaive,0.525,0.7575,2.020868692406335,3.0772125668916313
h1_6,D5,"ETS(A,A,A)",96,Theta,0.5208333333333333,0.715,1.168463742462483,1.7618113605965837
h1_6,D5,"ETS(A,A,A)",96,TimesFM3,0.6108333333333333,0.8016666666666667,1.423015076307434,2.2234951122136852
h1_6,D5,"ETS(A,A,A)",200,AutoARIMA,0.5908333333333333,0.7933333333333333,1.1498215574104322,1.7508536598353392
h1_6,D5,"ETS(A,A,A)",200,AutoETS,0.5516666666666666,0.7516666666666667,1.120468951769718,1.7061579271100888
h1_6,D5,"ETS(A,A,A)",200,Combination,0.5916666666666667,0.79,1.148365831479654,1.7484928647374736
h1_6,D5,"ETS(A,A,A)",200,SeasonalNaive,0.5491666666666667,0.7741666666666667,2.032344926847891,3.094687632429956
h1_6,D5,"ETS(A,A,A)",200,Theta,0.515,0.685,1.1748069852588123,1.788467007266992
h1_6,D5,"ETS(A,A,A)",200,TimesFM3,0.5691666666666666,0.77,1.1894228636522166,1.8301965522809491
h1_6,D6,Local level with structural break,24,AutoARIMA,0.9608333333333333,0.9966666666666667,5.018305863607981,7.641463260837851
h1_6,D6,Local level with structural break,24,AutoETS,0.97,0.9983333333333333,4.850993183544041,7.386693278192411
h1_6,D6,Local level with structural break,24,Combination,0.9641666666666667,0.9983333333333333,4.7532401100380905,7.317509937953766
h1_6,D6,Local level with structural break,24,SeasonalNaive,0.9608333333333333,0.9966666666666667,5.039273505330814,7.67339106042722
h1_6,D6,Local level with structural break,24,Theta,0.945,0.995,4.390421282962248,6.9243732748310345
h1_6,D6,Local level with structural break,24,TimesFM3,0.6666666666666667,0.8683333333333333,2.074528678989582,3.7369906529918335
h1_6,D6,Local level with structural break,48,AutoARIMA,0.9125,0.9816666666666667,4.2403862237298435,6.456911240778405
h1_6,D6,Local level with structural break,48,AutoETS,0.9258333333333333,0.985,3.9953138568500255,6.083735205148664
h1_6,D6,Local level with structural break,48,Combination,0.9108333333333333,0.98,3.989000328437902,6.134647776209431
h1_6,D6,Local level with structural break,48,SeasonalNaive,0.93,0.9833333333333333,4.686742825758956,7.136586347944078
h1_6,D6,Local level with structural break,48,Theta,0.8816666666666667,0.9766666666666667,3.731300904733836,5.863296882701223
h1_6,D6,Local level with structural break,48,TimesFM3,0.6183333333333334,0.8408333333333333,1.7439195344303642,3.010506061362754
h1_6,D6,Local level with structural break,96,AutoARIMA,0.8791666666666668,0.9783333333333333,3.230041614383107,4.918441601233976
h1_6,D6,Local level with structural break,96,AutoETS,0.8833333333333333,0.9791666666666667,3.251126882079794,4.950548511978019
h1_6,D6,Local level with structural break,96,Combination,0.8733333333333333,0.9725,3.19495897336107,4.899645790584337
h1_6,D6,Local level with structural break,96,SeasonalNaive,0.9058333333333333,0.9816666666666667,4.319673218484022,6.577642952623624
h1_6,D6,Local level with structural break,96,Theta,0.8533333333333333,0.9716666666666667,3.1037084236203105,4.829947258541018
h1_6,D6,Local level with structural break,96,TimesFM3,0.6208333333333333,0.8625,1.803813495294595,3.024205706200915
h1_6,D6,Local level with structural break,200,AutoARIMA,0.81,0.9466666666666668,2.6122048745814266,3.9776506497242927
h1_6,D6,Local level with structural break,200,AutoETS,0.8208333333333333,0.9525,2.6460285088598035,4.029154496980906
h1_6,D6,Local level with structural break,200,Combination,0.8058333333333333,0.9483333333333333,2.60647206417656,3.973657885016282
h1_6,D6,Local level with structural break,200,SeasonalNaive,0.9025,0.975,4.074116004382501,6.203728631538103
h1_6,D6,Local level with structural break,200,Theta,0.7941666666666667,0.9441666666666667,2.5611828090884505,3.9141685083436464
h1_6,D6,Local level with structural break,200,TimesFM3,0.6083333333333334,0.8191666666666667,1.7432145503425402,2.7543932327302754
h1_6,D7,Logistic growth,24,AutoARIMA,0.5616666666666666,0.7566666666666667,1.846383977170986,2.811521599205164
h1_6,D7,Logistic growth,24,AutoETS,0.5508333333333334,0.7533333333333333,2.1434661461317366,3.2638938820559042
h1_6,D7,Logistic growth,24,Combination,0.48,0.6891666666666667,2.117114903462506,3.2642891901694338
h1_6,D7,Logistic growth,24,SeasonalNaive,0.22166666666666665,0.47,3.747218492930511,5.70595599836031
h1_6,D7,Logistic growth,24,Theta,0.2583333333333333,0.495,2.3614945870847954,3.7174520892472334
h1_6,D7,Logistic growth,24,TimesFM3,0.5,0.7008333333333333,1.6922289748825292,2.6660470769262643
h1_6,D7,Logistic growth,48,AutoARIMA,0.675,0.855,2.2235531435508538,3.3858437721347463
h1_6,D7,Logistic growth,48,AutoETS,0.5133333333333333,0.7183333333333333,1.827679680897538,2.7830402358371256
h1_6,D7,Logistic growth,48,Combination,0.6708333333333333,0.8583333333333333,2.176322517289408,3.356299387100553
h1_6,D7,Logistic growth,48,SeasonalNaive,0.31416666666666665,0.6508333333333333,3.775918672831872,5.749658270851532
h1_6,D7,Logistic growth,48,Theta,0.3725,0.6941666666666667,2.477734727419833,3.9000141533297863
h1_6,D7,Logistic growth,48,TimesFM3,0.705,0.88,1.9431549899907503,3.1213696786315075
h1_6,D7,Logistic growth,96,AutoARIMA,0.6141666666666666,0.8066666666666668,2.054590098944096,3.1285607501561743
h1_6,D7,Logistic growth,96,AutoETS,0.5791666666666666,0.7791666666666667,1.9278773344005977,2.935612978287565
h1_6,D7,Logistic growth,96,Combination,0.7033333333333333,0.885,2.2093477275835074,3.40599280449882
h1_6,D7,Logistic growth,96,SeasonalNaive,0.7975,0.9608333333333333,3.8096603073422073,5.801037255608346
h1_6,D7,Logistic growth,96,Theta,0.8125,0.9558333333333333,2.6455757494058276,4.153804685052719
h1_6,D7,Logistic growth,96,TimesFM3,0.725,0.8991666666666667,2.1735526578999074,3.396676165305639
h1_6,D7,Logistic growth,200,AutoARIMA,0.6366666666666666,0.83,1.9637262696841415,2.9902007872722494
h1_6,D7,Logistic growth,200,AutoETS,0.6416666666666667,0.8266666666666667,1.9242908630570787,2.930151794821987
h1_6,D7,Logistic growth,200,Combination,0.7025,0.8691666666666668,2.1858307221878883,3.357616734790041
h1_6,D7,Logistic growth,200,SeasonalNaive,0.8625,0.96,3.812904497959055,5.805977242146347
h1_6,D7,Logistic growth,200,Theta,0.7183333333333333,0.9041666666666667,2.669475033822444,4.152497622275888
h1_6,D7,Logistic growth,200,TimesFM3,0.6191666666666666,0.8325,1.8458893720970286,2.9234652713179967
h1_6,D8,Intermittent demand,24,AutoARIMA,0.7233333333333333,0.8266666666666667,1.901877538421268,2.896022628244117
h1_6,D8,Intermittent demand,24,AutoETS,0.7425,0.8466666666666667,2.0333009724463946,3.096143420003533
h1_6,D8,Intermittent demand,24,Combination,0.7233333333333333,0.8325,1.976276618299909,2.9581094489644055
h1_6,D8,Intermittent demand,24,SeasonalNaive,0.8141666666666667,0.935,4.736565391793134,7.212452052079759
h1_6,D8,Intermittent demand,24,Theta,0.6841666666666667,0.8233333333333333,1.9936513440320647,2.8821622986455666
h1_6,D8,Intermittent demand,24,TimesFM3,0.6266666666666666,0.8675,1.6763731749955642,2.967760207582353
h1_6,D8,Intermittent demand,48,AutoARIMA,0.7691666666666667,0.8416666666666667,1.9309892326570435,2.9403515209042155
h1_6,D8,Intermittent demand,48,AutoETS,0.7825,0.845,2.0072296909781118,3.0564442177393625
h1_6,D8,Intermittent demand,48,Combination,0.7741666666666667,0.8325,1.9831799083039714,2.9756271481802314
h1_6,D8,Intermittent demand,48,SeasonalNaive,0.8083333333333332,0.9216666666666667,4.845797011809858,7.378780975418738
h1_6,D8,Intermittent demand,48,Theta,0.7083333333333333,0.8333333333333333,2.0113208012767596,2.9300857058971155
h1_6,D8,Intermittent demand,48,TimesFM3,0.5775,0.7741666666666667,1.744055657169286,2.7594563202665547
h1_6,D8,Intermittent demand,96,AutoARIMA,0.7358333333333333,0.825,1.867986182906231,2.844415660660448
h1_6,D8,Intermittent demand,96,AutoETS,0.7425,0.8308333333333333,1.8999038115311613,2.89301719933492
h1_6,D8,Intermittent demand,96,Combination,0.7491666666666668,0.8258333333333333,1.9009484203942342,2.8572800435887853
h1_6,D8,Intermittent demand,96,SeasonalNaive,0.8283333333333333,0.935,4.759292303352652,7.24705872302299
h1_6,D8,Intermittent demand,96,Theta,0.705,0.8183333333333332,1.9349552667453103,2.8344072707709875
h1_6,D8,Intermittent demand,96,TimesFM3,0.6,0.8133333333333332,1.7564305450430202,2.597888429732267
h1_6,D8,Intermittent demand,200,AutoARIMA,0.7266666666666667,0.835,1.8729885071998658,2.8520327885015013
h1_6,D8,Intermittent demand,200,AutoETS,0.7408333333333332,0.8333333333333333,1.8893053537926403,2.8768787399361493
h1_6,D8,Intermittent demand,200,Combination,0.75,0.8316666666666667,1.898710741738992,2.8533906214111364
h1_6,D8,Intermittent demand,200,SeasonalNaive,0.8141666666666667,0.9291666666666667,4.7584921670293365,7.245840341265391
h1_6,D8,Intermittent demand,200,Theta,0.6975,0.8225,1.9338383642244694,2.8312603357957586
h1_6,D8,Intermittent demand,200,TimesFM3,0.6125,0.8275,1.835893740617833,2.5761601716213702
h1_6,D9,"AR(1) with GARCH(1,1) errors",24,AutoARIMA,0.505,0.6916666666666668,2.322509584412299,3.5365264981020204
h1_6,D9,"AR(1) with GARCH(1,1) errors",24,AutoETS,0.5541666666666667,0.725,2.6897534046774587,4.095735170629672
h1_6,D9,"AR(1) with GARCH(1,1) errors",24,Combination,0.5525,0.7241666666666667,2.522407929637423,3.852472281269406
h1_6,D9,"AR(1) with GARCH(1,1) errors",24,SeasonalNaive,0.6775,0.8616666666666667,3.7659172436104673,5.734428917354873
h1_6,D9,"AR(1) with GARCH(1,1) errors",24,Theta,0.5241666666666667,0.7058333333333333,2.5549607998225117,3.9251551750765254
h1_6,D9,"AR(1) with GARCH(1,1) errors",24,TimesFM3,0.5525,0.7675,2.4706299745319624,3.927999286155517
h1_6,D9,"AR(1) with GARCH(1,1) errors",48,AutoARIMA,0.58,0.765,2.316714749345747,3.5277026000640803
h1_6,D9,"AR(1) with GARCH(1,1) errors",48,AutoETS,0.5875,0.7891666666666667,2.824988911138811,4.30166067263609
h1_6,D9,"AR(1) with GARCH(1,1) errors",48,Combination,0.5866666666666667,0.7941666666666667,2.6143846669190474,4.003229395001854
h1_6,D9,"AR(1) with GARCH(1,1) errors",48,SeasonalNaive,0.6983333333333333,0.87,3.828615809686761,5.829901134912125
h1_6,D9,"AR(1) with GARCH(1,1) errors",48,Theta,0.5558333333333334,0.7641666666666667,2.701450340272586,4.180324912305392
h1_6,D9,"AR(1) with GARCH(1,1) errors",48,TimesFM3,0.5866666666666667,0.805,2.414739108552072,3.7713290892098685
h1_6,D9,"AR(1) with GARCH(1,1) errors",96,AutoARIMA,0.605,0.7816666666666667,2.2574909014865003,3.437521397506509
h1_6,D9,"AR(1) with GARCH(1,1) errors",96,AutoETS,0.6466666666666667,0.8225,2.921886205855368,4.449207900281319
h1_6,D9,"AR(1) with GARCH(1,1) errors",96,Combination,0.6483333333333333,0.8308333333333333,2.666564530425926,4.090552868421496
h1_6,D9,"AR(1) with GARCH(1,1) errors",96,SeasonalNaive,0.7358333333333333,0.8966666666666667,3.847816499733378,5.859138365874463
h1_6,D9,"AR(1) with GARCH(1,1) errors",96,Theta,0.6175,0.8241666666666667,2.8203164839359096,4.384929307476662
h1_6,D9,"AR(1) with GARCH(1,1) errors",96,TimesFM3,0.6208333333333333,0.8241666666666667,2.3463975620707007,3.643768575289349
h1_6,D9,"AR(1) with GARCH(1,1) errors",200,AutoARIMA,0.5675,0.7683333333333333,2.2657680784907477,3.450125201599058
h1_6,D9,"AR(1) with GARCH(1,1) errors",200,AutoETS,0.6008333333333333,0.7983333333333333,2.9579411832255964,4.504109453202379
h1_6,D9,"AR(1) with GARCH(1,1) errors",200,Combination,0.6075,0.7975,2.7010023570524084,4.147377849495895
h1_6,D9,"AR(1) with GARCH(1,1) errors",200,SeasonalNaive,0.6883333333333332,0.8825,3.867724867870871,5.889453190805543
h1_6,D9,"AR(1) with GARCH(1,1) errors",200,Theta,0.5825,0.7933333333333333,2.8792978094408808,4.4878988936862445
h1_6,D9,"AR(1) with GARCH(1,1) errors",200,TimesFM3,0.5816666666666667,0.7758333333333333,2.2891616175646203,3.5457592083705305
