horizon_slice,dgp,dgp_label,correct_model,n,method,mean_MASE,median_MASE,mean_RMSSE,mean_sMAPE,mean_SPL,n_series,n_missing
h1,D1,AR(1),ARIMA,24,AutoARIMA,1.047757919499656,0.8593756226459441,0.8384943453433001,1.7417969004770102,0.4056626345534193,200,0
h1,D1,AR(1),ARIMA,24,AutoETS,0.9985432557207173,0.8141956973471668,0.8025215272517988,1.66490557805555,0.3884441420130084,200,0
h1,D1,AR(1),ARIMA,24,Combination,0.9772360885341728,0.8136719397524713,0.783447609342208,1.6259724974523218,0.3803774443344075,200,0
h1,D1,AR(1),ARIMA,24,SeasonalNaive,0.9689547344462852,0.7952958065973325,0.7752123185009318,1.6321035618671627,0.38306090041708446,200,0
h1,D1,AR(1),ARIMA,24,Theta,0.9798086902049612,0.8171111305643521,0.7861687700058069,1.6372786016587053,0.3806405949228969,200,0
h1,D1,AR(1),ARIMA,24,TimesFM3,0.957682406460194,0.7769922401949136,0.7692514392400166,1.5987728170392739,0.37209497139639114,200,0
h1,D1,AR(1),ARIMA,48,AutoARIMA,1.043614448924067,0.881030955032581,0.8359013780551459,1.820400737387156,0.40035959435361707,200,0
h1,D1,AR(1),ARIMA,48,AutoETS,1.014319367708776,0.8166813768789563,0.81405153538701,1.7903798243741205,0.39540740067380287,200,0
h1,D1,AR(1),ARIMA,48,Combination,1.008599279880918,0.8414808764914408,0.8091118723695788,1.7739702579240575,0.3913899110660602,200,0
h1,D1,AR(1),ARIMA,48,SeasonalNaive,0.9915362229335333,0.8167647734954739,0.7963031035844417,1.7423403059180191,0.38782206840707056,200,0
h1,D1,AR(1),ARIMA,48,Theta,1.0216249264694282,0.8217548026669297,0.819659543027207,1.8019831121740861,0.4005978948321035,200,0
h1,D1,AR(1),ARIMA,48,TimesFM3,1.0179623882934863,0.8626673354132163,0.8170106219670966,1.7822701445070084,0.38666544449649254,200,0
h1,D1,AR(1),ARIMA,96,AutoARIMA,0.9011257650200961,0.812283799582993,0.7206252567113384,1.55149719216644,0.3436407926443828,200,0
h1,D1,AR(1),ARIMA,96,AutoETS,0.8906943351781783,0.824292511262232,0.7136481501361652,1.5351431530637698,0.3503311659496226,200,0
h1,D1,AR(1),ARIMA,96,Combination,0.8804289627199153,0.7829325427135115,0.7049717240758144,1.5168942209888931,0.34196794187978585,200,0
h1,D1,AR(1),ARIMA,96,SeasonalNaive,0.9164781592858663,0.8407794657705763,0.7343895224543747,1.5844354139048482,0.35251544727872747,200,0
h1,D1,AR(1),ARIMA,96,Theta,0.8950548720758893,0.8274283952628236,0.7171755175216034,1.5427234034906774,0.35117665287980077,200,0
h1,D1,AR(1),ARIMA,96,TimesFM3,0.8976859736591648,0.8117896347650002,0.7187112104893641,1.54693727135563,0.342619276850246,200,0
h1,D1,AR(1),ARIMA,200,AutoARIMA,0.9436631731618781,0.7792492066113118,0.752272908869971,1.6290624520234218,0.36473743147129845,200,0
h1,D1,AR(1),ARIMA,200,AutoETS,0.99073166969556,0.8837831685169147,0.790290861310383,1.7081339159935134,0.37926758444234765,200,0
h1,D1,AR(1),ARIMA,200,Combination,0.9624680708694742,0.7896675896151737,0.7676087203596282,1.6606346491557182,0.37013499978975534,200,0
h1,D1,AR(1),ARIMA,200,SeasonalNaive,1.0244598350914942,0.9168391844592787,0.8168042376567519,1.7665844761533795,0.3892772767503341,200,0
h1,D1,AR(1),ARIMA,200,Theta,0.9896598684670214,0.8925363948639311,0.7894497926920458,1.7062749728329638,0.38193350022988626,200,0
h1,D1,AR(1),ARIMA,200,TimesFM3,0.9526696111397867,0.7576032899736983,0.7595066342321997,1.6460979042829529,0.36774040825948506,200,0
h1,D2,"ARMA(1,1)",ARIMA,24,AutoARIMA,1.0562017798545003,0.9243224788123672,0.8509649679062086,1.8128581422218215,0.40736167352320135,200,0
h1,D2,"ARMA(1,1)",ARIMA,24,AutoETS,1.1493586735636763,0.9273160322137314,0.9286930551248886,1.971625283442146,0.4468449641382486,200,0
h1,D2,"ARMA(1,1)",ARIMA,24,Combination,1.0606616740174288,0.8742995946830977,0.8552368582118803,1.8184315114670537,0.41189674126240894,200,0
h1,D2,"ARMA(1,1)",ARIMA,24,SeasonalNaive,1.0542645334630971,0.8429055111993662,0.8529322583333699,1.825952105152666,0.41246219305770365,200,0
h1,D2,"ARMA(1,1)",ARIMA,24,Theta,1.1444519526983001,0.9326736068669501,0.9241251264248931,1.980744043189704,0.4486316157073093,200,0
h1,D2,"ARMA(1,1)",ARIMA,24,TimesFM3,1.084601788546081,0.910792129963071,0.8742577620938148,1.8573566634892356,0.42455789221733653,200,0
h1,D2,"ARMA(1,1)",ARIMA,48,AutoARIMA,1.0941758400573491,0.9072296040778058,0.8729782947577537,1.9064348832406695,0.42568534085445797,200,0
h1,D2,"ARMA(1,1)",ARIMA,48,AutoETS,1.1446056516306413,0.8946075861337301,0.9118301082095048,1.9922624337288888,0.4385709172442349,200,0
h1,D2,"ARMA(1,1)",ARIMA,48,Combination,1.1039948560923585,0.9283117974397799,0.8796551435288229,1.9188931336278297,0.42489575075562436,200,0
h1,D2,"ARMA(1,1)",ARIMA,48,SeasonalNaive,1.1337366047023985,0.8889685907571887,0.9029185563163913,1.9749867552955735,0.43561567961851444,200,0
h1,D2,"ARMA(1,1)",ARIMA,48,Theta,1.154091034006734,0.9317409466910922,0.9193066812353677,2.0092495574475104,0.4437500420220525,200,0
h1,D2,"ARMA(1,1)",ARIMA,48,TimesFM3,1.0994879828218358,0.9467496518797803,0.8764776474667921,1.9181894935908101,0.4211275642249728,200,0
h1,D2,"ARMA(1,1)",ARIMA,96,AutoARIMA,0.9471218113496779,0.8150692297594764,0.7570869446380817,1.6785110393584726,0.3610260876326671,200,0
h1,D2,"ARMA(1,1)",ARIMA,96,AutoETS,1.0069298083724088,0.892589607901433,0.8050272706542226,1.7827289277839105,0.38653857781038314,200,0
h1,D2,"ARMA(1,1)",ARIMA,96,Combination,0.9646303544675312,0.8662385700293758,0.7709080142293804,1.7068153479351877,0.3687647593549483,200,0
h1,D2,"ARMA(1,1)",ARIMA,96,SeasonalNaive,1.005673865654505,0.8967959079569136,0.8040827852379967,1.7812138516753637,0.38560807074851505,200,0
h1,D2,"ARMA(1,1)",ARIMA,96,Theta,1.0098562788014256,0.9098836042429662,0.8073899692989496,1.788124597641172,0.3879885668422097,200,0
h1,D2,"ARMA(1,1)",ARIMA,96,TimesFM3,0.9571714768338373,0.8469298935382328,0.7655558754436547,1.6953009230796272,0.3672237827976143,200,0
h1,D2,"ARMA(1,1)",ARIMA,200,AutoARIMA,0.8609273229287214,0.7210964209343282,0.6883036996497391,1.5379284136303424,0.32996055402492547,200,0
h1,D2,"ARMA(1,1)",ARIMA,200,AutoETS,0.9511742535702566,0.8463249755064972,0.7601758516126149,1.6956789231208687,0.3684617430147028,200,0
h1,D2,"ARMA(1,1)",ARIMA,200,Combination,0.9021455169696101,0.8110858490645618,0.7211294655135702,1.6091461220545966,0.34715373495090285,200,0
h1,D2,"ARMA(1,1)",ARIMA,200,SeasonalNaive,0.9517301015862506,0.8462705023701099,0.7606219496078994,1.6964359983460944,0.368838794652637,200,0
h1,D2,"ARMA(1,1)",ARIMA,200,Theta,0.9518406859801732,0.8478786093412245,0.7607098891971137,1.6967407853154148,0.3694116970475287,200,0
h1,D2,"ARMA(1,1)",ARIMA,200,TimesFM3,0.8805989234934627,0.7428234565051562,0.7040147887470328,1.5714892869600705,0.33633186910380675,200,0
h1,D3,"ARIMA(1,1,1) with drift",ARIMA,24,AutoARIMA,0.8970004331184781,0.6567773425935224,0.726821090344076,1.9202568728477922,0.359970431699762,200,0
h1,D3,"ARIMA(1,1,1) with drift",ARIMA,24,AutoETS,1.03646535315479,0.8575798321161109,0.8417146889078816,2.182762806486142,0.3976795487660569,200,0
h1,D3,"ARIMA(1,1,1) with drift",ARIMA,24,Combination,0.9319742883761575,0.731432781644928,0.756662584052673,1.959951706111233,0.360317017962126,200,0
h1,D3,"ARIMA(1,1,1) with drift",ARIMA,24,SeasonalNaive,1.0213978400513646,0.8547159856983462,0.8294106805732432,2.15040219360553,0.3894546809897903,200,0
h1,D3,"ARIMA(1,1,1) with drift",ARIMA,24,Theta,1.0327008050275162,0.8594556594681904,0.8384040030266585,2.1780335935864246,0.39838324951740184,200,0
h1,D3,"ARIMA(1,1,1) with drift",ARIMA,24,TimesFM3,0.9256430839733247,0.7745464289487858,0.7516018249193286,1.932789613440555,0.3644902189830054,200,0
h1,D3,"ARIMA(1,1,1) with drift",ARIMA,48,AutoARIMA,0.7930663435737298,0.6696099685655312,0.6414842237938538,1.7976403466086628,0.31160401653262615,200,0
h1,D3,"ARIMA(1,1,1) with drift",ARIMA,48,AutoETS,0.8959065544586211,0.7570988433210053,0.7250118490514051,2.0089607694550806,0.3470643573859695,200,0
h1,D3,"ARIMA(1,1,1) with drift",ARIMA,48,Combination,0.7940935581652675,0.6340847374048771,0.6429232725241951,1.7676151591796856,0.30961443393143173,200,0
h1,D3,"ARIMA(1,1,1) with drift",ARIMA,48,SeasonalNaive,0.8828113810321754,0.7641411349378919,0.7150533603747483,1.896916923128239,0.34425152583134916,200,0
h1,D3,"ARIMA(1,1,1) with drift",ARIMA,48,Theta,0.8889528742700269,0.7937877706194908,0.7197705582477834,1.9413514726577978,0.34357589695218266,200,0
h1,D3,"ARIMA(1,1,1) with drift",ARIMA,48,TimesFM3,0.7892673260418348,0.6532915015478161,0.6389829706241144,1.7497079945781173,0.3063870022660004,200,0
h1,D3,"ARIMA(1,1,1) with drift",ARIMA,96,AutoARIMA,0.7327795089076647,0.564296039737503,0.5894677774411696,1.5863279168276996,0.2921219207614629,200,0
h1,D3,"ARIMA(1,1,1) with drift",ARIMA,96,AutoETS,0.9279638899560125,0.7407190680611591,0.7465082846722499,1.9944480496033359,0.35649393276215585,200,0
h1,D3,"ARIMA(1,1,1) with drift",ARIMA,96,Combination,0.8578288947996162,0.6856497236346203,0.6901586430750192,1.8434881483428922,0.3327380864570509,200,0
h1,D3,"ARIMA(1,1,1) with drift",ARIMA,96,SeasonalNaive,1.0564237361970448,0.8716547277087214,0.8500927798126433,2.2221567898004575,0.4063663801835261,200,0
h1,D3,"ARIMA(1,1,1) with drift",ARIMA,96,Theta,1.0644352114811235,0.8708239370817201,0.8562853137810268,2.2328932856292245,0.40788054835413845,200,0
h1,D3,"ARIMA(1,1,1) with drift",ARIMA,96,TimesFM3,0.7261809233750541,0.5467297504715254,0.5834375123286268,1.5602981828456337,0.29164946902547084,200,0
h1,D3,"ARIMA(1,1,1) with drift",ARIMA,200,AutoARIMA,0.6996828397950112,0.60811474863784,0.5595659860362552,1.3389331576978907,0.2664535178451222,200,0
h1,D3,"ARIMA(1,1,1) with drift",ARIMA,200,AutoETS,0.936702660852828,0.7414027306597375,0.7495821041047985,1.8658847301963006,0.3656789677492707,200,0
h1,D3,"ARIMA(1,1,1) with drift",ARIMA,200,Combination,0.8456538488813515,0.7139190381051614,0.6766821348728077,1.6800419986234891,0.32663357975020896,200,0
h1,D3,"ARIMA(1,1,1) with drift",ARIMA,200,SeasonalNaive,1.0567006696997294,0.8906202698901011,0.8455422547054177,2.0875727114328133,0.408069579662769,200,0
h1,D3,"ARIMA(1,1,1) with drift",ARIMA,200,Theta,1.0572024421915323,0.9229740741879504,0.8459246180867999,2.1231785459863928,0.40545283233327284,200,0
h1,D3,"ARIMA(1,1,1) with drift",ARIMA,200,TimesFM3,0.7083010128872455,0.6507927373588769,0.5668716141373135,1.3228112704895605,0.275435964883361,200,0
h1,D4,"SARIMA(1,0,0)(1,1,0)[12]",ARIMA,24,AutoARIMA,1.9441368662353267,1.6156365284719199,1.5953785032639933,4.16908750680329,0.7633138197126638,200,0
h1,D4,"SARIMA(1,0,0)(1,1,0)[12]",ARIMA,24,AutoETS,2.6212389468502058,2.316618287136887,2.1516792356314003,5.845161148193512,1.0180187673394072,200,0
h1,D4,"SARIMA(1,0,0)(1,1,0)[12]",ARIMA,24,Combination,2.3256598483530846,2.0938178495890574,1.9090933855223682,5.091193393458016,0.8963427936466715,200,0
h1,D4,"SARIMA(1,0,0)(1,1,0)[12]",ARIMA,24,SeasonalNaive,0.9369214864247052,0.8018421576336587,0.7760180896272708,2.1571958551019796,0.3634439600969464,200,0
h1,D4,"SARIMA(1,0,0)(1,1,0)[12]",ARIMA,24,Theta,2.973360638185156,2.7338136900302903,2.441947884778198,6.398818319845795,1.1191165964899594,200,0
h1,D4,"SARIMA(1,0,0)(1,1,0)[12]",ARIMA,24,TimesFM3,1.334384794291159,1.0602622913226432,1.0988256925969329,2.900465823865316,0.5114566960349118,200,0
h1,D4,"SARIMA(1,0,0)(1,1,0)[12]",ARIMA,48,AutoARIMA,0.8450759883548328,0.6486945623171806,0.6828001953746867,1.865496959191885,0.3275552585197956,200,0
h1,D4,"SARIMA(1,0,0)(1,1,0)[12]",ARIMA,48,AutoETS,1.6021685253187428,1.485836748477058,1.297435808965253,3.611153252535006,0.6290106965592457,200,0
h1,D4,"SARIMA(1,0,0)(1,1,0)[12]",ARIMA,48,Combination,1.1361261656241706,0.9111500480114142,0.9182455333196238,2.5415584730410976,0.4459119924767739,200,0
h1,D4,"SARIMA(1,0,0)(1,1,0)[12]",ARIMA,48,SeasonalNaive,0.9735627801971215,0.8095801568754523,0.7859800023102252,2.155661961413719,0.3733860127117192,200,0
h1,D4,"SARIMA(1,0,0)(1,1,0)[12]",ARIMA,48,Theta,1.4761457433398832,1.1209138313616036,1.1945192008129724,3.3228861219613055,0.6025769781174433,200,0
h1,D4,"SARIMA(1,0,0)(1,1,0)[12]",ARIMA,48,TimesFM3,1.1544011054381478,0.938245395188315,0.9315563780195562,2.5772555188196637,0.45156869020172763,200,0
h1,D4,"SARIMA(1,0,0)(1,1,0)[12]",ARIMA,96,AutoARIMA,0.7444071067865616,0.6122156239297459,0.5973741666026379,1.7033242166852287,0.28592085568519027,200,0
h1,D4,"SARIMA(1,0,0)(1,1,0)[12]",ARIMA,96,AutoETS,2.453631363679775,2.025469473564807,1.9764082659525724,5.711643673375485,0.9788346469880748,200,0
h1,D4,"SARIMA(1,0,0)(1,1,0)[12]",ARIMA,96,Combination,1.6965857491638803,1.465269910575166,1.3659118070773837,3.933125198108396,0.6649723410079337,200,0
h1,D4,"SARIMA(1,0,0)(1,1,0)[12]",ARIMA,96,SeasonalNaive,0.9690419837074928,0.7458245556901673,0.7769059262806947,2.2163218338096464,0.38507018586565667,200,0
h1,D4,"SARIMA(1,0,0)(1,1,0)[12]",ARIMA,96,Theta,2.555691884371473,2.3685711071276745,2.061068373354388,5.944416431143867,1.043945212087156,200,0
h1,D4,"SARIMA(1,0,0)(1,1,0)[12]",ARIMA,96,TimesFM3,1.2655587374455124,1.1677781985879894,1.016411855919965,2.907646637464544,0.48877713177990456,200,0
h1,D4,"SARIMA(1,0,0)(1,1,0)[12]",ARIMA,200,AutoARIMA,0.7799242182778541,0.6824938174128271,0.6246462321036765,2.124021052235161,0.297936542891436,200,0
h1,D4,"SARIMA(1,0,0)(1,1,0)[12]",ARIMA,200,AutoETS,1.025981890673805,0.9106783271594225,0.8217664020741315,2.7713429198225157,0.39997318543851695,200,0
h1,D4,"SARIMA(1,0,0)(1,1,0)[12]",ARIMA,200,Combination,1.3377607846368975,1.106455480161503,1.0713653678345445,3.7075046537843694,0.5209204237305686,200,0
h1,D4,"SARIMA(1,0,0)(1,1,0)[12]",ARIMA,200,SeasonalNaive,1.0798095963416552,0.9217287730558228,0.8646157756523186,2.9225910761088034,0.4172886436596649,200,0
h1,D4,"SARIMA(1,0,0)(1,1,0)[12]",ARIMA,200,Theta,3.1003967715564738,2.7216134042314337,2.482297191172474,8.504343315957007,1.2436598633130294,200,0
h1,D4,"SARIMA(1,0,0)(1,1,0)[12]",ARIMA,200,TimesFM3,1.167632610186941,1.0429278603032113,0.9341060084839805,3.160441761829843,0.4500525043411658,200,0
h1,D5,"ETS(A,A,A)",ETS,24,AutoARIMA,1.1141719084579162,0.9387006698962095,0.9306666106953666,3.0014867915882957,0.43668551954222873,200,0
h1,D5,"ETS(A,A,A)",ETS,24,AutoETS,2.0782430318345226,1.8774904614896224,1.740551921183747,5.454078296501475,0.7749228303033925,200,0
h1,D5,"ETS(A,A,A)",ETS,24,Combination,1.6595811236689735,1.4311741315070718,1.3940357724217014,4.4437143677944,0.6224834639405972,200,0
h1,D5,"ETS(A,A,A)",ETS,24,SeasonalNaive,1.1178042459555102,1.0103951821333186,0.9445455361498035,3.192037028490217,0.4206246540675928,200,0
h1,D5,"ETS(A,A,A)",ETS,24,Theta,2.139117352660755,2.006714535920957,1.7903099208725866,5.591267964152958,0.7786036481894877,200,0
h1,D5,"ETS(A,A,A)",ETS,24,TimesFM3,0.9751667112827647,0.7824119542418438,0.8169115036603647,2.560750483153451,0.37950314716149,200,0
h1,D5,"ETS(A,A,A)",ETS,48,AutoARIMA,0.6001063075292992,0.4715341350310382,0.4996461880357508,1.6613230768667275,0.22894643089306282,200,0
h1,D5,"ETS(A,A,A)",ETS,48,AutoETS,0.5647054443335118,0.4325950270678608,0.4697334782389875,1.5515880070194177,0.21740366520728796,200,0
h1,D5,"ETS(A,A,A)",ETS,48,Combination,0.5592204898759198,0.44158924374887004,0.4645926227419435,1.5423260629823579,0.21336592320981576,200,0
h1,D5,"ETS(A,A,A)",ETS,48,SeasonalNaive,1.1130930327933293,1.0204400901073167,0.9304652789486316,3.2751579372343604,0.4155910649942864,200,0
h1,D5,"ETS(A,A,A)",ETS,48,Theta,0.6790719919699683,0.5233721884835227,0.567417150177718,2.0012280278510444,0.25917112033497947,200,0
h1,D5,"ETS(A,A,A)",ETS,48,TimesFM3,0.6498226804204696,0.5194470056366669,0.5387808059902133,1.763983851796827,0.24564213320928074,200,0
h1,D5,"ETS(A,A,A)",ETS,96,AutoARIMA,0.5837335691371726,0.4603742492469033,0.4807899823166933,1.5482968487467819,0.22706675893525982,200,0
h1,D5,"ETS(A,A,A)",ETS,96,AutoETS,0.6019789806600517,0.46320489751107025,0.4968147136566112,1.612837660371434,0.23415956144437583,200,0
h1,D5,"ETS(A,A,A)",ETS,96,Combination,0.5689774967406814,0.4235045664499453,0.4687389261679333,1.512788339184953,0.22133195652241192,200,0
h1,D5,"ETS(A,A,A)",ETS,96,SeasonalNaive,1.0527120732391417,0.9727338131672976,0.8784443065210132,3.0069414031537525,0.39104753228836336,200,0
h1,D5,"ETS(A,A,A)",ETS,96,Theta,0.5798913712894391,0.45280354458354244,0.4778956527993465,1.5476691583218585,0.22807746038713866,200,0
h1,D5,"ETS(A,A,A)",ETS,96,TimesFM3,0.585704936510457,0.45070997950586844,0.4816009219264097,1.545004185815921,0.228982275232026,200,0
h1,D5,"ETS(A,A,A)",ETS,200,AutoARIMA,0.4881617844410631,0.4051648373282521,0.4022471476574556,1.3634533126373918,0.1893971702858755,200,0
h1,D5,"ETS(A,A,A)",ETS,200,AutoETS,0.5178155225422818,0.4219556479829246,0.42628886353535683,1.457315669035721,0.1981034252163963,200,0
h1,D5,"ETS(A,A,A)",ETS,200,Combination,0.5084053585832219,0.43898805850381173,0.41915085916443845,1.4527687196343726,0.19533115174591986,200,0
h1,D5,"ETS(A,A,A)",ETS,200,SeasonalNaive,1.0081342866101235,0.8930301197324559,0.8365414108254842,2.862421293722777,0.3790166323050231,200,0
h1,D5,"ETS(A,A,A)",ETS,200,Theta,0.6456811530504298,0.5143882401625776,0.5349999569283738,1.8820458809607725,0.2554234447291437,200,0
h1,D5,"ETS(A,A,A)",ETS,200,TimesFM3,0.4984698796976309,0.41117357458117115,0.4107960931160246,1.4101807963520674,0.1934863108761542,200,0
h1,D6,Local level with structural break,none,24,AutoARIMA,0.7502328928171855,0.6256014690694359,0.4560628583997711,1.886586460789029,0.3185720856427002,200,0
h1,D6,Local level with structural break,none,24,AutoETS,0.7148168786377745,0.5503354218219985,0.4334994212089358,1.7853165900710022,0.315722009230904,200,0
h1,D6,Local level with structural break,none,24,Combination,0.7166975119549605,0.5617532311339255,0.43519744564089435,1.7946788427212155,0.31235662704086226,200,0
h1,D6,Local level with structural break,none,24,SeasonalNaive,0.7481608695020896,0.6256014690694359,0.45473575527414206,1.8804445496498914,0.3183921127803086,200,0
h1,D6,Local level with structural break,none,24,Theta,0.7100664063504122,0.564323313728057,0.431178420789774,1.776428859541578,0.31243861559763747,200,0
h1,D6,Local level with structural break,none,24,TimesFM3,0.6680846974504423,0.5333354559105252,0.4035750888538137,1.6625565086525518,0.26725087837116485,200,0
h1,D6,Local level with structural break,none,48,AutoARIMA,0.823155252682789,0.6644907487262048,0.5349545764083969,1.8124737818369459,0.337996388317431,200,0
h1,D6,Local level with structural break,none,48,AutoETS,0.7784128289013539,0.6115025087540129,0.506331229174695,1.7155970016658688,0.3255992370817012,200,0
h1,D6,Local level with structural break,none,48,Combination,0.7892340149978064,0.6175363824440291,0.513378893681716,1.7382944903511748,0.32818155386082526,200,0
h1,D6,Local level with structural break,none,48,SeasonalNaive,0.8707241674759112,0.6997103692508436,0.5671381488339401,1.9312914508893047,0.35252469780250806,200,0
h1,D6,Local level with structural break,none,48,Theta,0.7777388582414314,0.6291246122290404,0.5059495417578401,1.712894052981479,0.3271688204062302,200,0
h1,D6,Local level with structural break,none,48,TimesFM3,0.7010504018593379,0.5054764153792644,0.45382004980814555,1.5356302324431608,0.27747152317403306,200,0
h1,D6,Local level with structural break,none,96,AutoARIMA,0.7725911276821701,0.6562923278219279,0.5444573822587293,1.5863619096838946,0.30710399794880633,200,0
h1,D6,Local level with structural break,none,96,AutoETS,0.7680456889572856,0.648005579616555,0.5416500836784075,1.578395576785944,0.30701386883423454,200,0
h1,D6,Local level with structural break,none,96,Combination,0.7678082093038329,0.6527045356183248,0.5414227404528094,1.577888264272061,0.30548490569027037,200,0
h1,D6,Local level with structural break,none,96,SeasonalNaive,0.8799904110714408,0.7737819942995203,0.6204543294894179,1.8160782172646166,0.34268277052024887,200,0
h1,D6,Local level with structural break,none,96,Theta,0.7683801926001892,0.6511310778707702,0.5419676474838173,1.579955652269174,0.30545628849900713,200,0
h1,D6,Local level with structural break,none,96,TimesFM3,0.7087669143587657,0.5973945484129992,0.4997857470332733,1.4577633362945794,0.27427463572752186,200,0
h1,D6,Local level with structural break,none,200,AutoARIMA,0.7344797518386359,0.5744491111057883,0.5465902553951127,1.4535758607799552,0.29645643615873635,200,0
h1,D6,Local level with structural break,none,200,AutoETS,0.73286043154313,0.5683144154151882,0.5455518694589582,1.4504174858108931,0.2961003273739745,200,0
h1,D6,Local level with structural break,none,200,Combination,0.7328689407882145,0.5672658801394914,0.5455041802822558,1.450548433744518,0.29581568624595744,200,0
h1,D6,Local level with structural break,none,200,SeasonalNaive,0.862789838458141,0.6709012466875182,0.642797473318576,1.7093479758247485,0.33945338451968154,200,0
h1,D6,Local level with structural break,none,200,Theta,0.7351779061302767,0.5474232418728295,0.547272174519151,1.4550323759699992,0.29695112531450696,200,0
h1,D6,Local level with structural break,none,200,TimesFM3,0.7476360402855987,0.6091281226778751,0.5568913238758992,1.47972154632627,0.29510516101816603,200,0
h1,D7,Logistic growth,none,24,AutoARIMA,0.7271421627512763,0.6127639064179893,0.589824694189346,2.5122282848500213,0.2842177365785774,200,0
h1,D7,Logistic growth,none,24,AutoETS,0.8146723421646287,0.7157745553079825,0.6593998386828942,2.807188247474416,0.32227087545483324,200,0
h1,D7,Logistic growth,none,24,Combination,0.7847532738731964,0.5914779423277121,0.6359268301044199,2.7103293840765206,0.3064900750891935,200,0
h1,D7,Logistic growth,none,24,SeasonalNaive,1.060566420030776,0.860076010746391,0.8559283164995348,3.6683989278244526,0.41776712748308903,200,0
h1,D7,Logistic growth,none,24,Theta,0.8938139740975596,0.7096011864859697,0.7228283343126073,3.0939418006228334,0.3485069103687833,200,0
h1,D7,Logistic growth,none,24,TimesFM3,0.7475756221069968,0.5797685347838496,0.6062117929390418,2.5781057914393077,0.2936175456643144,200,0
h1,D7,Logistic growth,none,48,AutoARIMA,0.755763370683517,0.6138778203096797,0.6086903149937536,2.021333046541407,0.2919039564502495,200,0
h1,D7,Logistic growth,none,48,AutoETS,0.7897222605232506,0.7343570181108005,0.6356522629265323,2.1132441996774856,0.3015639894663218,200,0
h1,D7,Logistic growth,none,48,Combination,0.7280340114992144,0.5974832852822635,0.5866387454185102,1.948400728458557,0.28285852061902395,200,0
h1,D7,Logistic growth,none,48,SeasonalNaive,1.085978147201971,0.8716722396969803,0.873101441420961,2.929904123131154,0.42157022551571816,200,0
h1,D7,Logistic growth,none,48,Theta,0.8970172858620079,0.7490213176168679,0.7215592750067175,2.4079494485764177,0.3450620480701923,200,0
h1,D7,Logistic growth,none,48,TimesFM3,0.6817456925679606,0.5556817895188804,0.5492979245430543,1.8202014083276927,0.2638699793618488,200,0
h1,D7,Logistic growth,none,96,AutoARIMA,0.7631825312833596,0.6346522445879479,0.6088945270654618,1.5350570232593355,0.29606904993699934,200,0
h1,D7,Logistic growth,none,96,AutoETS,0.7606039235759523,0.6016458641449579,0.6068059584809911,1.5280203485918107,0.29583194684605635,200,0
h1,D7,Logistic growth,none,96,Combination,0.7228004046787414,0.5939746515120193,0.5762774004718593,1.4506514032156403,0.28311149712494915,200,0
h1,D7,Logistic growth,none,96,SeasonalNaive,0.9088569131357273,0.8609676253992877,0.7245497220795822,1.8409080315958926,0.34015376781294515,200,0
h1,D7,Logistic growth,none,96,Theta,0.7534465666733604,0.6661853770735542,0.6001598688177964,1.5167451573905248,0.28969060876153646,200,0
h1,D7,Logistic growth,none,96,TimesFM3,0.7038527552689077,0.5973734260034054,0.5610788766110612,1.4149953009293095,0.27578077309536153,200,0
h1,D7,Logistic growth,none,200,AutoARIMA,0.7590159172340425,0.5795162836228615,0.6052584810877955,1.3610414334574483,0.3004631541379289,200,0
h1,D7,Logistic growth,none,200,AutoETS,0.7566610458831573,0.5741562236634166,0.6031649414602349,1.3552245664247016,0.29858357604656144,200,0
h1,D7,Logistic growth,none,200,Combination,0.7450772767003059,0.5537987544887837,0.5939577018361383,1.334574590695371,0.29660625576450056,200,0
h1,D7,Logistic growth,none,200,SeasonalNaive,0.8982575086346354,0.767920196944962,0.7159809330752114,1.613231850406797,0.345600813628076,200,0
h1,D7,Logistic growth,none,200,Theta,0.7998682575668054,0.6148860664605178,0.6377024445153284,1.4319812568259267,0.3171734983975536,200,0
h1,D7,Logistic growth,none,200,TimesFM3,0.7306801996803103,0.5955233201493648,0.582410628438354,1.308155953363555,0.29036764843011675,200,0
h1,D8,Intermittent demand,none,24,AutoARIMA,1.0359493259907637,0.6670615806842507,0.6533614723952083,164.6030752703143,0.4016014258900832,200,0
h1,D8,Intermittent demand,none,24,AutoETS,1.0319586002986634,0.6591692426528987,0.6477075636979843,165.30204985126966,0.3964273352845528,200,0
h1,D8,Intermittent demand,none,24,Combination,1.034553523428548,0.6644851943718629,0.6487411696790935,166.23917802036078,0.39916229892180594,200,0
h1,D8,Intermittent demand,none,24,SeasonalNaive,1.101843776545338,0.33108947804473904,0.6889315873495302,91.09629259629259,0.5159297767590076,200,0
h1,D8,Intermittent demand,none,24,Theta,1.0398654675524943,0.6863441998775022,0.6479938879177933,167.68428475141226,0.41144159754829607,200,0
h1,D8,Intermittent demand,none,24,TimesFM3,0.8696511281621837,0.19037480308163546,0.5397093088252204,189.18794651805217,0.363324635561901,200,0
h1,D8,Intermittent demand,none,48,AutoARIMA,1.0110293206696555,0.665768022694857,0.6154996951859152,172.12409407701017,0.38554432621357415,200,0
h1,D8,Intermittent demand,none,48,AutoETS,1.0222012189497387,0.65041559921787,0.619487769307437,171.0562429237176,0.38541262366190976,200,0
h1,D8,Intermittent demand,none,48,Combination,1.0072451072286726,0.6611838755742336,0.611205235772266,171.40061643094924,0.3824987622079395,200,0
h1,D8,Intermittent demand,none,48,SeasonalNaive,1.0396154462340739,0.0,0.6229026246008397,78.65547873179452,0.49797261293637624,200,0
h1,D8,Intermittent demand,none,48,Theta,1.0044814328515208,0.6964294528135528,0.6095345499008674,172.40921667568287,0.3887162011326001,200,0
h1,D8,Intermittent demand,none,48,TimesFM3,0.7699099604683574,0.06322835288353551,0.45546838064491996,193.88651977806575,0.33543973868326676,200,0
h1,D8,Intermittent demand,none,96,AutoARIMA,0.8984801579040113,0.6803436836785284,0.5704384951611675,171.67698275650127,0.32954544744575415,200,0
h1,D8,Intermittent demand,none,96,AutoETS,0.8722514729385505,0.665847662839473,0.5543290380042827,169.7726888418778,0.31790804654189003,200,0
h1,D8,Intermittent demand,none,96,Combination,0.8837436619418733,0.6789906438646498,0.5613358090847964,170.4438856756882,0.32336904326922356,200,0
h1,D8,Intermittent demand,none,96,SeasonalNaive,0.9558168237965988,0.0,0.6032542980962998,89.36583416583417,0.454268048923318,200,0
h1,D8,Intermittent demand,none,96,Theta,0.8898874719739603,0.7187041730640584,0.5652376062344291,172.05107802985572,0.33116773992865894,200,0
h1,D8,Intermittent demand,none,96,TimesFM3,0.6217837740011912,0.0495599881905585,0.39336570922734465,196.98414191668155,0.26929897573431205,200,0
h1,D8,Intermittent demand,none,200,AutoARIMA,0.9696303339313226,0.6678355358109325,0.6179616727701464,169.72998117554553,0.35578144219142266,200,0
h1,D8,Intermittent demand,none,200,AutoETS,0.9710396276685063,0.6693400268829937,0.6185587737730738,169.86646067287836,0.35534830290621217,200,0
h1,D8,Intermittent demand,none,200,Combination,0.9723209392887739,0.6978165212864733,0.619399895328153,169.9883839719921,0.35555664634618855,200,0
h1,D8,Intermittent demand,none,200,SeasonalNaive,1.0408601437446499,0.4289769427680757,0.6618359092031573,88.7049062049062,0.4839626945583746,200,0
h1,D8,Intermittent demand,none,200,Theta,0.9762928562664926,0.733540035282338,0.6216792394412392,171.10456800942103,0.36321170845237183,200,0
h1,D8,Intermittent demand,none,200,TimesFM3,0.7449826287793805,0.049371637187057796,0.4723095435025808,197.59479208389067,0.30439390140180383,200,0
h1,D9,"AR(1) with GARCH(1,1) errors",ARIMA (mean only),24,AutoARIMA,1.0948028526679603,0.8573817638156086,0.8768576838675796,1.3273520842364233,0.43223254999699756,200,0
h1,D9,"AR(1) with GARCH(1,1) errors",ARIMA (mean only),24,AutoETS,1.1082263411867403,0.8265020082342023,0.8883314300201129,1.3435109086219486,0.4415054353612563,200,0
h1,D9,"AR(1) with GARCH(1,1) errors",ARIMA (mean only),24,Combination,1.0691973271532627,0.8318918699792779,0.8564473954701388,1.3001782364294052,0.42493838820252633,200,0
h1,D9,"AR(1) with GARCH(1,1) errors",ARIMA (mean only),24,SeasonalNaive,1.106214246984072,0.8596151212876046,0.888665621048233,1.366815353013921,0.43096883976311345,200,0
h1,D9,"AR(1) with GARCH(1,1) errors",ARIMA (mean only),24,Theta,1.0973392958132784,0.8624378728126059,0.8802926374892263,1.3445340164075321,0.4335763254653117,200,0
h1,D9,"AR(1) with GARCH(1,1) errors",ARIMA (mean only),24,TimesFM3,1.0619936094884326,0.8267481830445864,0.8506562136146187,1.2727479050684176,0.4193927708847789,200,0
h1,D9,"AR(1) with GARCH(1,1) errors",ARIMA (mean only),48,AutoARIMA,1.0697895287895656,0.9380677999621192,0.8515271558220889,1.2683695736199265,0.42249146856684205,200,0
h1,D9,"AR(1) with GARCH(1,1) errors",ARIMA (mean only),48,AutoETS,1.173963375152057,1.0041817033701248,0.9346188301451699,1.4109847783748,0.4631166918211946,200,0
h1,D9,"AR(1) with GARCH(1,1) errors",ARIMA (mean only),48,Combination,1.1176694312505249,1.0022891201055153,0.8897168975451214,1.3381176809638742,0.44122372635256485,200,0
h1,D9,"AR(1) with GARCH(1,1) errors",ARIMA (mean only),48,SeasonalNaive,1.1359383970815253,0.8578308923411115,0.9050889565642651,1.3527866125531702,0.4491791197628364,200,0
h1,D9,"AR(1) with GARCH(1,1) errors",ARIMA (mean only),48,Theta,1.1629852532716753,0.9915078286187184,0.9265777899940403,1.3964998855696809,0.45923421758257177,200,0
h1,D9,"AR(1) with GARCH(1,1) errors",ARIMA (mean only),48,TimesFM3,1.0585102906592383,0.9446083667114624,0.841985542836146,1.2628145169166916,0.41605873045010405,200,0
h1,D9,"AR(1) with GARCH(1,1) errors",ARIMA (mean only),96,AutoARIMA,0.9053080938748933,0.6956277574243719,0.7150869824274041,1.1216690287326017,0.3589238979013329,200,0
h1,D9,"AR(1) with GARCH(1,1) errors",ARIMA (mean only),96,AutoETS,0.9271462191995485,0.7848161770811891,0.7318989398841056,1.1444303479980376,0.36586068031655905,200,0
h1,D9,"AR(1) with GARCH(1,1) errors",ARIMA (mean only),96,Combination,0.9048397953076805,0.7393183602976146,0.7144038825954598,1.1183325817196517,0.3566038401333549,200,0
h1,D9,"AR(1) with GARCH(1,1) errors",ARIMA (mean only),96,SeasonalNaive,0.9777423766071042,0.8589469012562639,0.7713817122414995,1.2082737691830827,0.3806542543294064,200,0
h1,D9,"AR(1) with GARCH(1,1) errors",ARIMA (mean only),96,Theta,0.9278455407837563,0.7961015486410545,0.7323503948430785,1.1466876384280678,0.36750035013369564,200,0
h1,D9,"AR(1) with GARCH(1,1) errors",ARIMA (mean only),96,TimesFM3,0.89742765890105,0.7079788139278282,0.708392732954671,1.1073173585329676,0.34906696290466377,200,0
h1,D9,"AR(1) with GARCH(1,1) errors",ARIMA (mean only),200,AutoARIMA,0.9034302245922232,0.7876494613072391,0.7098830965698248,1.1149940624684689,0.3450033515220873,200,0
h1,D9,"AR(1) with GARCH(1,1) errors",ARIMA (mean only),200,AutoETS,1.0110212109039034,0.8611774082873177,0.7940898712104901,1.2404807811528762,0.3892814265991952,200,0
h1,D9,"AR(1) with GARCH(1,1) errors",ARIMA (mean only),200,Combination,0.9616414603859034,0.8348348662627066,0.7555282205880015,1.1803673538491382,0.3671393549972489,200,0
h1,D9,"AR(1) with GARCH(1,1) errors",ARIMA (mean only),200,SeasonalNaive,1.0243308887204403,0.9316399344112938,0.8044829530812118,1.2591746221494022,0.39469846609475745,200,0
h1,D9,"AR(1) with GARCH(1,1) errors",ARIMA (mean only),200,Theta,1.008861345303375,0.8510799310658326,0.7926357379723613,1.2358391343582165,0.3892356418578934,200,0
h1,D9,"AR(1) with GARCH(1,1) errors",ARIMA (mean only),200,TimesFM3,0.9246554503309611,0.7724729524298781,0.7270071678995993,1.1391767414965326,0.35141731821474814,200,0
h1_12,D1,AR(1),ARIMA,24,AutoARIMA,1.4846342824151757,1.3858847659662645,1.4051101186680088,2.4543633431936187,0.5888487582060342,200,0
h1_12,D1,AR(1),ARIMA,24,AutoETS,1.5675093454695994,1.4429405103667245,1.4824102412019502,2.602901150658971,0.6275597748675213,200,0
h1_12,D1,AR(1),ARIMA,24,Combination,1.5381975104450525,1.3777771420510705,1.454569337001587,2.5468787124091223,0.6066086191299104,200,0
h1_12,D1,AR(1),ARIMA,24,SeasonalNaive,1.6464526869034868,1.4925425295247865,1.544331800910445,2.739360074081241,0.6687349408877463,200,0
h1_12,D1,AR(1),ARIMA,24,Theta,1.681723393158148,1.4903524334946474,1.5821837304142912,2.7886737099880925,0.6683087764996161,200,0
h1_12,D1,AR(1),ARIMA,24,TimesFM3,1.416603355438663,1.312849875544365,1.3507623294290072,2.34528877546206,0.5569666864281594,200,0
h1_12,D1,AR(1),ARIMA,48,AutoARIMA,1.4154541272316152,1.3079293681019015,1.3415048831597483,2.442954560284954,0.5538843400831596,200,0
h1_12,D1,AR(1),ARIMA,48,AutoETS,1.5700758329117794,1.3969087705013448,1.4695321225172142,2.7225820515600656,0.6267459401096971,200,0
h1_12,D1,AR(1),ARIMA,48,Combination,1.4782208613663514,1.3302758897141724,1.3946000873789495,2.5573782512543217,0.5859602426856779,200,0
h1_12,D1,AR(1),ARIMA,48,SeasonalNaive,1.6247620695854763,1.4115312144397243,1.5171717521610475,2.8243961427836233,0.666011430963941,200,0
h1_12,D1,AR(1),ARIMA,48,Theta,1.5856881786443282,1.4218952197774897,1.483648560101662,2.74837204486302,0.6394240944756714,200,0
h1_12,D1,AR(1),ARIMA,48,TimesFM3,1.3810071652741593,1.2427621817061585,1.304235508645932,2.3881757124754013,0.5318946103444686,200,0
h1_12,D1,AR(1),ARIMA,96,AutoARIMA,1.324217261064881,1.2071796986927317,1.2661360649063502,2.2688775402540986,0.516219104956682,200,0
h1_12,D1,AR(1),ARIMA,96,AutoETS,1.5641195936914034,1.4027539845578985,1.4733763565003846,2.6910504522057597,0.62327013225434,200,0
h1_12,D1,AR(1),ARIMA,96,Combination,1.435247885317999,1.324330536389676,1.3649923558940822,2.4657139987438184,0.5671915449861729,200,0
h1_12,D1,AR(1),ARIMA,96,SeasonalNaive,1.6257199164670593,1.4600958574073255,1.5224545634586528,2.802156950944372,0.6622991447151553,200,0
h1_12,D1,AR(1),ARIMA,96,Theta,1.5719940702231014,1.4116553188779783,1.4798328033789543,2.70467803754582,0.6307784501040189,200,0
h1_12,D1,AR(1),ARIMA,96,TimesFM3,1.307224075179379,1.1968534234934831,1.252225753856316,2.2410332602374905,0.5078117103666795,200,0
h1_12,D1,AR(1),ARIMA,200,AutoARIMA,1.2659981192442091,1.1826647632433338,1.204824171924497,2.173647491832968,0.491941543032424,200,0
h1_12,D1,AR(1),ARIMA,200,AutoETS,1.575532589591741,1.352852115811892,1.460565066832806,2.700080876349404,0.6295788432077605,200,0
h1_12,D1,AR(1),ARIMA,200,Combination,1.4166326691047855,1.2502523360987996,1.3290126811574074,2.4289150896144243,0.5623517056036645,200,0
h1_12,D1,AR(1),ARIMA,200,SeasonalNaive,1.6146471534608633,1.3537114356656308,1.4922707563519495,2.7694491171688354,0.6681097453015219,200,0
h1_12,D1,AR(1),ARIMA,200,Theta,1.5764420510762351,1.3521566544334336,1.4614347623685893,2.7014836986872606,0.6352918696809079,200,0
h1_12,D1,AR(1),ARIMA,200,TimesFM3,1.2540708346937488,1.1863988434979391,1.1945690543437544,2.154475736242217,0.48645615966092026,200,0
h1_12,D2,"ARMA(1,1)",ARIMA,24,AutoARIMA,1.7075370221015473,1.521334680834555,1.6111172396499667,2.892965834669529,0.6663749856833973,200,0
h1_12,D2,"ARMA(1,1)",ARIMA,24,AutoETS,1.8855764147633272,1.6467905265215812,1.7740347579611933,3.239887356184015,0.754503281477058,200,0
h1_12,D2,"ARMA(1,1)",ARIMA,24,Combination,1.787939012099566,1.5546996496227175,1.684715920758415,3.060611322842312,0.7042141986573794,200,0
h1_12,D2,"ARMA(1,1)",ARIMA,24,SeasonalNaive,1.9053446601946675,1.6467740634048966,1.7966532793464642,3.2879199383878723,0.7605594842677419,200,0
h1_12,D2,"ARMA(1,1)",ARIMA,24,Theta,2.0032898357947277,1.7513376681741675,1.8759538075311684,3.4519213021830875,0.808287770107827,200,0
h1_12,D2,"ARMA(1,1)",ARIMA,24,TimesFM3,1.6747080290460703,1.502822511368838,1.5771086515147332,2.861454648374624,0.659915002585032,200,0
h1_12,D2,"ARMA(1,1)",ARIMA,48,AutoARIMA,1.5747211117109368,1.404481432776353,1.4817299570106683,2.718826301957032,0.61888363213378,200,0
h1_12,D2,"ARMA(1,1)",ARIMA,48,AutoETS,1.8341548985594573,1.5281723033006305,1.7057273438134057,3.2092014149509267,0.742920277432169,200,0
h1_12,D2,"ARMA(1,1)",ARIMA,48,Combination,1.6876279173986601,1.457564123694215,1.5831422642070407,2.938129051351042,0.677854382931037,200,0
h1_12,D2,"ARMA(1,1)",ARIMA,48,SeasonalNaive,1.8383297401571672,1.5319117212889712,1.7095063051252837,3.2167000944049455,0.7416545657719592,200,0
h1_12,D2,"ARMA(1,1)",ARIMA,48,Theta,1.8602795849347546,1.5780654901471223,1.7282275127383497,3.254003102808487,0.7636555358388136,200,0
h1_12,D2,"ARMA(1,1)",ARIMA,48,TimesFM3,1.5183062011086725,1.4146506001458539,1.4449684570610384,2.6383841741252514,0.5926702182204908,200,0
h1_12,D2,"ARMA(1,1)",ARIMA,96,AutoARIMA,1.5172167858361734,1.483900659850423,1.4391421910666753,2.6809264346984882,0.5862783490990642,200,0
h1_12,D2,"ARMA(1,1)",ARIMA,96,AutoETS,1.8110005798621842,1.6589609756071528,1.6974617499975873,3.2249994582224315,0.7222611362667465,200,0
h1_12,D2,"ARMA(1,1)",ARIMA,96,Combination,1.6430165012774731,1.5171051763217978,1.5538647510798487,2.9161856553095924,0.6497177993832335,200,0
h1_12,D2,"ARMA(1,1)",ARIMA,96,SeasonalNaive,1.8100401875690662,1.6589187562571786,1.6962760727125177,3.2230844012529896,0.7200586606999826,200,0
h1_12,D2,"ARMA(1,1)",ARIMA,96,Theta,1.811715123490719,1.635827988282378,1.698437997960748,3.2266856351707394,0.7343359305849717,200,0
h1_12,D2,"ARMA(1,1)",ARIMA,96,TimesFM3,1.4553137031907566,1.4219986114008873,1.3896635838487907,2.5689689144729315,0.5659007882488329,200,0
h1_12,D2,"ARMA(1,1)",ARIMA,200,AutoARIMA,1.3743395900500621,1.2968574194391067,1.3239166927139159,2.454810178399429,0.5340239510596658,200,0
h1_12,D2,"ARMA(1,1)",ARIMA,200,AutoETS,1.9205349080126224,1.6948625905288246,1.7823149723730762,3.4196363818955926,0.7565475015128572,200,0
h1_12,D2,"ARMA(1,1)",ARIMA,200,Combination,1.6541204938819052,1.4999553224736528,1.5645333619016275,2.948904158787588,0.6500942279938582,200,0
h1_12,D2,"ARMA(1,1)",ARIMA,200,SeasonalNaive,1.92151313738384,1.6948768305065887,1.7830931014500992,3.421152410502508,0.75606826183706,200,0
h1_12,D2,"ARMA(1,1)",ARIMA,200,Theta,1.91911422968322,1.69244867995975,1.781091601798243,3.417137633631274,0.7559885107644582,200,0
h1_12,D2,"ARMA(1,1)",ARIMA,200,TimesFM3,1.3827306402051198,1.2993539162114403,1.3286797101952177,2.469498397546538,0.5351058828019256,200,0
h1_12,D3,"ARIMA(1,1,1) with drift",ARIMA,24,AutoARIMA,5.274750639122243,4.400598279180567,4.980721225492379,11.566632915975049,2.150445820871492,200,0
h1_12,D3,"ARIMA(1,1,1) with drift",ARIMA,24,AutoETS,4.89204338063979,4.2136352991115515,4.590023701208228,10.516615253619268,2.0040297088258705,200,0
h1_12,D3,"ARIMA(1,1,1) with drift",ARIMA,24,Combination,4.658644346908002,3.8724563218973307,4.397781064326216,9.917985593005463,1.8940055304940184,200,0
h1_12,D3,"ARIMA(1,1,1) with drift",ARIMA,24,SeasonalNaive,4.4108663631851615,3.818708377629297,4.140970910497323,9.111905532973593,1.807452922686636,200,0
h1_12,D3,"ARIMA(1,1,1) with drift",ARIMA,24,Theta,4.483307271936746,3.594569329971936,4.194866228351237,9.40907251696034,1.8301778238488355,200,0
h1_12,D3,"ARIMA(1,1,1) with drift",ARIMA,24,TimesFM3,4.6561091057195565,3.92643931277615,4.37370102893929,10.136062608464144,1.9235362887166294,200,0
h1_12,D3,"ARIMA(1,1,1) with drift",ARIMA,48,AutoARIMA,4.678862972628095,3.4040867152973355,4.4037817918035636,10.252151311910675,1.8436501775495264,200,0
h1_12,D3,"ARIMA(1,1,1) with drift",ARIMA,48,AutoETS,4.547221525835204,3.7473931807177268,4.315892890827461,9.764677806833044,1.8103077960404934,200,0
h1_12,D3,"ARIMA(1,1,1) with drift",ARIMA,48,Combination,4.312824512367077,3.5789229544671914,4.083994469617331,9.122996734741177,1.7128472940235375,200,0
h1_12,D3,"ARIMA(1,1,1) with drift",ARIMA,48,SeasonalNaive,4.2515162505309005,3.064258675903176,4.024280416726128,8.339316070150643,1.7348575612321708,200,0
h1_12,D3,"ARIMA(1,1,1) with drift",ARIMA,48,Theta,4.179036163310994,3.2193390369310686,3.9466035416300698,8.270416823814832,1.7245221591436992,200,0
h1_12,D3,"ARIMA(1,1,1) with drift",ARIMA,48,TimesFM3,4.273856636266093,3.358462473751563,4.02566020459758,8.857518538592608,1.696559731064616,200,0
h1_12,D3,"ARIMA(1,1,1) with drift",ARIMA,96,AutoARIMA,3.939657542557875,3.2640317757456216,3.7095657952552057,8.316478811851198,1.5401780919220907,200,0
h1_12,D3,"ARIMA(1,1,1) with drift",ARIMA,96,AutoETS,3.9377272148353986,3.3589316750484315,3.669923582783803,8.210742748536736,1.5456777560853223,200,0
h1_12,D3,"ARIMA(1,1,1) with drift",ARIMA,96,Combination,3.87051943143126,3.2288210368863988,3.6119809074117004,8.05526178101079,1.5148353553504714,200,0
h1_12,D3,"ARIMA(1,1,1) with drift",ARIMA,96,SeasonalNaive,4.124871839081731,3.4545377644678243,3.8158258857937044,8.382690649725568,1.6728309757338955,200,0
h1_12,D3,"ARIMA(1,1,1) with drift",ARIMA,96,Theta,4.134532000946743,3.5412336941041627,3.8166440410005684,8.378342974774165,1.675143281624481,200,0
h1_12,D3,"ARIMA(1,1,1) with drift",ARIMA,96,TimesFM3,4.022702674864335,3.4145006951928067,3.762985337365889,8.269498561453853,1.5626347406460805,200,0
h1_12,D3,"ARIMA(1,1,1) with drift",ARIMA,200,AutoARIMA,4.194937927093399,3.1696441757031404,3.9213239348002484,8.36668146532174,1.6375955891578555,200,0
h1_12,D3,"ARIMA(1,1,1) with drift",ARIMA,200,AutoETS,4.274624614216548,3.497548204768819,3.952429902797034,8.51393179033541,1.6948479234999447,200,0
h1_12,D3,"ARIMA(1,1,1) with drift",ARIMA,200,Combination,4.198853214872126,3.428540458790219,3.89389526480374,8.457577435504959,1.6614999125047194,200,0
h1_12,D3,"ARIMA(1,1,1) with drift",ARIMA,200,SeasonalNaive,4.512078902642524,3.898989651012653,4.145888724456846,8.912703394372032,1.8450418124275154,200,0
h1_12,D3,"ARIMA(1,1,1) with drift",ARIMA,200,Theta,4.426525029937318,3.659390711728408,4.071754056995036,9.084983519160211,1.8189903102613283,200,0
h1_12,D3,"ARIMA(1,1,1) with drift",ARIMA,200,TimesFM3,4.296646554842196,3.6390515561214682,4.014432299954667,8.262278601533817,1.6778514947737968,200,0
h1_12,D4,"SARIMA(1,0,0)(1,1,0)[12]",ARIMA,24,AutoARIMA,2.283864738408849,1.9297837416399464,2.239961720882121,5.013855234993905,0.885175924787746,200,0
h1_12,D4,"SARIMA(1,0,0)(1,1,0)[12]",ARIMA,24,AutoETS,3.6017784703584628,3.615243854719583,3.567904279995795,8.025553042353907,1.4973234555692045,200,0
h1_12,D4,"SARIMA(1,0,0)(1,1,0)[12]",ARIMA,24,Combination,3.0836706628481054,3.0165121387178893,3.059563842877182,6.717511350511614,1.2824952992497216,200,0
h1_12,D4,"SARIMA(1,0,0)(1,1,0)[12]",ARIMA,24,SeasonalNaive,1.0288070974778873,0.9640978560381495,1.0261114474306685,2.2643042344830167,0.40102560373991886,200,0
h1_12,D4,"SARIMA(1,0,0)(1,1,0)[12]",ARIMA,24,Theta,4.14648277082412,3.9746402943367745,4.108175044272087,8.86542766490722,1.8164917180980809,200,0
h1_12,D4,"SARIMA(1,0,0)(1,1,0)[12]",ARIMA,24,TimesFM3,1.3213820215190204,1.2636474819201018,1.3230187150404007,2.907045698790762,0.5258264336981082,200,0
h1_12,D4,"SARIMA(1,0,0)(1,1,0)[12]",ARIMA,48,AutoARIMA,1.0135275110341289,0.9062572956974874,0.9788320737867545,2.239927712156232,0.39593890890095873,200,0
h1_12,D4,"SARIMA(1,0,0)(1,1,0)[12]",ARIMA,48,AutoETS,1.7202887169638978,1.6619423419366561,1.6969559837539219,3.9005812800184354,0.6883549532125862,200,0
h1_12,D4,"SARIMA(1,0,0)(1,1,0)[12]",ARIMA,48,Combination,1.3947553538064363,1.340299556455057,1.371200650965827,3.1483740172444716,0.5478375239072889,200,0
h1_12,D4,"SARIMA(1,0,0)(1,1,0)[12]",ARIMA,48,SeasonalNaive,1.0214627111756065,0.9726878927422704,0.9983187322586367,2.2667706245734003,0.39655878152960644,200,0
h1_12,D4,"SARIMA(1,0,0)(1,1,0)[12]",ARIMA,48,Theta,1.9444215741510709,1.7649810663249488,1.91452494713919,4.43061866547252,0.7854163614166931,200,0
h1_12,D4,"SARIMA(1,0,0)(1,1,0)[12]",ARIMA,48,TimesFM3,1.2953411781213933,1.272150885766365,1.2697095869631383,2.8943184222071263,0.5009027638609599,200,0
h1_12,D4,"SARIMA(1,0,0)(1,1,0)[12]",ARIMA,96,AutoARIMA,0.8861513621016747,0.851909442436328,0.8593100640283962,2.0494178935856273,0.3445407208865599,200,0
h1_12,D4,"SARIMA(1,0,0)(1,1,0)[12]",ARIMA,96,AutoETS,2.4070180390729803,2.385779046061905,2.3396565546092534,5.610232771150185,0.9590222778842,200,0
h1_12,D4,"SARIMA(1,0,0)(1,1,0)[12]",ARIMA,96,Combination,1.838873565980283,1.8053495629231306,1.7886312323699998,4.301292945200731,0.722045409194034,200,0
h1_12,D4,"SARIMA(1,0,0)(1,1,0)[12]",ARIMA,96,SeasonalNaive,1.004861124394736,0.9351248537643535,0.9752490914185573,2.3220256576990055,0.3908479757753291,200,0
h1_12,D4,"SARIMA(1,0,0)(1,1,0)[12]",ARIMA,96,Theta,2.910105219887564,2.6797425369414642,2.8326440673598148,6.818211293248949,1.1748230133915256,200,0
h1_12,D4,"SARIMA(1,0,0)(1,1,0)[12]",ARIMA,96,TimesFM3,1.1237002365442657,1.0800014637927524,1.0979928712030327,2.582042705930363,0.44063529216913666,200,0
h1_12,D4,"SARIMA(1,0,0)(1,1,0)[12]",ARIMA,200,AutoARIMA,0.8856949907143575,0.8361822998146102,0.851693301275122,2.133304018190838,0.3430541992266696,200,0
h1_12,D4,"SARIMA(1,0,0)(1,1,0)[12]",ARIMA,200,AutoETS,1.0854818617213233,1.0241660462192201,1.0423780559254674,2.623191923255042,0.4220993722930376,200,0
h1_12,D4,"SARIMA(1,0,0)(1,1,0)[12]",ARIMA,200,Combination,1.6997485567249964,1.5373119733197598,1.6498972454271594,4.10510897441217,0.6710679493759228,200,0
h1_12,D4,"SARIMA(1,0,0)(1,1,0)[12]",ARIMA,200,SeasonalNaive,1.0525108404519439,1.042858266454728,1.0168021676058834,2.5637002048625783,0.4072604478231899,200,0
h1_12,D4,"SARIMA(1,0,0)(1,1,0)[12]",ARIMA,200,Theta,4.1550186814371965,3.6569483875532587,4.0220641877967545,10.021590751431042,1.665920049124676,200,0
h1_12,D4,"SARIMA(1,0,0)(1,1,0)[12]",ARIMA,200,TimesFM3,1.1610597656223272,1.141707682012328,1.1292752509044457,2.815539904121536,0.4495398376751265,200,0
h1_12,D5,"ETS(A,A,A)",ETS,24,AutoARIMA,1.5738340014371983,1.4697418933652393,1.590379177062563,4.328891844436541,0.6293798224550893,200,0
h1_12,D5,"ETS(A,A,A)",ETS,24,AutoETS,3.025151961588705,2.848965234363762,3.0651816209994633,7.60126011707227,1.274587036032006,200,0
h1_12,D5,"ETS(A,A,A)",ETS,24,Combination,2.4737051617524206,2.318001807860143,2.50410723709751,6.321293433528975,1.0497174225366406,200,0
h1_12,D5,"ETS(A,A,A)",ETS,24,SeasonalNaive,1.1393896155555445,1.0442368706679832,1.1135046758006664,3.0358321157263632,0.44167579437897553,200,0
h1_12,D5,"ETS(A,A,A)",ETS,24,Theta,3.1544051190551845,3.0151797363050026,3.1844334277108883,7.893810287794571,1.400817398877651,200,0
h1_12,D5,"ETS(A,A,A)",ETS,24,TimesFM3,1.1520714430345458,1.0417012037559443,1.1216228660478484,3.0392468682850904,0.45823682137560434,200,0
h1_12,D5,"ETS(A,A,A)",ETS,48,AutoARIMA,0.7173328563564548,0.6307050494984531,0.7120527006474969,1.965202839136508,0.2800017639678208,200,0
h1_12,D5,"ETS(A,A,A)",ETS,48,AutoETS,0.7408564707049341,0.6528307331778014,0.7312051962010395,2.0488434291799944,0.29211415010684194,200,0
h1_12,D5,"ETS(A,A,A)",ETS,48,Combination,0.7313265175641187,0.6558204304158317,0.7277592504251625,2.0337693429587436,0.2902735905843429,200,0
h1_12,D5,"ETS(A,A,A)",ETS,48,SeasonalNaive,1.108132325129911,1.0931109799487866,1.0585085741588867,3.234982207097295,0.4216461209156887,200,0
h1_12,D5,"ETS(A,A,A)",ETS,48,Theta,0.9562367943002208,0.8318333851833715,0.9661309002587067,2.8500946037797292,0.395603284949888,200,0
h1_12,D5,"ETS(A,A,A)",ETS,48,TimesFM3,0.8148540338254746,0.7365620495943861,0.7979670807348253,2.2486161573011825,0.3161525330166474,200,0
h1_12,D5,"ETS(A,A,A)",ETS,96,AutoARIMA,0.732087753110861,0.6545023956277721,0.7115765518473425,1.961191468208133,0.28503255096837776,200,0
h1_12,D5,"ETS(A,A,A)",ETS,96,AutoETS,0.7611409990138226,0.674440042585619,0.7409730564870064,2.06093434761789,0.3013811955455128,200,0
h1_12,D5,"ETS(A,A,A)",ETS,96,Combination,0.7128403657800291,0.6353623776464792,0.697060714703682,1.914808961413308,0.2791476627729938,200,0
h1_12,D5,"ETS(A,A,A)",ETS,96,SeasonalNaive,1.0760457728422284,1.0111203080741658,1.0224232283356005,3.0245131423074785,0.41007836122375,200,0
h1_12,D5,"ETS(A,A,A)",ETS,96,Theta,0.757229245884454,0.6876100082946213,0.7451642240757974,2.062552793303681,0.29709832011129034,200,0
h1_12,D5,"ETS(A,A,A)",ETS,96,TimesFM3,0.7611725257312213,0.6918959654706643,0.7409827468180364,2.0443832820098766,0.29675624841816256,200,0
h1_12,D5,"ETS(A,A,A)",ETS,200,AutoARIMA,0.6255882180457332,0.5613551732456332,0.6131651576388413,1.6006604217799048,0.24355208165190004,200,0
h1_12,D5,"ETS(A,A,A)",ETS,200,AutoETS,0.680568625219953,0.6080223721032079,0.661689417140716,1.7440009258515219,0.26443521624970595,200,0
h1_12,D5,"ETS(A,A,A)",ETS,200,Combination,0.645468836608964,0.5664433006769274,0.6309042871389147,1.6603714815469304,0.24936020709561568,200,0
h1_12,D5,"ETS(A,A,A)",ETS,200,SeasonalNaive,1.0402385809085513,0.9625792082617045,0.9819635640816425,2.7481948433826715,0.39536427966126425,200,0
h1_12,D5,"ETS(A,A,A)",ETS,200,Theta,0.7589697692786675,0.695381960020482,0.748168771894379,1.9911643148434361,0.2955303880944462,200,0
h1_12,D5,"ETS(A,A,A)",ETS,200,TimesFM3,0.6892311464503355,0.6088727609128062,0.6717762060035279,1.7658609410261876,0.2670603435589167,200,0
h1_12,D6,Local level with structural break,none,24,AutoARIMA,0.8021614906062281,0.6901775043129086,0.5701578147673199,2.0092612278662814,0.5660873498699979,200,0
h1_12,D6,Local level with structural break,none,24,AutoETS,0.7663012362702298,0.6405005220077262,0.5472207734044741,1.9119195156389261,0.534732914059727,200,0
h1_12,D6,Local level with structural break,none,24,Combination,0.836658053118802,0.7524197149894157,0.593188452535902,2.0844541055943164,0.5465625464282083,200,0
h1_12,D6,Local level with structural break,none,24,SeasonalNaive,0.8012860991302161,0.6864316908198231,0.5695338352465406,2.0066914749905758,0.5682804820021112,200,0
h1_12,D6,Local level with structural break,none,24,Theta,1.3270621127349733,1.2117227350916846,0.9298260385997635,3.2679305541636436,0.5822240463061905,200,0
h1_12,D6,Local level with structural break,none,24,TimesFM3,0.8074391644777767,0.6763661401890123,0.5851960911665584,2.0111876527325623,0.362608860438289,200,0
h1_12,D6,Local level with structural break,none,48,AutoARIMA,0.9252899913645761,0.8202419939621459,0.7103456950357558,2.0457897782227987,0.5143469851323296,200,0
h1_12,D6,Local level with structural break,none,48,AutoETS,0.8690619851349416,0.8015871224446223,0.6726835177533874,1.9250552205837022,0.47338800713023177,200,0
h1_12,D6,Local level with structural break,none,48,Combination,0.9236569504970339,0.8639931127916013,0.7122255540741377,2.047008528579893,0.4907705932153752,200,0
h1_12,D6,Local level with structural break,none,48,SeasonalNaive,0.946929792595564,0.8473520360202883,0.7240634434352858,2.105888177934693,0.5607555183558826,200,0
h1_12,D6,Local level with structural break,none,48,Theta,1.1146736535338362,1.0128654160595694,0.8528245429537283,2.4631214896349958,0.5032409047629911,200,0
h1_12,D6,Local level with structural break,none,48,TimesFM3,0.8246840303697652,0.7792755552123994,0.64614356243529,1.8116335870247822,0.33291694008270617,200,0
h1_12,D6,Local level with structural break,none,96,AutoARIMA,0.9203667976483699,0.8586411042257902,0.7680300705384754,1.8923026726391732,0.41959100096578306,200,0
h1_12,D6,Local level with structural break,none,96,AutoETS,0.9054829021075096,0.8505650820000511,0.7570476144445286,1.8624196712757288,0.41630776109286166,200,0
h1_12,D6,Local level with structural break,none,96,Combination,0.915578397650579,0.85873701599111,0.764906481193626,1.8822485129105413,0.41815764097350827,200,0
h1_12,D6,Local level with structural break,none,96,SeasonalNaive,1.0055245962381933,0.9294517543056104,0.8276914843011742,2.071440423232338,0.5365180746465107,200,0
h1_12,D6,Local level with structural break,none,96,Theta,0.9628666700336852,0.8942144579574645,0.8039567755299784,1.9767639842532914,0.42553735182945407,200,0
h1_12,D6,Local level with structural break,none,96,TimesFM3,0.8651027460485585,0.8294689892008151,0.7325872600465846,1.7812515681506438,0.3457093245871121,200,0
h1_12,D6,Local level with structural break,none,200,AutoARIMA,0.8333739873703228,0.8032361905079412,0.7544359676776503,1.6551942929879644,0.3583765020975987,200,0
h1_12,D6,Local level with structural break,none,200,AutoETS,0.8248373768040215,0.8000742660600647,0.7467138558288658,1.6399951115026659,0.35711525932207566,200,0
h1_12,D6,Local level with structural break,none,200,Combination,0.8273006536138962,0.7993629295136542,0.7495148990397247,1.6441960879795272,0.3580751526769489,200,0
h1_12,D6,Local level with structural break,none,200,SeasonalNaive,0.9335830370678663,0.858058519172856,0.8326344604801428,1.8588832078165876,0.5081168286503757,200,0
h1_12,D6,Local level with structural break,none,200,Theta,0.8396256961944184,0.8152593035432256,0.7599876990850245,1.6680056160616035,0.3621244647140614,200,0
h1_12,D6,Local level with structural break,none,200,TimesFM3,0.8439346375349294,0.7875811670140889,0.7619481477587275,1.6759498196631701,0.3297698908337906,200,0
h1_12,D7,Logistic growth,none,24,AutoARIMA,1.082947615546971,0.9500824391652962,1.005145424365309,3.233509726307832,0.42144980828909157,200,0
h1_12,D7,Logistic growth,none,24,AutoETS,1.271678050844044,1.1805138975753358,1.1742635850801604,3.785477889632166,0.49688044814451976,200,0
h1_12,D7,Logistic growth,none,24,Combination,1.6804410159104517,1.6460186435103286,1.5196784164882189,5.002098833277889,0.6572129113328745,200,0
h1_12,D7,Logistic growth,none,24,SeasonalNaive,5.417230316997156,5.461487746637674,4.933626170596894,17.17155657636393,2.143648660184385,200,0
h1_12,D7,Logistic growth,none,24,Theta,3.179410965382672,3.1348102720571456,2.871053490560223,9.684609676148247,1.3179504310174874,200,0
h1_12,D7,Logistic growth,none,24,TimesFM3,1.14177664540335,1.0496330502915039,1.057287183461392,3.406758875087781,0.4415926587950302,200,0
h1_12,D7,Logistic growth,none,48,AutoARIMA,1.0763073841470092,0.8360188651641469,1.0234483210317347,2.567937591988033,0.4330682636433177,200,0
h1_12,D7,Logistic growth,none,48,AutoETS,1.6016463297237054,1.4013511281805289,1.5032470370042088,3.792097669699603,0.6288471362736084,200,0
h1_12,D7,Logistic growth,none,48,Combination,0.9695026822932168,0.7741928144792256,0.9164543645308183,2.368916058233401,0.3999196197581374,200,0
h1_12,D7,Logistic growth,none,48,SeasonalNaive,4.243143749639272,4.215097523888133,3.79673882489753,10.817621085283275,1.5776745471840115,200,0
h1_12,D7,Logistic growth,none,48,Theta,2.262336131496083,2.1749293650854233,2.006179363178595,5.6123109913878375,0.8581949637754837,200,0
h1_12,D7,Logistic growth,none,48,TimesFM3,0.7512974802355034,0.6793834227842932,0.7281170524207248,1.8317901264089043,0.3077742027606225,200,0
h1_12,D7,Logistic growth,none,96,AutoARIMA,1.3289197054983513,1.1208529065104684,1.2413254482241427,2.5725304098345263,0.5116435307206765,200,0
h1_12,D7,Logistic growth,none,96,AutoETS,1.305428281382698,1.1298386283922743,1.221529737783679,2.5248338756599584,0.504929666127621,200,0
h1_12,D7,Logistic growth,none,96,Combination,1.0969676585010157,0.9429712573224005,1.0416255822044453,2.1316400776595517,0.42967594028244294,200,0
h1_12,D7,Logistic growth,none,96,SeasonalNaive,1.6552348683046423,1.6090634859574444,1.5037096677383528,3.3082168285767524,0.632499499197415,200,0
h1_12,D7,Logistic growth,none,96,Theta,0.8209454788460127,0.763538889730583,0.7945805319308341,1.6073347549042594,0.3758924299134051,200,0
h1_12,D7,Logistic growth,none,96,TimesFM3,0.9589868937483438,0.827448218745626,0.9145754835398411,1.8757145944628715,0.3865324870085146,200,0
h1_12,D7,Logistic growth,none,200,AutoARIMA,0.9939253662969185,0.8706527573585057,0.9462574419080748,1.7745451110648778,0.39135365578175707,200,0
h1_12,D7,Logistic growth,none,200,AutoETS,0.9663571848081915,0.8530783299396388,0.9185029985050042,1.726232419531685,0.3792126118041157,200,0
h1_12,D7,Logistic growth,none,200,Combination,0.9539508612712894,0.8472611629644886,0.9081316372357194,1.699046676964702,0.3804832395383362,200,0
h1_12,D7,Logistic growth,none,200,SeasonalNaive,0.9171703153282992,0.8335512224140187,0.8701054552255496,1.6447968112263742,0.4871219467605069,200,0
h1_12,D7,Logistic growth,none,200,Theta,1.3006844349929698,1.2156054358794064,1.2092717939690838,2.310512311899467,0.46991148430468166,200,0
h1_12,D7,Logistic growth,none,200,TimesFM3,0.9333083464715682,0.8544545481654854,0.891752864185588,1.663350138740528,0.3641288491433912,200,0
h1_12,D8,Intermittent demand,none,24,AutoARIMA,0.9964221321783333,0.8917118095187451,0.7651393640418991,165.90777147199557,0.38033254175494713,200,0
h1_12,D8,Intermittent demand,none,24,AutoETS,1.0474453596687465,0.8731705962741046,0.792432109596487,169.98772468313788,0.4018409683549183,200,0
h1_12,D8,Intermittent demand,none,24,Combination,1.0095757661009643,0.874414225325221,0.7754456316107927,170.48880186639715,0.388010714493139,200,0
h1_12,D8,Intermittent demand,none,24,SeasonalNaive,1.0187443602219117,0.8608477011494253,0.9404981889235821,86.69627479002479,0.6342038959408963,200,0
h1_12,D8,Intermittent demand,none,24,Theta,0.9985696476887526,0.8849785137631389,0.791298966232521,172.741203439376,0.39484403016170705,200,0
h1_12,D8,Intermittent demand,none,24,TimesFM3,0.7801672837878177,0.7210818772445993,0.8055511840813675,191.7744235979683,0.3252778434456944,200,0
h1_12,D8,Intermittent demand,none,48,AutoARIMA,0.9622821579284684,0.8878751775173667,0.7181537023616326,170.62226629545032,0.36043131631786873,200,0
h1_12,D8,Intermittent demand,none,48,AutoETS,0.9876143548699254,0.8846432206993076,0.7256986963152774,170.74576508043748,0.36839342062303176,200,0
h1_12,D8,Intermittent demand,none,48,Combination,0.9737766312253704,0.879383993156801,0.7237619084372012,171.026164147927,0.3653197990669708,200,0
h1_12,D8,Intermittent demand,none,48,SeasonalNaive,1.0658683453496667,0.7663816585956418,0.9373977486712035,84.68990405520977,0.6531440712597366,200,0
h1_12,D8,Intermittent demand,none,48,Theta,0.9838931189637192,0.8910345232103369,0.7459645245252936,172.52183762219363,0.38050909194772103,200,0
h1_12,D8,Intermittent demand,none,48,TimesFM3,0.7075707030641338,0.6400560563266801,0.7738785050398533,196.18253604833797,0.3069018426032737,200,0
h1_12,D8,Intermittent demand,none,96,AutoARIMA,0.9244243235168587,0.9009638821906634,0.6981713723028838,170.0648031388869,0.34066282205621773,200,0
h1_12,D8,Intermittent demand,none,96,AutoETS,0.9262355918388444,0.8974375318714941,0.6969811582684882,169.57360161085532,0.3405419822640272,200,0
h1_12,D8,Intermittent demand,none,96,Combination,0.923468680068369,0.9015844471512424,0.6973716936467607,169.94892499968816,0.34051393943874536,200,0
h1_12,D8,Intermittent demand,none,96,SeasonalNaive,0.9323910759125947,0.8114611056637251,0.8751303564350947,84.17078685346874,0.6135880945305408,200,0
h1_12,D8,Intermittent demand,none,96,Theta,0.9228224513135433,0.9247611428867439,0.7072911602345882,170.80058974131106,0.34800375116819865,200,0
h1_12,D8,Intermittent demand,none,96,TimesFM3,0.6825904370809259,0.6815869991674828,0.7754132430660172,197.6102019936517,0.2875308155061856,200,0
h1_12,D8,Intermittent demand,none,200,AutoARIMA,0.9394654938618565,0.9165592571786273,0.7064712500148166,169.31495097135107,0.3447560979195904,200,0
h1_12,D8,Intermittent demand,none,200,AutoETS,0.9394785693512105,0.9146891562644036,0.7060623107507866,169.18854607685785,0.3443688948085136,200,0
h1_12,D8,Intermittent demand,none,200,Combination,0.9401467369651826,0.9218997152085234,0.7064027262115486,169.23646621497286,0.34483068528436417,200,0
h1_12,D8,Intermittent demand,none,200,SeasonalNaive,1.005090554075026,0.7806772544305578,0.9230563332057209,85.99035999690024,0.628096532447889,200,0
h1_12,D8,Intermittent demand,none,200,Theta,0.9433501626259131,0.933078909553981,0.7183831968857167,170.00331689907603,0.35351899686645716,200,0
h1_12,D8,Intermittent demand,none,200,TimesFM3,0.6937643203180509,0.6669688385423472,0.7965520092868412,198.5562425391173,0.2906302015579439,200,0
h1_12,D9,"AR(1) with GARCH(1,1) errors",ARIMA (mean only),24,AutoARIMA,1.3720500929510795,1.1186156852666505,1.2941879081150784,1.605322703318028,0.5523077184271713,200,0
h1_12,D9,"AR(1) with GARCH(1,1) errors",ARIMA (mean only),24,AutoETS,1.4535629101678795,1.2256726794605015,1.36699707327693,1.721516189993331,0.5861878307964368,200,0
h1_12,D9,"AR(1) with GARCH(1,1) errors",ARIMA (mean only),24,Combination,1.4040436810853176,1.2036469447601443,1.3235324777552457,1.659014617946046,0.5612974547832494,200,0
h1_12,D9,"AR(1) with GARCH(1,1) errors",ARIMA (mean only),24,SeasonalNaive,1.5466225693902171,1.2828697263852957,1.4545476388052498,1.8547151748846815,0.6519646517080302,200,0
h1_12,D9,"AR(1) with GARCH(1,1) errors",ARIMA (mean only),24,Theta,1.5176202822947906,1.276290658426167,1.4219840342697352,1.8150606589200293,0.61198364435205,200,0
h1_12,D9,"AR(1) with GARCH(1,1) errors",ARIMA (mean only),24,TimesFM3,1.320846236656584,1.143640930961823,1.2557968058307252,1.5519879035946644,0.523682960210381,200,0
h1_12,D9,"AR(1) with GARCH(1,1) errors",ARIMA (mean only),48,AutoARIMA,1.2441121911307804,1.1336330666043062,1.1887945090334293,1.48187594444892,0.4941370066373657,200,0
h1_12,D9,"AR(1) with GARCH(1,1) errors",ARIMA (mean only),48,AutoETS,1.475834073038632,1.2921067158212154,1.377700623842291,1.7606545069168027,0.587855323644591,200,0
h1_12,D9,"AR(1) with GARCH(1,1) errors",ARIMA (mean only),48,Combination,1.352744517299287,1.2021652456823548,1.2781518763954476,1.6133523964917436,0.5405691840910329,200,0
h1_12,D9,"AR(1) with GARCH(1,1) errors",ARIMA (mean only),48,SeasonalNaive,1.5882335704803225,1.4392077636084868,1.4696900192968152,1.8984671652536556,0.6613150088586967,200,0
h1_12,D9,"AR(1) with GARCH(1,1) errors",ARIMA (mean only),48,Theta,1.486273918669,1.3007859439703178,1.3858023777843829,1.7714999003983432,0.6001633954694994,200,0
h1_12,D9,"AR(1) with GARCH(1,1) errors",ARIMA (mean only),48,TimesFM3,1.2392636902920326,1.155962337050889,1.1884874320970216,1.468924157374808,0.4876209124600735,200,0
h1_12,D9,"AR(1) with GARCH(1,1) errors",ARIMA (mean only),96,AutoARIMA,1.0977699979405062,0.9865061699376942,1.0454558254345871,1.3224048375033215,0.43286849040835274,200,0
h1_12,D9,"AR(1) with GARCH(1,1) errors",ARIMA (mean only),96,AutoETS,1.3325423710592597,1.1537981126552421,1.2382594365604074,1.6240774597741163,0.5379009213156322,200,0
h1_12,D9,"AR(1) with GARCH(1,1) errors",ARIMA (mean only),96,Combination,1.2132926161830933,1.0823873608344938,1.1426855265492422,1.4730689679245927,0.48886124216839805,200,0
h1_12,D9,"AR(1) with GARCH(1,1) errors",ARIMA (mean only),96,SeasonalNaive,1.4304073063328169,1.2471348907086273,1.3203405803473325,1.744028399477707,0.6180492867873523,200,0
h1_12,D9,"AR(1) with GARCH(1,1) errors",ARIMA (mean only),96,Theta,1.341917023923752,1.170742173864392,1.2474307795393427,1.6370737422512298,0.5484224560072373,200,0
h1_12,D9,"AR(1) with GARCH(1,1) errors",ARIMA (mean only),96,TimesFM3,1.103838083747881,1.0002532094835057,1.051151261125705,1.3290267473780382,0.4341263577304027,200,0
h1_12,D9,"AR(1) with GARCH(1,1) errors",ARIMA (mean only),200,AutoARIMA,1.18970972196824,1.1256049230603486,1.1167154418942127,1.4670825515034647,0.46216561671614254,200,0
h1_12,D9,"AR(1) with GARCH(1,1) errors",ARIMA (mean only),200,AutoETS,1.5042793732189903,1.3408407030824359,1.3831703380164506,1.8509033198567335,0.5941369066435773,200,0
h1_12,D9,"AR(1) with GARCH(1,1) errors",ARIMA (mean only),200,Combination,1.3412026143917064,1.2247893342901548,1.249356119150502,1.6478628852594692,0.5283904922390412,200,0
h1_12,D9,"AR(1) with GARCH(1,1) errors",ARIMA (mean only),200,SeasonalNaive,1.5765009576500504,1.4617164258928128,1.4386315742538316,1.941192695240795,0.6566887804513191,200,0
h1_12,D9,"AR(1) with GARCH(1,1) errors",ARIMA (mean only),200,Theta,1.5027715154595083,1.348264991124171,1.3819133912163326,1.848297799079458,0.5981778941575147,200,0
h1_12,D9,"AR(1) with GARCH(1,1) errors",ARIMA (mean only),200,TimesFM3,1.2004719717540966,1.1252233819101385,1.1276970352265203,1.476254149976778,0.466995231389331,200,0
h1_6,D1,AR(1),ARIMA,24,AutoARIMA,1.3600561660989343,1.2339335087337522,1.264000161803341,2.2555238803829196,0.5329542808428762,200,0
h1_6,D1,AR(1),ARIMA,24,AutoETS,1.3767304814243304,1.2286657189950705,1.2844414528850259,2.2908675930222784,0.542005479104257,200,0
h1_6,D1,AR(1),ARIMA,24,Combination,1.346474307347477,1.1755707308368735,1.259647261197485,2.2340162844274745,0.5280907671512949,200,0
h1_6,D1,AR(1),ARIMA,24,SeasonalNaive,1.4505258209400649,1.2551292348810053,1.344106241466835,2.419085564615054,0.5747243373085754,200,0
h1_6,D1,AR(1),ARIMA,24,Theta,1.418361580127832,1.2421404889667556,1.3234531130728309,2.356126448527641,0.5611982676679395,200,0
h1_6,D1,AR(1),ARIMA,24,TimesFM3,1.293700430423692,1.1328017988147927,1.2173322058964862,2.146747390118613,0.507248654635242,200,0
h1_6,D1,AR(1),ARIMA,48,AutoARIMA,1.341959947904955,1.1213783409927827,1.2429726365350116,2.315750628185275,0.524515906489653,200,0
h1_6,D1,AR(1),ARIMA,48,AutoETS,1.4342590664925956,1.253959376137637,1.3267345481805237,2.489148835007298,0.5632987586201156,200,0
h1_6,D1,AR(1),ARIMA,48,Combination,1.364187082924645,1.1953699418520616,1.2690434107592587,2.3621519588071167,0.534990594174983,200,0
h1_6,D1,AR(1),ARIMA,48,SeasonalNaive,1.4805721157065466,1.2608350535781696,1.3634592569386326,2.5794818528644883,0.5844073406363433,200,0
h1_6,D1,AR(1),ARIMA,48,Theta,1.431788002085973,1.218919561937917,1.3260796702876763,2.4847049074272083,0.5660545060937394,200,0
h1_6,D1,AR(1),ARIMA,48,TimesFM3,1.3094552487817104,1.1690006421565706,1.2161798572210811,2.2657337188298543,0.5070494272950297,200,0
h1_6,D1,AR(1),ARIMA,96,AutoARIMA,1.2489267260941563,1.0839131546986889,1.1678158260743816,2.1356129032334583,0.48663754497908507,200,0
h1_6,D1,AR(1),ARIMA,96,AutoETS,1.387055443412701,1.1902938458629908,1.2813117758863828,2.3842981025614067,0.5418043522454229,200,0
h1_6,D1,AR(1),ARIMA,96,Combination,1.2967953725278658,1.1109530554517186,1.2062966799743322,2.2254151712671435,0.5055375385804476,200,0
h1_6,D1,AR(1),ARIMA,96,SeasonalNaive,1.4406452563051564,1.2959782087936995,1.3230627306109375,2.4806225959075827,0.56280976315469,200,0
h1_6,D1,AR(1),ARIMA,96,Theta,1.3914752352032533,1.169001497186124,1.2849504133141223,2.391643412816105,0.5459473087307277,200,0
h1_6,D1,AR(1),ARIMA,96,TimesFM3,1.2151075126028135,1.073426953352485,1.1386383845653716,2.07819326037041,0.47286962046584025,200,0
h1_6,D1,AR(1),ARIMA,200,AutoARIMA,1.2239571603614119,1.0784112697675439,1.1275704241677869,2.098695291687719,0.4772256354582101,200,0
h1_6,D1,AR(1),ARIMA,200,AutoETS,1.4799559176314316,1.2783456419133037,1.3379473633313865,2.5335462815494605,0.5760054085976255,200,0
h1_6,D1,AR(1),ARIMA,200,Combination,1.3533046963573605,1.1427402092246608,1.2335507098881626,2.3179729716392585,0.5273307736741605,200,0
h1_6,D1,AR(1),ARIMA,200,SeasonalNaive,1.5121202964548106,1.2364665860809243,1.3622005379360644,2.591391400618534,0.5946653574803653,200,0
h1_6,D1,AR(1),ARIMA,200,Theta,1.480962009614377,1.2688882353222275,1.3388439329118613,2.5351717977525485,0.5776279459535354,200,0
h1_6,D1,AR(1),ARIMA,200,TimesFM3,1.2185232337581255,1.0900500757096474,1.1217958346370758,2.091502400497487,0.47321901658001697,200,0
h1_6,D2,"ARMA(1,1)",ARIMA,24,AutoARIMA,1.6050766326912496,1.4171675342905083,1.4874129209520452,2.7399168790724593,0.6266722972344407,200,0
h1_6,D2,"ARMA(1,1)",ARIMA,24,AutoETS,1.7519065948885444,1.518201492947192,1.6173885924791063,3.0236752763476704,0.6807396261653994,200,0
h1_6,D2,"ARMA(1,1)",ARIMA,24,Combination,1.6467498862477277,1.427835531355703,1.522403544139772,2.836580530084382,0.6369168587149552,200,0
h1_6,D2,"ARMA(1,1)",ARIMA,24,SeasonalNaive,1.7493258420588587,1.5441479330555228,1.6199418408047075,3.0330360166640657,0.6813482125871444,200,0
h1_6,D2,"ARMA(1,1)",ARIMA,24,Theta,1.8241879664697234,1.6167695971708766,1.6757366159497502,3.1676256173231754,0.7138467660223197,200,0
h1_6,D2,"ARMA(1,1)",ARIMA,24,TimesFM3,1.6087498374828317,1.4138447101733582,1.4846993366925259,2.765816124625346,0.6279078153200185,200,0
h1_6,D2,"ARMA(1,1)",ARIMA,48,AutoARIMA,1.4858466707932703,1.2608700842573308,1.3616942235408007,2.567274099411543,0.580669844287796,200,0
h1_6,D2,"ARMA(1,1)",ARIMA,48,AutoETS,1.6779372565411208,1.4319952652057268,1.5267126721947641,2.9329422311295885,0.6615256847886107,200,0
h1_6,D2,"ARMA(1,1)",ARIMA,48,Combination,1.5543344241777475,1.3969892438664457,1.4207899546242515,2.7049711055201033,0.6091248791912834,200,0
h1_6,D2,"ARMA(1,1)",ARIMA,48,SeasonalNaive,1.677688667408459,1.4321076771001144,1.5274825556140754,2.9334240890306016,0.6604631009034,200,0
h1_6,D2,"ARMA(1,1)",ARIMA,48,Theta,1.6853285795550297,1.4236849985659878,1.5312103130387595,2.9448788002977517,0.6680406815900517,200,0
h1_6,D2,"ARMA(1,1)",ARIMA,48,TimesFM3,1.4214727491989183,1.297957983124026,1.3045428324680544,2.471469868488532,0.5549102857612008,200,0
h1_6,D2,"ARMA(1,1)",ARIMA,96,AutoARIMA,1.4199525341974053,1.355632695892939,1.3154848754726691,2.5174385033668996,0.5477134634745239,200,0
h1_6,D2,"ARMA(1,1)",ARIMA,96,AutoETS,1.590062619827255,1.417343120786009,1.4735829208647138,2.8318216473286104,0.6190746303971758,200,0
h1_6,D2,"ARMA(1,1)",ARIMA,96,Combination,1.4668798331018633,1.3508609196694303,1.3672170167246338,2.605533557565882,0.5690251463369631,200,0
h1_6,D2,"ARMA(1,1)",ARIMA,96,SeasonalNaive,1.5882067858711846,1.417242303357856,1.4718365542237606,2.8287423273330563,0.6181340523829405,200,0
h1_6,D2,"ARMA(1,1)",ARIMA,96,Theta,1.5899947223203037,1.4073733112460483,1.4731840483063436,2.831836425998512,0.6222694391628084,200,0
h1_6,D2,"ARMA(1,1)",ARIMA,96,TimesFM3,1.3839930432444492,1.360843245266956,1.2819565293003155,2.4478677851377806,0.5374806763310462,200,0
h1_6,D2,"ARMA(1,1)",ARIMA,200,AutoARIMA,1.3307539905975758,1.1636015194268317,1.240115126563242,2.3769723288401723,0.5142498252765594,200,0
h1_6,D2,"ARMA(1,1)",ARIMA,200,AutoETS,1.714473988212001,1.4649180556340844,1.5658219194156038,3.055630864140488,0.6643536452156473,200,0
h1_6,D2,"ARMA(1,1)",ARIMA,200,Combination,1.5085359658935251,1.3748041020333162,1.3981470437873023,2.691278823151691,0.5859636305567898,200,0
h1_6,D2,"ARMA(1,1)",ARIMA,200,SeasonalNaive,1.7153399120673944,1.4648956316921318,1.5665484173827986,3.0569442407422236,0.664795105277463,200,0
h1_6,D2,"ARMA(1,1)",ARIMA,200,Theta,1.7134484244066552,1.4683455477661225,1.5650615783032462,3.0538283030008895,0.6606976874755126,200,0
h1_6,D2,"ARMA(1,1)",ARIMA,200,TimesFM3,1.3230850244646464,1.2109652416637884,1.2336143959380812,2.3627194770546613,0.5111037109852129,200,0
h1_6,D3,"ARIMA(1,1,1) with drift",ARIMA,24,AutoARIMA,3.2100984797544827,2.4905495497136085,3.001787822083254,6.964885734302649,1.3017575742177274,200,0
h1_6,D3,"ARIMA(1,1,1) with drift",ARIMA,24,AutoETS,3.1174719606753767,2.697084681868432,2.870152830972636,6.687675348316536,1.2613230999429073,200,0
h1_6,D3,"ARIMA(1,1,1) with drift",ARIMA,24,Combination,2.94252800179898,2.3345022693865927,2.7313627493634005,6.276393688060331,1.1869903142117657,200,0
h1_6,D3,"ARIMA(1,1,1) with drift",ARIMA,24,SeasonalNaive,2.914852154947003,2.2676735702714765,2.6913262286007695,6.112422194369042,1.1824062477048791,200,0
h1_6,D3,"ARIMA(1,1,1) with drift",ARIMA,24,Theta,2.957548411264404,2.450757014507889,2.7198931284006607,6.243041676948204,1.2013813708121814,200,0
h1_6,D3,"ARIMA(1,1,1) with drift",ARIMA,24,TimesFM3,2.9942766558858627,2.44556846882422,2.790045130572876,6.365602392857714,1.2270015821485867,200,0
h1_6,D3,"ARIMA(1,1,1) with drift",ARIMA,48,AutoARIMA,2.745912685167407,2.108073400160797,2.536502674146117,6.0380685127945855,1.0761208439695142,200,0
h1_6,D3,"ARIMA(1,1,1) with drift",ARIMA,48,AutoETS,2.6465838003652578,2.218035970088126,2.4381397209938958,5.927769054480543,1.0449211432306027,200,0
h1_6,D3,"ARIMA(1,1,1) with drift",ARIMA,48,Combination,2.5527543054864816,2.0590601993516886,2.3608549644950094,5.50474032307344,1.0043545135746235,200,0
h1_6,D3,"ARIMA(1,1,1) with drift",ARIMA,48,SeasonalNaive,2.59439507687242,2.0749354356849725,2.394310455040618,5.263972600374069,1.0365285779816746,200,0
h1_6,D3,"ARIMA(1,1,1) with drift",ARIMA,48,Theta,2.5890623234714387,2.061366630879306,2.383669381751157,5.342603860760668,1.0436688796132672,200,0
h1_6,D3,"ARIMA(1,1,1) with drift",ARIMA,48,TimesFM3,2.608377081512531,2.144364736610811,2.4230472647532384,5.3766856726706145,1.0223723322307652,200,0
h1_6,D3,"ARIMA(1,1,1) with drift",ARIMA,96,AutoARIMA,2.4148225722201486,2.002718639746026,2.2436200566265327,5.011894723172078,0.9452329660178872,200,0
h1_6,D3,"ARIMA(1,1,1) with drift",ARIMA,96,AutoETS,2.4876449771787725,2.093722832050929,2.2812651199839964,5.193977435423823,0.9793645490313274,200,0
h1_6,D3,"ARIMA(1,1,1) with drift",ARIMA,96,Combination,2.4328333086671794,2.069957934680491,2.231110250777519,5.045173383704774,0.9567292002700813,200,0
h1_6,D3,"ARIMA(1,1,1) with drift",ARIMA,96,SeasonalNaive,2.7079508442623257,2.2049115055573107,2.456749819908457,5.521799558064491,1.0799952299927964,200,0
h1_6,D3,"ARIMA(1,1,1) with drift",ARIMA,96,Theta,2.726221413309771,2.266802370280892,2.4683952129977413,5.523107675126442,1.0923555327430388,200,0
h1_6,D3,"ARIMA(1,1,1) with drift",ARIMA,96,TimesFM3,2.443887887170787,2.1716831661524503,2.2649950392055644,5.028880162244933,0.9492609700024194,200,0
h1_6,D3,"ARIMA(1,1,1) with drift",ARIMA,200,AutoARIMA,2.598492660246149,2.0421314174394345,2.416232697854659,5.413856061853185,1.01427229239858,200,0
h1_6,D3,"ARIMA(1,1,1) with drift",ARIMA,200,AutoETS,2.7480540546218344,2.415776613246655,2.5126741606098997,5.714484111523069,1.0952763235895775,200,0
h1_6,D3,"ARIMA(1,1,1) with drift",ARIMA,200,Combination,2.674690336384869,2.268144845538598,2.459785739200802,5.617927341909315,1.060933626415942,200,0
h1_6,D3,"ARIMA(1,1,1) with drift",ARIMA,200,SeasonalNaive,2.973677677235774,2.5118694426961556,2.696729926490919,6.1367925042928455,1.2004060636419844,200,0
h1_6,D3,"ARIMA(1,1,1) with drift",ARIMA,200,Theta,2.9327491777704866,2.4398035543340963,2.654315062377629,6.243819230906679,1.1932065169561623,200,0
h1_6,D3,"ARIMA(1,1,1) with drift",ARIMA,200,TimesFM3,2.643273977643499,2.18009598692878,2.455573182224467,5.197854297192554,1.0337176231199785,200,0
h1_6,D4,"SARIMA(1,0,0)(1,1,0)[12]",ARIMA,24,AutoARIMA,2.401632587386085,2.046416874220216,2.289218778115914,5.035274065942158,0.9396496708727762,200,0
h1_6,D4,"SARIMA(1,0,0)(1,1,0)[12]",ARIMA,24,AutoETS,4.937647893594496,4.810766539692153,4.396541401178121,10.74637625558732,1.881326353826836,200,0
h1_6,D4,"SARIMA(1,0,0)(1,1,0)[12]",ARIMA,24,Combination,4.121681547856495,3.9060189063587485,3.7352743258841117,8.68591401903312,1.5945286654436979,200,0
h1_6,D4,"SARIMA(1,0,0)(1,1,0)[12]",ARIMA,24,SeasonalNaive,0.9694117469198231,0.9383407956700819,0.9389378635570144,2.001373018464899,0.37724460586986774,200,0
h1_6,D4,"SARIMA(1,0,0)(1,1,0)[12]",ARIMA,24,Theta,5.92423371520341,5.725125410851068,5.239917720361394,12.347698427390474,2.3555484731939846,200,0
h1_6,D4,"SARIMA(1,0,0)(1,1,0)[12]",ARIMA,24,TimesFM3,1.345858815377428,1.2234217830549001,1.3041275770132563,2.7903762950180298,0.525035690184662,200,0
h1_6,D4,"SARIMA(1,0,0)(1,1,0)[12]",ARIMA,48,AutoARIMA,0.9837170608728862,0.9110659090389048,0.9262745386272121,2.0329951493662897,0.3840575210972148,200,0
h1_6,D4,"SARIMA(1,0,0)(1,1,0)[12]",ARIMA,48,AutoETS,1.7126716362872798,1.6442946553758502,1.6470264943260278,3.6572022227409673,0.6822166167265621,200,0
h1_6,D4,"SARIMA(1,0,0)(1,1,0)[12]",ARIMA,48,Combination,1.340858949558075,1.3198850532113473,1.2778806279679815,2.843647426390831,0.5245373572516134,200,0
h1_6,D4,"SARIMA(1,0,0)(1,1,0)[12]",ARIMA,48,SeasonalNaive,0.9945497653067757,0.8880942665754958,0.9485650246579047,2.073755768614515,0.3852710478749642,200,0
h1_6,D4,"SARIMA(1,0,0)(1,1,0)[12]",ARIMA,48,Theta,1.8450264068306474,1.6676790291238766,1.7329318945575523,3.9610173403884477,0.7414390222787621,200,0
h1_6,D4,"SARIMA(1,0,0)(1,1,0)[12]",ARIMA,48,TimesFM3,1.2853627262509184,1.2193452528876565,1.2321041264373476,2.6928745546994817,0.49766581405898364,200,0
h1_6,D4,"SARIMA(1,0,0)(1,1,0)[12]",ARIMA,96,AutoARIMA,0.8459743502969864,0.8046650402989851,0.795724277110611,1.8217480582600778,0.32840824234120747,200,0
h1_6,D4,"SARIMA(1,0,0)(1,1,0)[12]",ARIMA,96,AutoETS,2.52888897236838,2.292679798014629,2.369671484559612,5.571636514649429,1.0070238453410187,200,0
h1_6,D4,"SARIMA(1,0,0)(1,1,0)[12]",ARIMA,96,Combination,1.8937449943447888,1.8008217061982954,1.7667333235393152,4.1776921111474214,0.739653358354492,200,0
h1_6,D4,"SARIMA(1,0,0)(1,1,0)[12]",ARIMA,96,SeasonalNaive,0.9956703734535377,0.9287974297579116,0.9367309178088398,2.1602721731213164,0.3860582869158312,200,0
h1_6,D4,"SARIMA(1,0,0)(1,1,0)[12]",ARIMA,96,Theta,3.047112492884316,2.6806450396327115,2.801001239408215,6.740641125076138,1.2216419972102939,200,0
h1_6,D4,"SARIMA(1,0,0)(1,1,0)[12]",ARIMA,96,TimesFM3,1.1473975683952964,1.108015353463017,1.0871628996904659,2.4833660899044325,0.4444318273700309,200,0
h1_6,D4,"SARIMA(1,0,0)(1,1,0)[12]",ARIMA,200,AutoARIMA,0.8570307648103074,0.8034535043384841,0.8025392097669777,2.1631715087859944,0.332691526927534,200,0
h1_6,D4,"SARIMA(1,0,0)(1,1,0)[12]",ARIMA,200,AutoETS,1.1140669238315781,1.0311475912372114,1.0380272706574514,2.8207201108889963,0.43347499405642964,200,0
h1_6,D4,"SARIMA(1,0,0)(1,1,0)[12]",ARIMA,200,Combination,1.7431568387246068,1.5378907144803653,1.6265648896316316,4.408119354306528,0.6734034826607902,200,0
h1_6,D4,"SARIMA(1,0,0)(1,1,0)[12]",ARIMA,200,SeasonalNaive,1.0635370340516124,1.025438923653072,0.994207503948912,2.729693525942519,0.41041149648559594,200,0
h1_6,D4,"SARIMA(1,0,0)(1,1,0)[12]",ARIMA,200,Theta,4.309004244707996,3.6236258589458927,3.992372575236637,10.912215078908497,1.710238705524555,200,0
h1_6,D4,"SARIMA(1,0,0)(1,1,0)[12]",ARIMA,200,TimesFM3,1.1881072898888785,1.1262497670244938,1.1293616610316983,3.019969577065501,0.45918977415907924,200,0
h1_6,D5,"ETS(A,A,A)",ETS,24,AutoARIMA,1.9603474998409123,1.8672993631072228,1.8329693367152007,5.457078010100315,0.7851074558895056,200,0
h1_6,D5,"ETS(A,A,A)",ETS,24,AutoETS,4.639651692891815,4.383999483677016,4.073461585626134,11.538546011613228,1.7455193789331795,200,0
h1_6,D5,"ETS(A,A,A)",ETS,24,Combination,3.711117094666986,3.431655143039389,3.2900765762750526,9.382217604093299,1.4292607805295128,200,0
h1_6,D5,"ETS(A,A,A)",ETS,24,SeasonalNaive,1.1072231117617048,1.0359511319959607,1.0696850574580516,2.866417851396024,0.42876862648339886,200,0
h1_6,D5,"ETS(A,A,A)",ETS,24,Theta,4.830171180000465,4.577010498424481,4.234049832473718,11.954671981908072,1.9244533731567872,200,0
h1_6,D5,"ETS(A,A,A)",ETS,24,TimesFM3,1.2696224861208667,1.2030744911762072,1.191111991856244,3.3035736537643134,0.4872283475599611,200,0
h1_6,D5,"ETS(A,A,A)",ETS,48,AutoARIMA,0.6423300262770071,0.5612738188558359,0.6322612908045941,1.6609767282288044,0.25048979184731623,200,0
h1_6,D5,"ETS(A,A,A)",ETS,48,AutoETS,0.6372535374712228,0.5811028522482478,0.622026901999206,1.6454303646702284,0.24945992998853658,200,0
h1_6,D5,"ETS(A,A,A)",ETS,48,Combination,0.6793199877914318,0.6001172194089107,0.6579488615758292,1.8281771560608018,0.26337829411086516,200,0
h1_6,D5,"ETS(A,A,A)",ETS,48,SeasonalNaive,1.1112401828615228,1.0146343306652745,1.0417050380005053,3.1164670362432165,0.4198409395374332,200,0
h1_6,D5,"ETS(A,A,A)",ETS,48,Theta,1.0111559191642572,0.6782803839279686,0.9521777930928584,3.057753951570311,0.3974567658633053,200,0
h1_6,D5,"ETS(A,A,A)",ETS,48,TimesFM3,0.7325795333347905,0.6441603817259423,0.7048535012224544,1.905550699141561,0.28484911318141215,200,0
h1_6,D5,"ETS(A,A,A)",ETS,96,AutoARIMA,0.654380271547535,0.5632504625080521,0.6296113031865611,1.6547559813971233,0.2541291837121879,200,0
h1_6,D5,"ETS(A,A,A)",ETS,96,AutoETS,0.6629658582781813,0.5754151351700705,0.6395046651117863,1.689674992446823,0.26033952819184103,200,0
h1_6,D5,"ETS(A,A,A)",ETS,96,Combination,0.628071949394636,0.5258956580538648,0.6066569979531197,1.5963625054098156,0.24485682843514678,200,0
h1_6,D5,"ETS(A,A,A)",ETS,96,SeasonalNaive,1.0652073978473353,0.990124729258154,0.9979035590102333,2.878382334096001,0.4042093565422391,200,0
h1_6,D5,"ETS(A,A,A)",ETS,96,Theta,0.6583652042868632,0.5784639658104745,0.6329670358341035,1.6922666727104383,0.2543869184578709,200,0
h1_6,D5,"ETS(A,A,A)",ETS,96,TimesFM3,0.6789049378658166,0.5466315000513846,0.6483367709349404,1.7183980830686547,0.2640216365862045,200,0
h1_6,D5,"ETS(A,A,A)",ETS,200,AutoARIMA,0.5577239441996064,0.49864919800277513,0.5435374020207056,1.4873516462693326,0.2167220746621139,200,0
h1_6,D5,"ETS(A,A,A)",ETS,200,AutoETS,0.5907278785854089,0.5174681115384417,0.5709568334050167,1.5813373662078944,0.22898723745872018,200,0
h1_6,D5,"ETS(A,A,A)",ETS,200,Combination,0.5672818373231866,0.5254026319327794,0.5490555839820283,1.521934158843311,0.21871823563614634,200,0
h1_6,D5,"ETS(A,A,A)",ETS,200,SeasonalNaive,1.0337542892932197,0.8938848160813124,0.9595208226515498,2.8296287916787373,0.3940521977581434,200,0
h1_6,D5,"ETS(A,A,A)",ETS,200,Theta,0.6695473828346562,0.6250087960253526,0.6479252309973628,1.8276513511435601,0.264090554407501,200,0
h1_6,D5,"ETS(A,A,A)",ETS,200,TimesFM3,0.5998297693917705,0.5517885571734624,0.5800272193444392,1.6067054903121951,0.23111984251689102,200,0
h1_6,D6,Local level with structural break,none,24,AutoARIMA,0.7936063552560357,0.7026950172544473,0.55558572581046,1.9893986367864427,0.45007140891860975,200,0
h1_6,D6,Local level with structural break,none,24,AutoETS,0.753449081781572,0.6530783069888217,0.5308679882382296,1.8793535253204212,0.4311245165165747,200,0
h1_6,D6,Local level with structural break,none,24,Combination,0.7714081700836612,0.7037461226267432,0.5397832501115902,1.9247973488049144,0.4307855657320242,200,0
h1_6,D6,Local level with structural break,none,24,SeasonalNaive,0.7920991258666571,0.7026950172544473,0.5546798130532102,1.9849292354222041,0.4512354329855423,200,0
h1_6,D6,Local level with structural break,none,24,Theta,0.9096904680295163,0.8173932737912994,0.6357968073262962,2.2639434484197194,0.4310182232349494,200,0
h1_6,D6,Local level with structural break,none,24,TimesFM3,0.7217056289654669,0.6348222990243519,0.5197800877939781,1.7999100162516906,0.3070604130674384,200,0
h1_6,D6,Local level with structural break,none,48,AutoARIMA,0.9042408087647955,0.8428385894777048,0.6838671989163077,2.004419438981316,0.42998684114474484,200,0
h1_6,D6,Local level with structural break,none,48,AutoETS,0.8510351264083643,0.7951384485099058,0.6473943266451472,1.8888287817773983,0.4027893435299246,200,0
h1_6,D6,Local level with structural break,none,48,Combination,0.8779333490053848,0.8163058989946395,0.6668139302253975,1.9464842245598097,0.41031612343934876,200,0
h1_6,D6,Local level with structural break,none,48,SeasonalNaive,0.9397747823806681,0.8723851355790366,0.7068119464104654,2.0947700472755013,0.46128275059896134,200,0
h1_6,D6,Local level with structural break,none,48,Theta,0.9296249110755361,0.8490711082867062,0.7059992565662013,2.0589484257681385,0.4070019139567609,200,0
h1_6,D6,Local level with structural break,none,48,TimesFM3,0.7886611052975314,0.7512678153970079,0.6056720797938605,1.7366544298387538,0.31192372877965985,200,0
h1_6,D6,Local level with structural break,none,96,AutoARIMA,0.8370743263408253,0.8122473089734792,0.6939105264971076,1.7239648603767714,0.3586605222291869,200,0
h1_6,D6,Local level with structural break,none,96,AutoETS,0.8226549350515601,0.8011869858943053,0.6834123584435672,1.6959009448643254,0.3564616323931252,200,0
h1_6,D6,Local level with structural break,none,96,Combination,0.8276590896436598,0.7920526158021048,0.6865018035908156,1.7043921758242815,0.3553942299103823,200,0
h1_6,D6,Local level with structural break,none,96,SeasonalNaive,0.9300293928461272,0.8943086687226496,0.7583183608930956,1.9201839183841185,0.4361235795675548,200,0
h1_6,D6,Local level with structural break,none,96,Theta,0.839612326556892,0.7985151102259409,0.6953400382195316,1.726816019133878,0.3546404619877181,200,0
h1_6,D6,Local level with structural break,none,96,TimesFM3,0.772948835771889,0.7469185854384324,0.6424627369763669,1.5957575849660217,0.3024930674408935,200,0
h1_6,D6,Local level with structural break,none,200,AutoARIMA,0.7786727458114326,0.7498252709448003,0.6910630943253366,1.5463367633228848,0.32140583378954113,200,0
h1_6,D6,Local level with structural break,none,200,AutoETS,0.777058444416528,0.7545707887165687,0.6876396873933602,1.5434890595538917,0.3212759994044938,200,0
h1_6,D6,Local level with structural break,none,200,Combination,0.7738790862140581,0.7524011685391516,0.6875722976373475,1.5373968267007105,0.32028040818667075,200,0
h1_6,D6,Local level with structural break,none,200,SeasonalNaive,0.9010019566060524,0.8421949160649491,0.7842943551064968,1.7939880360132188,0.4209408799130126,200,0
h1_6,D6,Local level with structural break,none,200,Theta,0.7743677862737194,0.749155485926595,0.6897244592013578,1.5384098208692873,0.3206832145853763,200,0
h1_6,D6,Local level with structural break,none,200,TimesFM3,0.7917983918784544,0.7631038836477163,0.7026228687919956,1.5713678561574116,0.3087173614583431,200,0
h1_6,D7,Logistic growth,none,24,AutoARIMA,0.9212099252868012,0.832266057110679,0.8612136802808306,2.9636367568142985,0.3608781016306682,200,0
h1_6,D7,Logistic growth,none,24,AutoETS,1.0364913851420452,0.9377129274557453,0.9625474232055768,3.343545183226766,0.4059195183603775,200,0
h1_6,D7,Logistic growth,none,24,Combination,1.2092241475509389,1.124764357375234,1.106020025634863,3.889795291063132,0.4729638198978305,200,0
h1_6,D7,Logistic growth,none,24,SeasonalNaive,3.0633703735939743,3.045791044740316,2.770135574517586,10.176565098474256,1.1536767636587977,200,0
h1_6,D7,Logistic growth,none,24,Theta,1.9372205254798123,1.902067037213914,1.7488977318862504,6.309630665694921,0.7784634462890189,200,0
h1_6,D7,Logistic growth,none,24,TimesFM3,0.9707603673831557,0.9016293197447816,0.9041293096047283,3.1194285795909225,0.3788582574281101,200,0
h1_6,D7,Logistic growth,none,48,AutoARIMA,0.9057638745953333,0.7903602367556297,0.8422992336424221,2.2980144225072583,0.35671384491518354,200,0
h1_6,D7,Logistic growth,none,48,AutoETS,1.032252966680191,0.9431993049439696,0.9524002174365598,2.619849398794291,0.40439019383291513,200,0
h1_6,D7,Logistic growth,none,48,Combination,0.8849161356970932,0.7536705510573087,0.8241949913588106,2.2627052797573755,0.34868350265903353,200,0
h1_6,D7,Logistic growth,none,48,SeasonalNaive,2.565769669587386,2.412484674496371,2.299061860274969,6.7150739208528725,0.9367284629226635,200,0
h1_6,D7,Logistic growth,none,48,Theta,1.586062084208926,1.4660199983152356,1.4301972453265153,4.090818641992386,0.615261993199181,200,0
h1_6,D7,Logistic growth,none,48,TimesFM3,0.7304476261023768,0.6749136743760131,0.6981374050662816,1.8644152392511375,0.2903032761342017,200,0
h1_6,D7,Logistic growth,none,96,AutoARIMA,0.9642583827183668,0.867853838993663,0.8949790466178523,1.9092323645414155,0.37043915513955983,200,0
h1_6,D7,Logistic growth,none,96,AutoETS,0.9649597324580373,0.8697977473524634,0.8942263826990963,1.9087893208188738,0.3713927502312923,200,0
h1_6,D7,Logistic growth,none,96,Combination,0.8542177297510857,0.7736050958840157,0.8020056129365716,1.6924098123423041,0.33221566299066324,200,0
h1_6,D7,Logistic growth,none,96,SeasonalNaive,1.1897089672737609,1.092335417302365,1.094435419315894,2.3967392655639643,0.4738898668496301,200,0
h1_6,D7,Logistic growth,none,96,Theta,0.75986988234356,0.69219619315629,0.7215929659564838,1.5107159681272848,0.32335511524816213,200,0
h1_6,D7,Logistic growth,none,96,TimesFM3,0.8091627197279944,0.7405182414665888,0.7641273199658453,1.6065046345883518,0.3184908985991169,200,0
h1_6,D7,Logistic growth,none,200,AutoARIMA,0.858028478969499,0.787826913543964,0.8126222831813271,1.5364107820528454,0.33477279514256075,200,0
h1_6,D7,Logistic growth,none,200,AutoETS,0.8480522708831434,0.7852763169774778,0.8015417371402492,1.5184122533261024,0.3302733916556459,200,0
h1_6,D7,Logistic growth,none,200,Combination,0.8431273814453588,0.8140834959104766,0.8026873358889207,1.5081816565836959,0.3310452979714851,200,0
h1_6,D7,Logistic growth,none,200,SeasonalNaive,0.921304458428167,0.8364878209950968,0.8594245005892794,1.6522929285135979,0.4149147072891578,200,0
h1_6,D7,Logistic growth,none,200,Theta,0.9956364207926377,0.9246587547486135,0.931436170750716,1.7799850565901125,0.3777473996329129,200,0
h1_6,D7,Logistic growth,none,200,TimesFM3,0.8199271147339094,0.7598716575140381,0.7828321309519585,1.4679435678730763,0.3197746365165564,200,0
h1_6,D8,Intermittent demand,none,24,AutoARIMA,0.9970528908114522,0.8496453841315472,0.742071639499712,166.5266635424687,0.38123611267093066,200,0
h1_6,D8,Intermittent demand,none,24,AutoETS,1.0227603509447065,0.8565953265769163,0.7525286630785315,169.81055827585044,0.39150647038428155,200,0
h1_6,D8,Intermittent demand,none,24,Combination,0.9991817808855046,0.8450439260294782,0.7414888517075329,170.3519091965545,0.3831016177871014,200,0
h1_6,D8,Intermittent demand,none,24,SeasonalNaive,1.0122154518013553,0.8235347985347985,0.8886801290698707,86.4118289118289,0.5508763685634662,200,0
h1_6,D8,Intermittent demand,none,24,Theta,0.9852344317037901,0.8691774465630004,0.747332555616543,172.1351509597841,0.3879046682543498,200,0
h1_6,D8,Intermittent demand,none,24,TimesFM3,0.7846242882328249,0.6725310884238709,0.7508365135302926,191.84440805599402,0.3269971969762429,200,0
h1_6,D8,Intermittent demand,none,48,AutoARIMA,0.9560683378711071,0.8488500553939253,0.6918423732731113,170.5268657679821,0.35881318669388323,200,0
h1_6,D8,Intermittent demand,none,48,AutoETS,0.974956089105204,0.8506261229341483,0.697278567622742,170.36420620983975,0.36472641298098,200,0
h1_6,D8,Intermittent demand,none,48,Combination,0.9616781533856805,0.8547057229276376,0.6931830792148799,170.63524009130776,0.36073395986387685,200,0
h1_6,D8,Intermittent demand,none,48,SeasonalNaive,1.0458161454357309,0.7958281206561023,0.8676667952494013,83.14959962065224,0.5656386236117137,200,0
h1_6,D8,Intermittent demand,none,48,Theta,0.9705087615273611,0.8717543277840603,0.7073802809833404,172.24690750675433,0.3723278622781606,200,0
h1_6,D8,Intermittent demand,none,48,TimesFM3,0.7048909100637265,0.5936480695634713,0.7020717868795944,195.74549845608783,0.3052043909672004,200,0
h1_6,D8,Intermittent demand,none,96,AutoARIMA,0.9513331185091956,0.9261031237278103,0.7063139675957946,168.43008669406328,0.35283721881047386,200,0
h1_6,D8,Intermittent demand,none,96,AutoETS,0.9503702428040622,0.9161336242993462,0.7026717256721895,167.7943919863044,0.35124332898341626,200,0
h1_6,D8,Intermittent demand,none,96,Combination,0.9477200358886809,0.9239638605328169,0.7026092467225229,168.1128216911931,0.3514656633972478,200,0
h1_6,D8,Intermittent demand,none,96,SeasonalNaive,0.9598142802186851,0.8200661375661376,0.8586602032456551,85.51696370078722,0.5315442760896705,200,0
h1_6,D8,Intermittent demand,none,96,Theta,0.9451238891942677,0.9401760492264906,0.7089132560144782,168.87656722445436,0.3572685986762877,200,0
h1_6,D8,Intermittent demand,none,96,TimesFM3,0.7309751873789163,0.6900806000255371,0.7656575997912327,197.19919293566508,0.30181112056924836,200,0
h1_6,D8,Intermittent demand,none,200,AutoARIMA,0.9546550892848182,0.9151694146420408,0.7062275438643075,167.19648422360765,0.3512117895300988,200,0
h1_6,D8,Intermittent demand,none,200,AutoETS,0.9547434250005997,0.9086186639507108,0.7050005006764961,167.0607797734456,0.3504981035704003,200,0
h1_6,D8,Intermittent demand,none,200,Combination,0.9535305032999998,0.9126504003801152,0.7047560577655227,167.06792942404272,0.34993243561573484,200,0
h1_6,D8,Intermittent demand,none,200,SeasonalNaive,1.0249957008033943,0.8686704913943626,0.9133568319915986,88.48900356466146,0.5459799009469587,200,0
h1_6,D8,Intermittent demand,none,200,Theta,0.9526070188380915,0.91724589198016,0.7146387811963807,167.80450136089678,0.3556760612761803,200,0
h1_6,D8,Intermittent demand,none,200,TimesFM3,0.7357375903679394,0.6987775187299493,0.7843994696460708,198.17765349509904,0.3000245770306264,200,0
h1_6,D9,"AR(1) with GARCH(1,1) errors",ARIMA (mean only),24,AutoARIMA,1.3413597902664767,1.1532315424506292,1.2295381948896884,1.5947564043709972,0.5305993948717717,200,0
h1_6,D9,"AR(1) with GARCH(1,1) errors",ARIMA (mean only),24,AutoETS,1.4080449478844894,1.2060907051192014,1.2882337804267967,1.6929061976788804,0.5544989178238641,200,0
h1_6,D9,"AR(1) with GARCH(1,1) errors",ARIMA (mean only),24,Combination,1.354965027193459,1.185651651596391,1.24441523499744,1.626206095369516,0.5320615861595812,200,0
h1_6,D9,"AR(1) with GARCH(1,1) errors",ARIMA (mean only),24,SeasonalNaive,1.4638687316573644,1.2267536582055594,1.343666704732189,1.7761757385543402,0.5845475348312735,200,0
h1_6,D9,"AR(1) with GARCH(1,1) errors",ARIMA (mean only),24,Theta,1.424850583712364,1.1971030010794066,1.3053279966083002,1.728806108245335,0.5649136486330136,200,0
h1_6,D9,"AR(1) with GARCH(1,1) errors",ARIMA (mean only),24,TimesFM3,1.299565078161737,1.1432384026297537,1.1986904745874902,1.5491231644739247,0.5095130583558337,200,0
h1_6,D9,"AR(1) with GARCH(1,1) errors",ARIMA (mean only),48,AutoARIMA,1.1358968461362193,1.0680725939194398,1.0643587844194518,1.3493407770715538,0.4488408981406842,200,0
h1_6,D9,"AR(1) with GARCH(1,1) errors",ARIMA (mean only),48,AutoETS,1.3459001282352312,1.1948433753856995,1.225581143461573,1.6014930796826194,0.5263161000952379,200,0
h1_6,D9,"AR(1) with GARCH(1,1) errors",ARIMA (mean only),48,Combination,1.2372921593266617,1.1455890713215133,1.1408919078954212,1.4708700319594659,0.4868261788661563,200,0
h1_6,D9,"AR(1) with GARCH(1,1) errors",ARIMA (mean only),48,SeasonalNaive,1.4587016260131949,1.2949962841157654,1.3203121735094958,1.7375049977585684,0.5769092148180128,200,0
h1_6,D9,"AR(1) with GARCH(1,1) errors",ARIMA (mean only),48,Theta,1.3533405754473276,1.218414223666613,1.2346933987386597,1.6077319989865613,0.534984395177587,200,0
h1_6,D9,"AR(1) with GARCH(1,1) errors",ARIMA (mean only),48,TimesFM3,1.1577401822006257,1.0777452228419708,1.0796229898604044,1.3793623742737962,0.4518869732726578,200,0
h1_6,D9,"AR(1) with GARCH(1,1) errors",ARIMA (mean only),96,AutoARIMA,1.0992844514998743,0.9603133905345809,1.018785266292281,1.3251584731703425,0.43338273705829666,200,0
h1_6,D9,"AR(1) with GARCH(1,1) errors",ARIMA (mean only),96,AutoETS,1.2768223044816114,1.1502006918197707,1.1659186328227755,1.5493543585207874,0.5015575897052854,200,0
h1_6,D9,"AR(1) with GARCH(1,1) errors",ARIMA (mean only),96,Combination,1.1800237994481917,1.0622080028599528,1.0861590454096222,1.4279539914827513,0.4647256584258384,200,0
h1_6,D9,"AR(1) with GARCH(1,1) errors",ARIMA (mean only),96,SeasonalNaive,1.3614045755808675,1.209239669687844,1.2359417218742481,1.652436178006607,0.5455537047111158,200,0
h1_6,D9,"AR(1) with GARCH(1,1) errors",ARIMA (mean only),96,Theta,1.2820065027589354,1.1490780034490677,1.1706683854851563,1.5567033850033951,0.5056984460891338,200,0
h1_6,D9,"AR(1) with GARCH(1,1) errors",ARIMA (mean only),96,TimesFM3,1.0948129709187457,0.9471821871186912,1.0125194371726614,1.3177161277551408,0.4293027180415711,200,0
h1_6,D9,"AR(1) with GARCH(1,1) errors",ARIMA (mean only),200,AutoARIMA,1.1661505973787742,1.065876465580224,1.06451912269499,1.4329195264822059,0.45419630259045574,200,0
h1_6,D9,"AR(1) with GARCH(1,1) errors",ARIMA (mean only),200,AutoETS,1.429459595084579,1.2534979736396274,1.283018412864067,1.7538748605073728,0.5572035524651,200,0
h1_6,D9,"AR(1) with GARCH(1,1) errors",ARIMA (mean only),200,Combination,1.2947062051647982,1.1312367867485622,1.1712669061127854,1.5850480340898514,0.5045063450727824,200,0
h1_6,D9,"AR(1) with GARCH(1,1) errors",ARIMA (mean only),200,SeasonalNaive,1.4958895302683748,1.2794910553800227,1.3287742911193994,1.8361547507158564,0.5863930207314582,200,0
h1_6,D9,"AR(1) with GARCH(1,1) errors",ARIMA (mean only),200,Theta,1.4260083110530621,1.2373677048161316,1.280442651276835,1.7482004202895443,0.557498918590687,200,0
h1_6,D9,"AR(1) with GARCH(1,1) errors",ARIMA (mean only),200,TimesFM3,1.1883482197974324,1.0604533724630363,1.0797095292662005,1.4570542915654872,0.46185266646772966,200,0
