dgp,n,quantile_shape,max_abs_forecast_minus_q50,crossing_share
D1,24,"(12, 9)",0.0,0.0
D1,48,"(12, 9)",0.0,0.0
D1,96,"(12, 9)",0.0,0.0
D1,200,"(12, 9)",0.0,0.0
D2,24,"(12, 9)",0.0,0.005
D2,48,"(12, 9)",0.0,0.0
D2,96,"(12, 9)",0.0,0.0
D2,200,"(12, 9)",0.0,0.0
D3,24,"(12, 9)",0.0,0.0
D3,48,"(12, 9)",0.0,0.0
D3,96,"(12, 9)",0.0,0.0
D3,200,"(12, 9)",0.0,0.0
D4,24,"(12, 9)",0.0,0.0
D4,48,"(12, 9)",0.0,0.0
D4,96,"(12, 9)",0.0,0.0
D4,200,"(12, 9)",0.0,0.0
D5,24,"(12, 9)",0.0,0.0
D5,48,"(12, 9)",0.0,0.0
D5,96,"(12, 9)",0.0,0.0
D5,200,"(12, 9)",0.0,0.0
D6,24,"(12, 9)",0.0,0.0
D6,48,"(12, 9)",0.0,0.0
D6,96,"(12, 9)",0.0,0.0
D6,200,"(12, 9)",0.0,0.0
D7,24,"(12, 9)",0.0,0.0
D7,48,"(12, 9)",0.0,0.0
D7,96,"(12, 9)",0.0,0.0
D7,200,"(12, 9)",0.0,0.0
D8,24,"(12, 9)",0.0,0.43666666666666665
D8,48,"(12, 9)",0.0,0.31833333333333336
D8,96,"(12, 9)",0.0,0.43
D8,200,"(12, 9)",0.0,0.4633333333333333
D9,24,"(12, 9)",0.0,0.0
D9,48,"(12, 9)",0.0,0.0
D9,96,"(12, 9)",0.0,0.0
D9,200,"(12, 9)",0.0,0.0
