dgp,n,method,mean,mcse,median,mcse_pct
D1,24,AutoARIMA,1.4846342824151757,0.047528657176923554,1.3858847659662645,3.2013713909128385
D1,24,AutoETS,1.5675093454695994,0.049938232812131604,1.4429405103667245,3.1858331790150154
D1,24,Chronos2,1.4454602235090268,0.04447192925668976,1.317270738490965,3.0766622653046003
D1,24,ChronosBolt,1.4133028361390398,0.04247763570465838,1.292122213845925,3.0055579468517712
D1,24,CombEAD,1.5154425090111392,0.04768642428643855,1.3730263738204171,3.1466996605206115
D1,24,Combination,1.5381975104450525,0.04827962810676564,1.3777771420510705,3.1387144875040605
D1,24,DOTM,1.5968471960711512,0.05241505630581844,1.4487256231728012,3.2824090141360633
D1,24,M4Comb,1.6889081039086948,0.05691931360992382,1.5852727190645093,3.370184172732288
D1,24,SeasonalNaive,1.6464526869034863,0.0559716119564818,1.4925425295247865,3.3995275055093526
D1,24,Theta,1.681723393158148,0.05499287498532037,1.4903524334946474,3.270030922388964
D1,24,TiRex,1.416910963351925,0.044281917927210715,1.284279351185274,3.1252435101818183
D1,24,TimesFM25,1.4171645205822696,0.04583814820654097,1.282542125435799,3.2344973036516236
D1,24,TimesFM25raw,1.4263893824950795,0.052017665357744845,1.279460280710794,3.6468068254093504
D1,24,TimesFM3,1.416603355438663,0.04217226160992483,1.312849875544365,2.9769985683018403
D1,24,TimesFM3eval,1.4176187033651422,0.04175696026261643,1.3020192465840386,2.945570636412583
D1,24,TimesFM3mean,1.423308442237584,0.043809207896814605,1.284756694499865,3.077984124645683
D1,48,AutoARIMA,1.4154541272316152,0.043322152886915974,1.3079293681019015,3.0606539663455328
D1,48,AutoETS,1.5700758329117794,0.054388951805543054,1.3969087705013448,3.4640971261035327
D1,48,Chronos2,1.423634104011727,0.04385211063081155,1.2594031754498776,3.080293630732684
D1,48,ChronosBolt,1.4359470518161905,0.044447727925113124,1.2839783775829794,3.095359809325524
D1,48,CombEAD,1.4697432528695378,0.04770094108491309,1.314766365055403,3.24552883585493
D1,48,Combination,1.4782208613663514,0.048153536224664735,1.3302758897141727,3.25753326063572
D1,48,DOTM,1.5558752766689627,0.054442070045581756,1.389498586684334,3.499128166760193
D1,48,M4Comb,1.6066134086912476,0.05700038202728568,1.398490804838218,3.5478592248099297
D1,48,SeasonalNaive,1.6247620695854763,0.058126130229393225,1.4115312144397243,3.5775164448677015
D1,48,Theta,1.5856881786443282,0.05542212366778417,1.4218952197774897,3.4951464237544414
D1,48,TiRex,1.4121141689507681,0.04259545484577549,1.261365013248382,3.016431375192903
D1,48,TimesFM25,1.4014170368705674,0.04031848079371594,1.2790627144251168,2.8769794952506835
D1,48,TimesFM25raw,1.4029045338776962,0.04055436622849512,1.2634419854107417,2.8907431153851135
D1,48,TimesFM3,1.3810071652741593,0.03944767882145718,1.2427621817061585,2.856442733490523
D1,48,TimesFM3eval,1.3778624056295126,0.0388108337948823,1.2529125219786614,2.8167423420737396
D1,48,TimesFM3mean,1.3783177861505183,0.03945060450551192,1.2577498323949217,2.8622285007068564
D1,96,AutoARIMA,1.324217261064881,0.038956834633218994,1.2071796986927317,2.941876365657061
D1,96,AutoARIMA_cf,1.324217261064881,0.038956834633218994,1.2071796986927317,2.941876365657061
D1,96,AutoETS,1.5641195936914034,0.052573371282909453,1.4027539845578985,3.361211731823752
D1,96,AutoETS_cf,1.5641195936914034,0.052573371282909453,1.4027539845578985,3.361211731823752
D1,96,Chronos2,1.332812581893677,0.03693304769185845,1.230447602541953,2.7710608523355553
D1,96,ChronosBolt,1.369731029123491,0.03709993793028779,1.2773276199870724,2.7085564349103293
D1,96,CombEAD,1.4332610358574807,0.043494741645818416,1.3215869767201376,3.034669928063502
D1,96,Combination,1.435247885317999,0.04368025670448016,1.324330536389676,3.043394604605336
D1,96,DOTM,1.564867360765237,0.052853129359751734,1.3925575995580832,3.3774830177240056
D1,96,M4Comb,1.5859792756293467,0.05393603740227823,1.432832666214403,3.400803417237302
D1,96,SeasonalNaive,1.6257199164670593,0.054407157612207324,1.4600958574073255,3.3466501247301252
D1,96,Theta,1.5719940702231014,0.05325868222678024,1.4116553188779783,3.3879696644925406
D1,96,TiRex,1.3350221915962472,0.03588448579492122,1.253219075171859,2.687931782767984
D1,96,TimesFM25,1.3218820193055638,0.03368980144127713,1.238631346665724,2.548623927797709
D1,96,TimesFM25raw,1.3260781500953618,0.03408062274291061,1.226409903831163,2.57003124140608
D1,96,TimesFM3,1.307224075179379,0.033494951076402234,1.1968534234934831,2.562296067857074
D1,96,TimesFM3eval,1.3061342742544946,0.03365044972937403,1.1958983014746023,2.576339231935459
D1,96,TimesFM3mean,1.3081137985620401,0.033587791052608354,1.2091258362399082,2.567650543059032
D1,200,AutoARIMA,1.2659981192442091,0.03467550477838078,1.1826647632433338,2.7389854891002354
D1,200,AutoARIMA_cf,1.2659981192442091,0.03467550477838078,1.1826647632433338,2.7389854891002354
D1,200,AutoETS,1.575532589591741,0.057210333808728614,1.352852115811892,3.631174257306427
D1,200,AutoETS_cf,1.575532589591741,0.057210333808728614,1.352852115811892,3.631174257306427
D1,200,Chronos2,1.2685430429018256,0.034033130053469904,1.1926218707554113,2.6828518152303467
D1,200,ChronosBolt,1.290143707245093,0.035149855366917865,1.2013477261679002,2.72449147870318
D1,200,CombEAD,1.416517386269609,0.04584930163878857,1.2502301643214344,3.2367623640351115
D1,200,Combination,1.4166326691047855,0.045901539127031044,1.2502523360987996,3.2401864031582486
D1,200,DOTM,1.5765804396365843,0.057285084897689506,1.359499942340964,3.633502196113395
D1,200,M4Comb,1.5849993934226685,0.0581036172585857,1.351249694530195,3.6658447630769113
D1,200,SeasonalNaive,1.6146471534608633,0.06141017699503754,1.3537114356656308,3.8033186918522652
D1,200,Theta,1.5764420510762351,0.05747772059372823,1.3521566544334336,3.6460408141541425
D1,200,TiRex,1.2839770565313728,0.03384447786211198,1.1965337912981382,2.6359098622479955
D1,200,TimesFM25,1.2519838372800098,0.03216928483288735,1.2231928116286392,2.5694648664775532
D1,200,TimesFM25raw,1.251311817123478,0.03241261560173921,1.191747782933966,2.590290857817478
D1,200,TimesFM3,1.2540708346937488,0.03253671596413938,1.1863988434979391,2.594487892072303
D1,200,TimesFM3eval,1.25147248751188,0.032361439331120276,1.170504055722207,2.585869018619802
D1,200,TimesFM3mean,1.255188273899825,0.032656336550101535,1.1865671897097154,2.6017082241088394
D2,24,AutoARIMA,1.707537022101547,0.08694285975682389,1.5213346808345551,5.0917115489431195
D2,24,AutoETS,1.8855764147633272,0.06866610569723713,1.6467905265215812,3.6416506464340737
D2,24,Chronos2,1.6959969060847664,0.05213426776394641,1.5085577585443235,3.0739600748623492
D2,24,ChronosBolt,1.657041950279237,0.05017684918561323,1.525148413156541,3.028097700070759
D2,24,CombEAD,1.7659297797495848,0.0635572387619391,1.5580511602694014,3.599080750025731
D2,24,Combination,1.787939012099566,0.06495412337500982,1.5546996496227175,3.63290486618638
D2,24,DOTM,1.9204266790581295,0.06750278060518285,1.668712210899916,3.514988691903066
D2,24,M4Comb,2.017133836719921,0.07935158869201205,1.7210065913452883,3.933878221042901
D2,24,SeasonalNaive,1.9053446601946675,0.06648639134004769,1.6467740634048966,3.4894679544883407
D2,24,Theta,2.0032898357947277,0.07256734616837354,1.7513376681741675,3.622408743445017
D2,24,TiRex,1.6289651323696157,0.05189176635922013,1.4897775883346114,3.185566426687995
D2,24,TimesFM25,1.6279248648956521,0.050223609503813826,1.5017266492561314,3.0851306830449508
D2,24,TimesFM25raw,1.643902924338573,0.05096059648883614,1.5052153671910127,3.099976022570811
D2,24,TimesFM3,1.6747080290460703,0.06184144457501102,1.502822511368838,3.6926702148933086
D2,24,TimesFM3eval,1.6638175191170996,0.0610912995812677,1.5082129585716335,3.671754797586555
D2,24,TimesFM3mean,1.6814911040810145,0.062317886396026596,1.506906060207411,3.706108598777583
D2,48,AutoARIMA,1.5747211117109368,0.05327599694736337,1.404481432776353,3.3832020509002336
D2,48,AutoETS,1.8341548985594573,0.067663876155806,1.5281723033006305,3.689103696146335
D2,48,Chronos2,1.5655078820511685,0.04559659917579719,1.4948487163147357,2.9125755097480157
D2,48,ChronosBolt,1.5418698393702046,0.04498036640735212,1.4189326565280256,2.917260929477996
D2,48,CombEAD,1.6803014022294067,0.057967019626989844,1.441373760964428,3.4497989200080292
D2,48,Combination,1.6876279173986601,0.05841199073964036,1.4575641236942152,3.4611889349210134
D2,48,DOTM,1.8366920125319042,0.06735150707391392,1.5234468814523776,3.667000597507308
D2,48,M4Comb,1.8785703764906736,0.07156358494555241,1.5651227041713778,3.8094705336107326
D2,48,SeasonalNaive,1.8383297401571672,0.06785050635425093,1.5319117212889712,3.6908779133633596
D2,48,Theta,1.8602795849347546,0.06864622945993323,1.578065490147122,3.690102821955166
D2,48,TiRex,1.5519021289155075,0.04519122749023361,1.4324865884026874,2.9119895287349027
D2,48,TimesFM25,1.510182521282139,0.042822742072404676,1.3856567465868257,2.8356004303405884
D2,48,TimesFM25raw,1.5174386390965733,0.04297448354991041,1.4157304778086108,2.8320409433817915
D2,48,TimesFM3,1.5183062011086725,0.041835453213420234,1.4146506001458539,2.755402907718604
D2,48,TimesFM3eval,1.5167388155589356,0.04176574393023716,1.4261881416359756,2.75365432082293
D2,48,TimesFM3mean,1.519297833045446,0.042494559946301615,1.3953615377990425,2.796986806801461
D2,96,AutoARIMA,1.5172167858361734,0.03828522781037564,1.483900659850423,2.523385462630231
D2,96,AutoARIMA_cf,1.5172167858361734,0.03828522781037564,1.483900659850423,2.523385462630231
D2,96,AutoETS,1.811000579862184,0.05701443981613491,1.6589609756071528,3.1482286891632953
D2,96,AutoETS_cf,1.811000579862184,0.05701443981613491,1.6589609756071528,3.1482286891632953
D2,96,Chronos2,1.459558767840261,0.03518481549596694,1.4209398769399475,2.41064740051753
D2,96,ChronosBolt,1.458186517911101,0.0351010226878421,1.4091216152985666,2.40716960805024
D2,96,CombEAD,1.6422500293203266,0.04482936004956838,1.5146997062385046,2.7297524280222896
D2,96,Combination,1.6430165012774731,0.044978244096053395,1.517105176321798,2.7375406187997533
D2,96,DOTM,1.8087539145620284,0.0567629717495152,1.6563988585868543,3.1382362903280727
D2,96,M4Comb,1.8362477440708975,0.0589619747986367,1.653397705555681,3.211003253184129
D2,96,SeasonalNaive,1.8100401875690662,0.05692774236120666,1.6589187562571786,3.145109304874727
D2,96,Theta,1.811715123490719,0.0571955407867272,1.635827988282378,3.156983128590647
D2,96,TiRex,1.467591065858608,0.03474985635409849,1.4241777689189519,2.367816019223872
D2,96,TimesFM25,1.4429976147933607,0.035372444295225805,1.420536999938129,2.4513168928758895
D2,96,TimesFM25raw,1.446533917112297,0.03585873572048006,1.4232807322436232,2.4789419242975335
D2,96,TimesFM3,1.4553137031907566,0.03516610451485757,1.4219986114008876,2.4163934166053913
D2,96,TimesFM3eval,1.4466167700932937,0.034879016720462695,1.4065703452794907,2.4110750989160254
D2,96,TimesFM3mean,1.4554884191015884,0.03518142807107637,1.4223226307820651,2.417156166229916
D2,200,AutoARIMA,1.3743395900500621,0.03405646141289013,1.296857419439107,2.4780237475113105
D2,200,AutoARIMA_cf,1.3743395900500621,0.03405646141289013,1.296857419439107,2.4780237475113105
D2,200,AutoETS,1.9205349080126224,0.06700988349253194,1.6948625905288244,3.4891260353020113
D2,200,AutoETS_cf,1.9205349080126224,0.06700988349253194,1.6948625905288244,3.4891260353020113
D2,200,Chronos2,1.3881853732064784,0.03373038775021339,1.312814582807463,2.4298186972177773
D2,200,ChronosBolt,1.4322096123461945,0.035381689449273244,1.3637703423306529,2.4704267548736967
D2,200,CombEAD,1.6536885089423723,0.049536146494940106,1.4978554527463048,2.995494388881089
D2,200,Combination,1.6541204938819052,0.049573283452866525,1.4999553224736528,2.996957212985584
D2,200,DOTM,1.9176915387252433,0.06674315092904645,1.687982478199484,3.4803903329214747
D2,200,M4Comb,1.9472633367619736,0.06801993380204824,1.7028960040975978,3.493104015153691
D2,200,SeasonalNaive,1.92151313738384,0.06732969747988451,1.6948768305065887,3.5039936063905652
D2,200,Theta,1.91911422968322,0.0668353192546761,1.69244867995975,3.4826128753007226
D2,200,TiRex,1.4120025303041985,0.03420627234625053,1.3420955611209022,2.4225361932518075
D2,200,TimesFM25,1.3740193758721233,0.033496257847558594,1.321439612411174,2.437830094375322
D2,200,TimesFM25raw,1.3740023451420165,0.03334155484039175,1.320328688059146,2.4266010140576273
D2,200,TimesFM3,1.3827306402051198,0.033395166699576796,1.2993539162114403,2.4151606776156216
D2,200,TimesFM3eval,1.3858004724052202,0.03422857636984754,1.2994171514469683,2.46994982693575
D2,200,TimesFM3mean,1.3828470484645277,0.033398346034572486,1.3019149653142787,2.4151872813162543
D3,24,AutoARIMA,5.274750639122243,0.2564248651756027,4.400598279180567,4.861364692270527
D3,24,AutoETS,4.89204338063979,0.23477899396113633,4.2136352991115515,4.799200981951054
D3,24,Chronos2,4.857484291943257,0.22038151329918262,4.461134799534548,4.536947523735956
D3,24,ChronosBolt,4.8712682680717485,0.22277505095469113,4.290566479060941,4.573245378720946
D3,24,CombEAD,4.724735840046424,0.22941648936290393,3.9988018744055136,4.855646900264581
D3,24,Combination,4.658644346908002,0.22434224371064126,3.8724563218973316,4.8156121610687
D3,24,DOTM,4.584199200067014,0.23044555961702015,3.7087946608715647,5.02695344507829
D3,24,M4Comb,4.481100971652321,0.2133585299860101,3.7076338709677055,4.761297086044865
D3,24,SeasonalNaive,4.4108663631851615,0.21309708244372347,3.8187083776292967,4.831184282124622
D3,24,Theta,4.483307271936746,0.21917238449388457,3.594569329971936,4.888631788987423
D3,24,TiRex,4.537236821236342,0.21003031871412522,3.988700313653719,4.62903584249972
D3,24,TimesFM25,4.867854061475108,0.2256691666173718,4.240907498700794,4.63590657746603
D3,24,TimesFM25raw,4.921703400549449,0.22889745257508162,4.104915845347256,4.650777057177562
D3,24,TimesFM3,4.6561091057195565,0.23628166467801195,3.9264393127761505,5.074659105126295
D3,24,TimesFM3eval,4.659369447984315,0.23529582176116126,3.955125375007537,5.049949878152554
D3,24,TimesFM3mean,4.63550194502211,0.23563114617138417,3.7516586770694302,5.0831851429685955
D3,48,AutoARIMA,4.678862972628095,0.238888081832841,3.4040867152973355,5.105686642895179
D3,48,AutoETS,4.547221525835204,0.20734957576507668,3.7473931807177268,4.55991806396527
D3,48,Chronos2,4.165129888025581,0.20221544473072178,3.2315666867622523,4.854961313741383
D3,48,ChronosBolt,4.41834958077337,0.2093461988190964,3.5176978191312562,4.738108540122651
D3,48,CombEAD,4.3179100656789355,0.2034467220429378,3.4637530122528206,4.711694290718128
D3,48,Combination,4.312824512367077,0.202735743944027,3.5789229544671914,4.700764971138515
D3,48,DOTM,4.1685292413161035,0.20465156393531872,3.1060071826766706,4.909442925503034
D3,48,M4Comb,4.1400101012181665,0.19613170524831897,3.350877738909177,4.737469244111475
D3,48,SeasonalNaive,4.2515162505309005,0.20759662817462335,3.064258675903176,4.882884503821433
D3,48,Theta,4.179036163310994,0.20569397158851477,3.2193390369310686,4.92204335043481
D3,48,TiRex,4.202985771047579,0.20852140763664684,3.3664663399847656,4.9612684647436645
D3,48,TimesFM25,4.3797229091173735,0.21138257188029774,3.4930824687979833,4.826391446825498
D3,48,TimesFM25raw,4.3264345856733035,0.20776837263670997,3.300113037138055,4.802300104680213
D3,48,TimesFM3,4.273856636266093,0.20547875374607225,3.358462473751563,4.807806420142143
D3,48,TimesFM3eval,4.271152052871619,0.2051710217611745,3.348211391627058,4.803645930217636
D3,48,TimesFM3mean,4.265418961987553,0.2053990351638476,3.4571982446335507,4.815448071908463
D3,96,AutoARIMA,3.939657542557875,0.17903776369533372,3.2640317757456216,4.544500677058623
D3,96,AutoARIMA_cf,3.939657542557875,0.17903776369533372,3.2640317757456216,4.544500677058623
D3,96,AutoETS,3.9377272148353986,0.17910328714152815,3.358931675048431,4.548392444930061
D3,96,AutoETS_cf,3.9377272148353986,0.17910328714152815,3.358931675048431,4.548392444930061
D3,96,Chronos2,4.044290110513948,0.17925197955350353,3.5311897887452757,4.432223570893241
D3,96,ChronosBolt,4.06777001725083,0.1868291938297215,3.503833116113414,4.592914374151086
D3,96,CombEAD,3.853997819655311,0.17203673528874647,3.2031980319885784,4.463851391180415
D3,96,Combination,3.87051943143126,0.17227050697276436,3.2288210368863988,4.450836897337609
D3,96,DOTM,4.06047117008324,0.18790293121887125,3.314738028748293,4.627613972568096
D3,96,M4Comb,4.004928404315859,0.1796575450104871,3.4075378960650173,4.485911528827369
D3,96,SeasonalNaive,4.124871839081731,0.1905792021559961,3.4545377644678243,4.62024541830183
D3,96,Theta,4.134532000946743,0.18922393464743306,3.5412336941041627,4.5766711831980915
D3,96,TiRex,3.968514822438315,0.17499831111396572,3.1957608942649793,4.4096675694521945
D3,96,TimesFM25,3.9423109444621467,0.17354393823360306,3.406030693032723,4.4020865091167956
D3,96,TimesFM25raw,3.9501993577642107,0.17239037183984918,3.5161852166916474,4.364092953967293
D3,96,TimesFM3,4.022702674864335,0.17670577783533592,3.4145006951928067,4.392712862908649
D3,96,TimesFM3eval,4.023861801269821,0.17898598853465247,3.367199277010581,4.448114706080845
D3,96,TimesFM3mean,4.017110255428608,0.1768061807150428,3.4471919584256034,4.401327558189672
D3,200,AutoARIMA,4.194937927093399,0.20115020737494207,3.1696441757031404,4.7950699359767555
D3,200,AutoARIMA_cf,4.194937927093399,0.20115020737494207,3.1696441757031404,4.7950699359767555
D3,200,AutoETS,4.274624614216548,0.1988510697699053,3.497548204768819,4.65189549296484
D3,200,AutoETS_cf,4.274624614216548,0.1988510697699053,3.497548204768819,4.65189549296484
D3,200,Chronos2,4.4710534567359765,0.2051757280841116,3.857863458907021,4.5889795340066675
D3,200,ChronosBolt,4.436454537531277,0.2198203795925256,3.6895506798101545,4.954866047491326
D3,200,CombEAD,4.196047409650446,0.19926124766099304,3.3465314454088975,4.7487844680380435
D3,200,Combination,4.198853214872126,0.19886802258409617,3.428540458790219,4.7362461226249986
D3,200,DOTM,4.413175744063675,0.21156225434134587,3.7352847912109826,4.793877846943349
D3,200,M4Comb,4.434008796262821,0.20149789022974915,3.598908732901809,4.544372812241159
D3,200,SeasonalNaive,4.512078902642524,0.21019900256448718,3.898989651012653,4.658584370973277
D3,200,Theta,4.426525029937318,0.2110212982382051,3.659390711728408,4.767199932476
D3,200,TiRex,4.4997465879352925,0.20475189638926067,4.065032798698882,4.550298386541163
D3,200,TimesFM25,4.314928846602221,0.2029537524112202,3.534587790256122,4.703524892908386
D3,200,TimesFM25raw,4.326479014804792,0.20356895332388478,3.5961264337950487,4.705187581571332
D3,200,TimesFM3,4.296646554842196,0.1984634878875743,3.6390515561214682,4.619032199981907
D3,200,TimesFM3eval,4.266220571132001,0.19750547349379297,3.5647599907744034,4.6295185680328474
D3,200,TimesFM3mean,4.3012182114955975,0.19884663086003715,3.6113636060587133,4.62303052490088
D4,24,AutoARIMA,2.283864738408849,0.0789337178653538,1.9297837416399464,3.456146790914873
D4,24,AutoETS,3.6017784703584628,0.10097988233626704,3.6152438547195827,2.8036116925929964
D4,24,Chronos2,1.357382946937948,0.032989128016663455,1.2958614353399682,2.43034790521584
D4,24,ChronosBolt,1.964554395652593,0.05011160560192077,1.853159772386082,2.5507873802229084
D4,24,CombEAD,3.0713835016202555,0.07152711746973708,3.0359043009345497,2.3288240440180847
D4,24,Combination,3.0836706628481054,0.0721123285328486,3.0165121387178893,2.3385223785942504
D4,24,DOTM,4.0082676392484204,0.10343796591880162,3.9552500758861737,2.5806152489906338
D4,24,M4Comb,4.105217123443361,0.10978336157687156,3.9849053908887604,2.6742400773381707
D4,24,SeasonalNaive,1.0288070974778873,0.025708179812080744,0.9640978560381493,2.498833831444607
D4,24,Theta,4.14648277082412,0.10966188295996583,3.9746402943367745,2.6446964577202468
D4,24,TiRex,1.4604423280746328,0.03405721502652116,1.4259189887667707,2.3319794538836964
D4,24,TimesFM25,1.2853081301429965,0.027250713319605144,1.2409580106598148,2.120169683869764
D4,24,TimesFM25raw,1.2984039645830827,0.028118984325688982,1.2453184161757362,2.1656576144788637
D4,24,TimesFM3,1.3213820215190204,0.030878715791807027,1.2636474819201018,2.3368500016603675
D4,24,TimesFM3eval,1.3022607835305238,0.030253234529176862,1.2590917462070612,2.3231318113686985
D4,24,TimesFM3mean,1.3324349283664838,0.030974323053133558,1.2843912779222804,2.324640580467741
D4,48,AutoARIMA,1.0135275110341289,0.030324604303082335,0.9062572956974873,2.9919863025860383
D4,48,AutoETS,1.7202887169638978,0.03151319728830832,1.6619423419366561,1.8318551402188648
D4,48,Chronos2,1.4213600588408741,0.031005631651494406,1.3367919584016965,2.1814058625496795
D4,48,ChronosBolt,2.033446846255431,0.034050650565405446,1.9783692962246218,1.6745286766708127
D4,48,CombEAD,1.3966140107050058,0.02835140269856194,1.3479442573810883,2.0300099011787984
D4,48,Combination,1.3947553538064363,0.028389636430395722,1.340299556455057,2.0354563510308368
D4,48,DOTM,1.9557861809646142,0.04740676932365336,1.8033537081026823,2.4239239332528597
D4,48,M4Comb,1.940224111055784,0.04798824116145846,1.818704265101405,2.473334955895656
D4,48,SeasonalNaive,1.0214627111756065,0.02391419738674971,0.9726878927422704,2.3411718435836724
D4,48,Theta,1.9444215741510709,0.04801887577713312,1.7649810663249488,2.469571229587803
D4,48,TiRex,1.2150498870478694,0.03372950176442323,1.1300057623461282,2.7759767005430276
D4,48,TimesFM25,1.4088593779803689,0.02710566906973881,1.381724450830179,1.9239442554299058
D4,48,TimesFM25raw,1.4338149131518139,0.029428551309945088,1.3756100731659,2.052465143165181
D4,48,TimesFM3,1.2953411781213933,0.026908690873435198,1.272150885766365,2.077343894251885
D4,48,TimesFM3eval,1.2833288476821951,0.027153415034959265,1.2392652057266313,2.1158579177894055
D4,48,TimesFM3mean,1.2951856573942147,0.026905600568584105,1.2629079664692897,2.077354734047589
D4,96,AutoARIMA,0.8861513621016747,0.02032194718038355,0.851909442436328,2.293281717943335
D4,96,AutoARIMA_cf,0.8861513621016747,0.02032194718038355,0.851909442436328,2.293281717943335
D4,96,AutoETS,2.4070180390729803,0.05548450913253035,2.385779046061905,2.3051139722201337
D4,96,AutoETS_cf,2.4070180390729803,0.05548450913253035,2.385779046061905,2.3051139722201337
D4,96,Chronos2,1.2525173559448823,0.025455270853711243,1.2094842528846064,2.0323287923230513
D4,96,ChronosBolt,2.256021617744962,0.04351317052081998,2.1746427722886628,1.9287568070519725
D4,96,CombEAD,1.8359646740198472,0.039997877879159954,1.7975080806391428,2.1785755709332113
D4,96,Combination,1.838873565980283,0.039908579010813,1.8053495629231304,2.170273136181507
D4,96,DOTM,2.922660624701846,0.07988595349664501,2.701198346447928,2.7333297893522808
D4,96,M4Comb,2.856412848059047,0.07765722750620158,2.6495782519736837,2.718697598597143
D4,96,SeasonalNaive,1.004861124394736,0.023683144818440652,0.9351248537643535,2.3568575043348265
D4,96,Theta,2.910105219887564,0.07843372210672116,2.6797425369414647,2.695219457039136
D4,96,TiRex,0.981923971708332,0.02147547804794531,0.9799139259737503,2.187081552819481
D4,96,TimesFM25,1.2659370992221977,0.024425911059358114,1.2744991026728592,1.929472726122459
D4,96,TimesFM25raw,1.302519892215142,0.02360530770888189,1.2637032252259277,1.8122800158343313
D4,96,TimesFM3,1.1237002365442657,0.022329258379247523,1.0800014637927524,1.9871187753699395
D4,96,TimesFM3eval,1.088534072391781,0.022306520635010884,1.0513001190858273,2.0492257615784037
D4,96,TimesFM3mean,1.1260130385753415,0.02223823069535715,1.0885496167994049,1.9749532139959491
D4,200,AutoARIMA,0.8856949907143575,0.021325869582101517,0.8361822998146102,2.407811922352765
D4,200,AutoARIMA_cf,0.8856949907143575,0.021325869582101517,0.8361822998146102,2.407811922352765
D4,200,AutoETS,1.0854818617213233,0.024265716471793396,1.02416604621922,2.2354787608623488
D4,200,AutoETS_cf,1.0854818617213233,0.024265716471793396,1.02416604621922,2.2354787608623488
D4,200,Chronos2,1.3013782191110463,0.026169973694936254,1.237797722691994,2.0109429611333596
D4,200,ChronosBolt,2.714492469268852,0.05878240603531879,2.63204204111456,2.1655026381838454
D4,200,CombEAD,1.689492254164802,0.041874625864246985,1.5262370714501312,2.478533166459981
D4,200,Combination,1.6997485567249964,0.04314114100773872,1.5373119733197598,2.538089580194217
D4,200,DOTM,4.125378846385191,0.11288830473514694,3.6425869021504518,2.73643485698444
D4,200,M4Comb,3.9402251997589492,0.10591942639386259,3.4935453359782995,2.688156666790071
D4,200,SeasonalNaive,1.0525108404519439,0.021651096893224312,1.042858266454728,2.0570901563282162
D4,200,Theta,4.1550186814371965,0.11718313091367895,3.6569483875532587,2.82027927906081
D4,200,TiRex,1.011640685937454,0.021185774800289076,0.9796255041992977,2.0941995606529917
D4,200,TimesFM25,1.1966752438289314,0.022455905920677033,1.1656824644149848,1.876524649145928
D4,200,TimesFM25raw,1.2485404569553948,0.022632256894118925,1.227853809405612,1.812697119107249
D4,200,TimesFM3,1.1610597656223272,0.019715346917474,1.1417076820123282,1.6980475511445003
D4,200,TimesFM3eval,1.1259038806837491,0.0203286694426548,1.1066665513673284,1.8055421773934575
D4,200,TimesFM3mean,1.1609671248240274,0.019690371344163866,1.1485631971030998,1.6960317758479524
D5,24,AutoARIMA,1.5738340014371983,0.04298289041414566,1.4697418933652393,2.7310942815375965
D5,24,AutoETS,3.025151961588705,0.09251139412532769,2.848965234363762,3.0580742818864515
D5,24,Chronos2,1.0565673403792817,0.0371553361866719,0.9271748922086582,3.5166084324860964
D5,24,ChronosBolt,1.6481431911829487,0.04962787036176188,1.5347460490145284,3.0111382692508446
D5,24,CombEAD,2.441779287243124,0.06628764530429701,2.274183256486441,2.714727152065356
D5,24,Combination,2.4737051617524206,0.06893148382107894,2.318001807860143,2.786568297906875
D5,24,DOTM,3.0310368793177287,0.09257401956644493,2.8613204393199387,3.054203008816009
D5,24,M4Comb,3.0680244677208823,0.09833467242561757,2.853513473440784,3.205146290722597
D5,24,SeasonalNaive,1.1393896155555445,0.037924785719029415,1.0442368706679832,3.328517760848471
D5,24,Theta,3.1544051190551845,0.10223294698330462,3.0151797363050026,3.240958061021842
D5,24,TiRex,1.197700882732055,0.04304900654033335,1.0785262170075118,3.5943036496838006
D5,24,TimesFM25,1.1338225759131397,0.037354047564489436,1.0378600359511874,3.294523178320544
D5,24,TimesFM25raw,1.1485905114890995,0.03675816689256254,1.040937111812616,3.2002847424629266
D5,24,TimesFM3,1.1520714430345458,0.038129965282776665,1.0417012037559443,3.309687564370373
D5,24,TimesFM3eval,1.1294946080722743,0.037927684658949745,1.0038006669549095,3.357934105031409
D5,24,TimesFM3mean,1.1728463600495314,0.0383816735207984,1.0719387691777715,3.2725235655911042
D5,48,AutoARIMA,0.7173328563564548,0.02389356524871361,0.6307050494984531,3.3308895636087374
D5,48,AutoETS,0.7408564707049341,0.027211154773224416,0.6528307331778014,3.6729320521872024
D5,48,Chronos2,0.7571405128757942,0.026733765839298138,0.6632694144780068,3.5308856658266947
D5,48,ChronosBolt,1.1105720896658675,0.0339190873004898,1.0555791211375676,3.054199508173744
D5,48,CombEAD,0.7332564034048055,0.023233682538383652,0.6567643876523885,3.168561833282367
D5,48,Combination,0.7313265175641187,0.02336571678819179,0.6558204304158317,3.1949773770022247
D5,48,DOTM,0.9683810086677134,0.03916915957908174,0.8255657058091557,4.044808730085506
D5,48,M4Comb,0.9627876835750813,0.038826110188007225,0.7942103131325482,4.032676243202008
D5,48,SeasonalNaive,1.108132325129911,0.03155500351280573,1.0931109799487866,2.847584426264832
D5,48,Theta,0.9562367943002208,0.03818739376507682,0.8318333851833715,3.993508092629144
D5,48,TiRex,1.03701412052056,0.035997607877143005,0.9562588016298254,3.471274610906256
D5,48,TimesFM25,0.8872227542612865,0.029199766902313153,0.7906764361962068,3.2911426991776453
D5,48,TimesFM25raw,0.8460227184779554,0.027235618291118393,0.7517487811086091,3.219253773718615
D5,48,TimesFM3,0.8148540338254746,0.028597430417010763,0.7365620495943861,3.5095157205953966
D5,48,TimesFM3eval,0.806017300050941,0.0283452571529706,0.7202156307970067,3.516705801622267
D5,48,TimesFM3mean,0.8166395620525247,0.028650036254867055,0.7353556321951856,3.5082841422547117
D5,96,AutoARIMA,0.732087753110861,0.027220726699522056,0.6545023956277721,3.7182327642899367
D5,96,AutoARIMA_cf,0.732087753110861,0.027220726699522056,0.6545023956277721,3.7182327642899367
D5,96,AutoETS,0.7611409990138226,0.029210373983073235,0.674440042585619,3.837708653313887
D5,96,AutoETS_cf,0.7611409990138226,0.029210373983073235,0.674440042585619,3.837708653313887
D5,96,Chronos2,0.7875999767130366,0.03429112276839537,0.6553869229625754,4.353875543712642
D5,96,ChronosBolt,0.8552653400712547,0.03544878624741559,0.7356155230809613,4.144770585987064
D5,96,CombEAD,0.7176142500065974,0.027191930588656456,0.6430377366797526,3.789212740466966
D5,96,Combination,0.7128403657800291,0.02697106518965759,0.6353623776464792,3.7836052059347636
D5,96,DOTM,0.7643220089965895,0.02632465364428164,0.693143048915897,3.4441836469998997
D5,96,M4Comb,0.7586764423067094,0.02539417527788641,0.6894329286115699,3.347168023390442
D5,96,SeasonalNaive,1.0760457728422284,0.03279547781931931,1.0111203080741658,3.047777208649268
D5,96,Theta,0.757229245884454,0.02541667910440246,0.6876100082946213,3.3565369064312143
D5,96,TiRex,0.9146368378485112,0.03631467042988732,0.7821202570472335,3.970392283270578
D5,96,TimesFM25,0.8212516400408802,0.030277126278237594,0.757415531931949,3.686705122041578
D5,96,TimesFM25raw,0.837799916401615,0.030962081563619948,0.7652514646245827,3.695641519827712
D5,96,TimesFM3,0.7611725257312213,0.028782423276153553,0.6918959654706643,3.781327137169551
D5,96,TimesFM3eval,0.7554402173348219,0.02861756214234336,0.6729097986084842,3.7881968004437927
D5,96,TimesFM3mean,0.7603161885815856,0.028744604105195,0.6847159995142443,3.780611873965191
D5,200,AutoARIMA,0.6255882180457332,0.022350000306477314,0.5613551732456332,3.5726376651235836
D5,200,AutoARIMA_cf,0.6255882180457332,0.022350000306477314,0.5613551732456332,3.5726376651235836
D5,200,AutoETS,0.680568625219953,0.024192506397025804,0.6080223721032079,3.5547489996628965
D5,200,AutoETS_cf,0.680568625219953,0.024192506397025804,0.6080223721032079,3.5547489996628965
D5,200,Chronos2,0.688219884270882,0.023441912613402022,0.6201652806549875,3.406166132243766
D5,200,ChronosBolt,0.7438853930549267,0.02745015286881888,0.6580492836241851,3.690105105584729
D5,200,CombEAD,0.651668563717722,0.02201490576249903,0.5754406671565196,3.3782365742649283
D5,200,Combination,0.645468836608964,0.02191565342965299,0.5664433006769274,3.3953077494475328
D5,200,DOTM,0.7735608474072841,0.020446398978262528,0.7000340742989735,2.643153288689827
D5,200,M4Comb,0.7341747465830235,0.01879264043097702,0.6639342984106951,2.5596958378698296
D5,200,SeasonalNaive,1.0402385809085513,0.03030057382137214,0.9625792082617046,2.9128484924013702
D5,200,Theta,0.7589697692786675,0.020116114123805123,0.695381960020482,2.650449983393104
D5,200,TiRex,0.7566604273344546,0.026484479685674474,0.694117906587352,3.500180362143871
D5,200,TimesFM25,0.6963752710557951,0.023231648186102304,0.6329868181749122,3.3360817294502887
D5,200,TimesFM25raw,0.7107332197202745,0.02374214025241183,0.6657540300215974,3.340513654582812
D5,200,TimesFM3,0.6892311464503355,0.023819070351653076,0.6088727609128062,3.45589001227318
D5,200,TimesFM3eval,0.6818551825268944,0.02345956949754594,0.6137599154633302,3.4405501488757295
D5,200,TimesFM3mean,0.6883365757828396,0.023787538165308923,0.611893725213586,3.4558004037858296
D6,24,AutoARIMA,0.8021614906062281,0.025224544435203982,0.6901775043129086,3.144571851254129
D6,24,AutoETS,0.7663012362702298,0.023998339758063782,0.6405005220077262,3.1317109541502766
D6,24,Chronos2,2.067325174401376,0.08201285903667414,1.7465080055056315,3.9671000988232135
D6,24,ChronosBolt,2.2511019263534093,0.058722921661362705,2.123772615045829,2.6086300657424593
D6,24,CombEAD,0.807855750039971,0.02625078528484678,0.7101699454700743,3.2494396782529487
D6,24,Combination,0.836658053118802,0.02548993424221375,0.7524197149894157,3.0466370516838
D6,24,DOTM,0.9051735677494273,0.0368422337075424,0.7411255841766047,4.070184439780412
D6,24,M4Comb,1.197428730277754,0.038416429729160984,1.08444243368299,3.20824352696548
D6,24,SeasonalNaive,0.8012860991302161,0.02525833969171918,0.6864316908198231,3.152224869386443
D6,24,Theta,1.3270621127349735,0.038471101949414006,1.2117227350916844,2.8989676956512613
D6,24,TiRex,0.9036837239365652,0.03432071422767633,0.7568493201645277,3.7978679175686363
D6,24,TimesFM25,0.7627103562832381,0.02444808062020636,0.6715084060872576,3.205421352785117
D6,24,TimesFM25raw,0.753107484910305,0.02330543290161422,0.6575968562968788,3.0945692837443906
D6,24,TimesFM3,0.8074391644777767,0.03553176693932321,0.6763661401890123,4.400550345152493
D6,24,TimesFM3eval,0.813466176127272,0.03642060834253029,0.6810834449926461,4.477212379735387
D6,24,TimesFM3mean,0.9145838812181359,0.03820306880180833,0.770270271963293,4.177098414518916
D6,48,AutoARIMA,0.9252899913645761,0.02742807695633171,0.8202419939621459,2.9642681983279657
D6,48,AutoETS,0.8690619851349416,0.022726120243574267,0.8015871224446223,2.615017183158175
D6,48,Chronos2,0.8280752146984897,0.02083061832522371,0.8021075463064575,2.5155466502892914
D6,48,ChronosBolt,1.0193790792687374,0.03313486640320173,0.8798247231784267,3.2504950392911125
D6,48,CombEAD,0.8959964533654906,0.02471518702707073,0.8212681895358911,2.7584023278481693
D6,48,Combination,0.9236569504970339,0.025134323126266293,0.8639931127916013,2.7211751194792755
D6,48,DOTM,0.9105194891704861,0.02659807677454481,0.8359465326403301,2.921197963458921
D6,48,M4Comb,1.0162749475236315,0.029207887996101526,0.9355613135998251,2.8740143666113895
D6,48,SeasonalNaive,0.946929792595564,0.027637103474851887,0.8473520360202883,2.9186011139323993
D6,48,Theta,1.1146736535338362,0.031119832420608413,1.0128654160595694,2.79183349511757
D6,48,TiRex,0.8431914430999176,0.02210903335051944,0.7684085691956273,2.6220656686502375
D6,48,TimesFM25,0.7923417105369467,0.0179132162127147,0.7642601968607283,2.2607942980277334
D6,48,TimesFM25raw,0.8031218478851434,0.01844541113655064,0.7684044147248028,2.2967139027686576
D6,48,TimesFM3,0.8246840303697652,0.022271862498857185,0.7792755552123994,2.700654029746533
D6,48,TimesFM3eval,0.8143535260009364,0.021362637849155087,0.775122087887997,2.6232633821899265
D6,48,TimesFM3mean,0.8313105992689452,0.023688992156600006,0.7779698225776824,2.849595828253858
D6,96,AutoARIMA,0.9203667976483699,0.023353362142862048,0.8586411042257902,2.5373972857921694
D6,96,AutoARIMA_cf,0.9203667976483699,0.023353362142862048,0.8586411042257902,2.5373972857921694
D6,96,AutoETS,0.9054829021075096,0.022738342891064085,0.8505650820000511,2.511184124862064
D6,96,AutoETS_cf,0.9054829021075096,0.022738342891064085,0.8505650820000511,2.511184124862064
D6,96,Chronos2,0.8494661432130645,0.019415348294125525,0.808405383893771,2.285594128647425
D6,96,ChronosBolt,0.8863095731453151,0.020626927940286553,0.8451195286605391,2.327282539337377
D6,96,CombEAD,0.9091705450913087,0.022784136894271254,0.8479219812255974,2.5060355306586652
D6,96,Combination,0.915578397650579,0.02303056993334766,0.85873701599111,2.515412114620144
D6,96,DOTM,0.9107304496979534,0.022835654435300903,0.8456175985089325,2.507399905523574
D6,96,M4Comb,0.9326016819931111,0.02391771943044264,0.8826822940449905,2.564623235433894
D6,96,SeasonalNaive,1.0055245962381933,0.027759546545771736,0.9294517543056104,2.760702885799516
D6,96,Theta,0.9628666700336852,0.025800342058973944,0.8942144579574645,2.6795342347940383
D6,96,TiRex,0.8648393981065609,0.01991791125578298,0.8223367687643452,2.303076305194968
D6,96,TimesFM25,0.9088130309207663,0.03138600794084965,0.8275048997955263,3.4535164960223814
D6,96,TimesFM25raw,0.9048078122190328,0.029557144863228555,0.8254174411163908,3.2666765764035492
D6,96,TimesFM3,0.8651027460485585,0.020510471360375964,0.8294689892008151,2.37087114265439
D6,96,TimesFM3eval,0.8706667608386814,0.02000873728360132,0.8447995578459355,2.298093620150106
D6,96,TimesFM3mean,0.9054032920474917,0.025960158374811162,0.8507852858345195,2.867248065346051
D6,200,AutoARIMA,0.8333739873703228,0.017386546131270386,0.8032361905079412,2.086283756724027
D6,200,AutoARIMA_cf,0.8333739873703228,0.017386546131270386,0.8032361905079412,2.086283756724027
D6,200,AutoETS,0.8248373768040215,0.01697080725660679,0.8000742660600647,2.0574731133503175
D6,200,AutoETS_cf,0.8248373768040215,0.01697080725660679,0.8000742660600647,2.0574731133503175
D6,200,Chronos2,0.841399568005486,0.018730168269671547,0.7912314394062903,2.226072960088497
D6,200,ChronosBolt,0.8477037586084262,0.02151554316143898,0.7975343472403953,2.5380969404640212
D6,200,CombEAD,0.8269666901425962,0.016927577630267098,0.8140728906940903,2.046947940230607
D6,200,Combination,0.8273006536138962,0.016736601981389137,0.7993629295136542,2.0230374421050756
D6,200,DOTM,0.8278854698256083,0.016944532594701578,0.8064087420292557,2.0467242405245853
D6,200,M4Comb,0.889899549048049,0.01841287785167808,0.8494169844229991,2.069096211069537
D6,200,SeasonalNaive,0.9335830370678663,0.022978416538424678,0.858058519172856,2.4613147011104353
D6,200,Theta,0.8396256961944184,0.016955398703063226,0.8152593035432256,2.0193996896370763
D6,200,TiRex,0.8333882986976231,0.01785955095523817,0.802278927776346,2.143004765383456
D6,200,TimesFM25,0.8303118075854767,0.018031553794255216,0.7879632995295285,2.171660529155964
D6,200,TimesFM25raw,0.8283821935623856,0.01842471877355527,0.7831204310462123,2.224180929616723
D6,200,TimesFM3,0.8439346375349294,0.018762226861948426,0.7875811670140889,2.223184832980846
D6,200,TimesFM3eval,0.8412206358446193,0.018465902587073046,0.787903548773922,2.1951319071639914
D6,200,TimesFM3mean,0.8467535102538436,0.01920415324982829,0.7905363343439248,2.2679744479678843
D7,24,AutoARIMA,1.082947615546971,0.03651793100584148,0.9500824391652962,3.3720865609364807
D7,24,AutoETS,1.271678050844044,0.04248157721548492,1.1805138975753358,3.3405921559540053
D7,24,Chronos2,1.139197801859513,0.0397246787956096,1.0499717117197476,3.487074740731328
D7,24,ChronosBolt,2.268273419178222,0.07586851687518638,2.0775232356122117,3.3447694723977746
D7,24,CombEAD,1.0453100905169375,0.03566901457120019,0.9031752307731292,3.4122902758511384
D7,24,Combination,1.6804410159104517,0.04844235388818976,1.6460186435103286,2.8827167052896536
D7,24,DOTM,0.9742088341749918,0.03473965710028097,0.8617866934237286,3.565935339695439
D7,24,M4Comb,2.8467985709816954,0.058423507969332544,2.8182725889609035,2.052252961093263
D7,24,SeasonalNaive,5.417230316997156,0.07975270303780861,5.461487746637674,1.4722043991294913
D7,24,Theta,3.179410965382672,0.05795594010465205,3.1348102720571456,1.8228514883943765
D7,24,TiRex,1.1617118968216207,0.04841773099665435,0.9703641263043263,4.167791612457665
D7,24,TimesFM25,2.12813852648315,0.08082895651308271,1.9715406788163956,3.7981059741752996
D7,24,TimesFM25raw,2.2041233898150803,0.08173648919687865,2.0311881159828142,3.7083445316433084
D7,24,TimesFM3,1.14177664540335,0.033497757495261855,1.0496330502915039,2.933827524859581
D7,24,TimesFM3eval,1.1366974815556319,0.03358127618060557,1.066272671786811,2.954284383092657
D7,24,TimesFM3mean,1.13772556492922,0.03375076622796785,1.0700582256568916,2.9665120718340847
D7,48,AutoARIMA,1.0763073841470092,0.050874949055703625,0.8360188651641469,4.726804796198888
D7,48,AutoETS,1.6016463297237054,0.06050202008706224,1.4013511281805289,3.777489384781923
D7,48,Chronos2,1.85494996816504,0.06265668446125269,1.8029319038809248,3.377809942940625
D7,48,ChronosBolt,1.3054979850074246,0.06434162735188717,1.001549238753807,4.928512191577319
D7,48,CombEAD,1.0683115026962167,0.03763617948974372,0.967370981896903,3.5229593049178165
D7,48,Combination,0.9695026822932168,0.03788259343290129,0.7741928144792256,3.9074253351517867
D7,48,DOTM,0.8330938200500266,0.023356060635465282,0.777989764262951,2.8035330563444547
D7,48,M4Comb,1.260139216361428,0.05300965519328512,1.0359769340768372,4.206650702161872
D7,48,SeasonalNaive,4.243143749639272,0.06721139261263397,4.215097523888133,1.5839998967357138
D7,48,Theta,2.262336131496083,0.048339307232182376,2.1749293650854233,2.1366987230237795
D7,48,TiRex,1.2855891276100584,0.05251749645896936,1.0735753682426692,4.085091833080502
D7,48,TimesFM25,1.4865460030821336,0.06114794920545542,1.2971838433654042,4.113424615092582
D7,48,TimesFM25raw,1.4572281204146156,0.0596895106418427,1.1596131644155219,4.096099286421925
D7,48,TimesFM3,0.7512974802355034,0.021528513936073558,0.6793834227842932,2.8655112658337654
D7,48,TimesFM3eval,0.7440733729599946,0.019927744729065503,0.670526317562709,2.6781961904900644
D7,48,TimesFM3mean,0.756012170762912,0.021997702759151336,0.6702163440343625,2.9097021992321723
D7,96,AutoARIMA,1.3289197054983513,0.04814177266115165,1.1208529065104684,3.6226246372874913
D7,96,AutoARIMA_cf,1.3289197054983513,0.04814177266115165,1.1208529065104684,3.6226246372874913
D7,96,AutoETS,1.305428281382698,0.04674367798672373,1.1298386283922746,3.580715896335051
D7,96,AutoETS_cf,1.305428281382698,0.04674367798672373,1.1298386283922746,3.580715896335051
D7,96,Chronos2,1.0927297963175386,0.03523655099367324,1.003428274893989,3.224635322695436
D7,96,ChronosBolt,1.408586588783397,0.04876016814932073,1.2564603877219307,3.4616379665686807
D7,96,CombEAD,1.4747049297072947,0.04806978933340419,1.3496422879587495,3.259620847876685
D7,96,Combination,1.0969676585010157,0.03601567528910714,0.9429712573224007,3.2832030197063267
D7,96,DOTM,2.1643106233387512,0.040170935537399845,2.138816205859892,1.8560614684518144
D7,96,M4Comb,0.9616063980860068,0.027275647256589697,0.8676647026385096,2.8364669069256907
D7,96,SeasonalNaive,1.6552348683046423,0.04195714279629302,1.6090634859574444,2.5348150645996963
D7,96,Theta,0.8209454788460129,0.0204165119200655,0.763538889730583,2.4869510151593253
D7,96,TiRex,1.8429232288410204,0.05976493802795374,1.737618347050546,3.2429423587839183
D7,96,TimesFM25,0.9818548245433505,0.02848172154512766,0.8815642849681657,2.900807821398055
D7,96,TimesFM25raw,1.0453405130209512,0.029317803783320946,0.9493122958961884,2.8046175784955296
D7,96,TimesFM3,0.9589868937483438,0.031553276927932236,0.827448218745626,3.2902719665543634
D7,96,TimesFM3eval,1.017640959746624,0.03517289470144697,0.8611310379364776,3.4563167259113126
D7,96,TimesFM3mean,0.9589513007923784,0.03131851074533024,0.8361600177022799,3.2659125358557684
D7,200,AutoARIMA,0.9939253662969185,0.02973562085886186,0.8706527573585057,2.991735784915951
D7,200,AutoARIMA_cf,0.9939253662969185,0.02973562085886186,0.8706527573585057,2.991735784915951
D7,200,AutoETS,0.9663571848081915,0.027876501636619436,0.8530783299396388,2.884699578464099
D7,200,AutoETS_cf,0.9663571848081915,0.027876501636619436,0.8530783299396388,2.884699578464099
D7,200,Chronos2,1.060482838969707,0.03246801199795575,0.9660860458145815,3.061625403528403
D7,200,ChronosBolt,1.5856125616553467,0.054116277778234814,1.4637727975473833,3.412957180519467
D7,200,CombEAD,1.1098778354378005,0.03358879362958028,0.9580240526308421,3.026350518688474
D7,200,Combination,0.9539508612712894,0.027029700367783103,0.8472611629644886,2.8334478708643105
D7,200,DOTM,2.2389107792608667,0.04022279849086889,2.1767803162145665,1.7965342283155952
D7,200,M4Comb,1.5223014765925995,0.031446327204072075,1.4539939144231204,2.065709564603397
D7,200,SeasonalNaive,0.9171703153282992,0.025509043294520313,0.8335512224140187,2.781276592602041
D7,200,Theta,1.3006844349929698,0.03116113461823409,1.2156054358794064,2.3957490210454093
D7,200,TiRex,1.0943580772773038,0.03487156087369031,0.9731348627336631,3.186485447290582
D7,200,TimesFM25,1.2143614448364175,0.04606578531157804,0.9880080497329042,3.7934163265355814
D7,200,TimesFM25raw,1.0456802471761364,0.0375979128138896,0.8968272694107269,3.595545857868398
D7,200,TimesFM3,0.9333083464715682,0.024708428181379187,0.8544545481654854,2.6474024661614752
D7,200,TimesFM3eval,0.8837100507783161,0.02276828944837141,0.8100090446821777,2.5764434192321946
D7,200,TimesFM3mean,0.9461421288679217,0.025330567865079808,0.8561011463611112,2.6772476451702185
D8,24,ADIDA,0.9721168531710154,0.02604222077602024,0.8800090211186823,2.6789187628083306
D8,24,AutoARIMA,0.9964221321783333,0.03167616052840356,0.8917118095187451,3.1789900590781297
D8,24,AutoETS,1.0474453596687465,0.05774162306788635,0.8731705962741046,5.512614336861168
D8,24,Chronos2,0.7502808876632706,0.031100529194878778,0.6997013795791435,4.145184784293324
D8,24,ChronosBolt,0.7864259508159849,0.02981763318645803,0.714133505155759,3.791537290385657
D8,24,CombEAD,1.0097411253759054,0.03772856993699928,0.8528334767378323,3.7364596715770815
D8,24,Combination,1.0095757661009643,0.03850600369891772,0.874414225325221,3.8140776543824906
D8,24,CrostonClassic,1.0424460451171171,0.028270041824562192,0.9524984427225156,2.7118949663611702
D8,24,CrostonOptimized,1.024117332221969,0.02800864407827653,0.917001808333859,2.734905776617194
D8,24,CrostonSBA,1.0250927748104872,0.028162614243924446,0.9336588761907016,2.747323455589761
D8,24,DOTM,0.9869190868652536,0.031083711929689055,0.8684406578530424,3.149570450442913
D8,24,IMAPA,0.9715215719577986,0.02697683939236861,0.8758537164098097,2.7767617488930485
D8,24,M4Comb,1.0737773294458823,0.05010615397756132,0.9048080678592608,4.666344930509788
D8,24,SeasonalNaive,1.0187443602219117,0.05409437873681479,0.8608477011494253,5.309907062948695
D8,24,TSB,0.9707132272716527,0.027602494116266967,0.880241980541085,2.8435271448652517
D8,24,Theta,0.9985696476887526,0.03414873361321202,0.8849785137631389,3.4197648298495005
D8,24,TiRex,0.7758568720772968,0.030172333688887693,0.6868235096616646,3.8889046130510647
D8,24,TimesFM25,0.7695645600523322,0.03068379347043416,0.7174204039087335,3.987163009214924
D8,24,TimesFM25raw,0.7751985263103813,0.030873524931899845,0.7198586940473387,3.9826604262065395
D8,24,TimesFM3,0.780167283787818,0.030895890146234506,0.7210818772445993,3.9601622354927226
D8,24,TimesFM3eval,0.7791857464033123,0.03067782418254018,0.725806647024694,3.937164446879026
D8,24,TimesFM3mean,1.002061900038187,0.026258313513882456,0.8949265311467938,2.6204282901966227
D8,24,Zero,0.7183759221333753,0.03232010306061803,0.6499977181453085,4.499051550146109
D8,48,ADIDA,0.9474233595192293,0.024467963168534532,0.8638699296117814,2.5825796802129535
D8,48,AutoARIMA,0.9622821579284684,0.023720082678941334,0.8878751775173667,2.464982072410468
D8,48,AutoETS,0.9876143548699254,0.03269876069301386,0.8846432206993076,3.3108834973667913
D8,48,Chronos2,0.7006333118924272,0.030149542086761107,0.6424963515566608,4.303184215624358
D8,48,ChronosBolt,0.7378268784928111,0.028746094144357144,0.669302164021347,3.896048650745546
D8,48,CombEAD,0.9721047456691234,0.027681240522973577,0.8898853055589045,2.8475573899106834
D8,48,Combination,0.9737766312253704,0.02813576771946384,0.879383993156801,2.8893451349370194
D8,48,CrostonClassic,0.9903325922122221,0.023757938437735413,0.911343276732463,2.398985817952787
D8,48,CrostonOptimized,0.9920282231047163,0.023569616673901242,0.9099708802109077,2.3759018266774943
D8,48,CrostonSBA,0.9741751960528497,0.0239693451913692,0.904970340604669,2.4604758249325047
D8,48,DOTM,0.9770631931687196,0.033619867045672554,0.8753594867956254,3.440910197081497
D8,48,IMAPA,0.9542936042925888,0.02530538607303391,0.8722139223400684,2.6517400891303904
D8,48,M4Comb,0.9930793595219926,0.03426093603855369,0.8994340788638153,3.449969603138746
D8,48,SeasonalNaive,1.0658683453496667,0.065996273091974,0.7663816585956418,6.191784696478945
D8,48,TSB,0.9664985645565536,0.02788526739184943,0.8809769136781965,2.88518456358429
D8,48,Theta,0.9838931189637192,0.035605952770714766,0.8910345232103369,3.618884214600115
D8,48,TiRex,0.7048321077257225,0.02963854813239085,0.6393138457232943,4.2050507925958955
D8,48,TimesFM25,0.705850902960284,0.03038624900602112,0.6397029130355014,4.304910410765722
D8,48,TimesFM25raw,0.7147686654584217,0.03053208027278995,0.6435372246841949,4.271603072192315
D8,48,TimesFM3,0.7075707030641338,0.029960147755046643,0.6400560563266801,4.234226717599283
D8,48,TimesFM3eval,0.7077025283278584,0.029853780117995193,0.6380336104396107,4.218408006614439
D8,48,TimesFM3mean,0.9640205442490416,0.024950382598243313,0.8924605408694067,2.588158805026226
D8,48,Zero,0.6837396153503477,0.0308560257843944,0.6246980676328502,4.512832822855203
D8,96,ADIDA,0.9255868739747971,0.015444551200009647,0.9097334830083587,1.6686225393069032
D8,96,AutoARIMA,0.9244243235168587,0.015227767280072383,0.9009638821906634,1.6472702948944717
D8,96,AutoARIMA_cf,0.9244243235168587,0.015227767280072383,0.9009638821906634,1.6472702948944717
D8,96,AutoETS,0.9262355918388444,0.015044478089967719,0.8974375318714941,1.6242604173847495
D8,96,AutoETS_cf,0.9262355918388444,0.015044478089967719,0.8974375318714941,1.6242604173847495
D8,96,Chronos2,0.6809003348297427,0.022526380752960352,0.6892092103808845,3.3083227604217607
D8,96,ChronosBolt,0.7075404776117006,0.021380673724384975,0.7065705594160439,3.021830467785438
D8,96,CombEAD,0.9231719465159738,0.015314964297827343,0.9031768255248971,1.658950356499199
D8,96,Combination,0.923468680068369,0.015352347340098249,0.9015844471512425,1.6624654058610453
D8,96,CrostonClassic,0.9349268500181763,0.014579102899002674,0.9112382085762707,1.5593843410015698
D8,96,CrostonOptimized,0.947565529319368,0.015428423912149252,0.9239180172443184,1.628217092619591
D8,96,CrostonSBA,0.9212158549735849,0.014862900699802976,0.8946597926799944,1.6134004445927776
D8,96,DOTM,0.9220377315386885,0.016893662204207703,0.922702095991515,1.8322094233622854
D8,96,IMAPA,0.9232230935333391,0.016057982916367806,0.9180765689065992,1.7393393892380926
D8,96,M4Comb,0.9323912082255871,0.017218019178618826,0.9090589965153079,1.8466518159674687
D8,96,SeasonalNaive,0.9323910759125947,0.04710596193828081,0.8114611056637251,5.052167824769771
D8,96,TSB,0.9156284554923825,0.01895262436978054,0.9167971013118059,2.0699033823264807
D8,96,Theta,0.9228224513135433,0.01716962592871086,0.9247611428867439,1.8605557227472795
D8,96,TiRex,0.6832847311696412,0.022557196403243825,0.6802208538378633,3.3012879366747447
D8,96,TimesFM25,0.6775888477943697,0.022589773918532344,0.6827376829275489,3.3338467703629835
D8,96,TimesFM25raw,0.6871437830309539,0.022622921430099176,0.6896067642152356,3.2923126118249515
D8,96,TimesFM3,0.6825904370809259,0.022429530494903278,0.6815869991674828,3.285942679012964
D8,96,TimesFM3eval,0.6811548544806967,0.022467987833512604,0.6767888595581542,3.298513940804532
D8,96,TimesFM3mean,0.9145813573359667,0.015717751815890663,0.900534939356995,1.718573387683522
D8,96,Zero,0.6679610978255529,0.02290734147485114,0.6777943197434722,3.42944245546972
D8,200,ADIDA,0.940638655423544,0.015221431189782395,0.9278796056205991,1.6182017506954995
D8,200,AutoARIMA,0.9394654938618565,0.014691380510092868,0.9165592571786273,1.5638020348891237
D8,200,AutoARIMA_cf,0.9394654938618565,0.014691380510092868,0.9165592571786273,1.5638020348891237
D8,200,AutoETS,0.9394785693512105,0.014741222838681695,0.9146891562644035,1.5690855884942385
D8,200,AutoETS_cf,0.9394785693512105,0.014741222838681695,0.9146891562644035,1.5690855884942385
D8,200,Chronos2,0.694263405199864,0.022967418483541106,0.6578230945954406,3.3081706901906003
D8,200,ChronosBolt,0.7189372231889334,0.021830495460755217,0.6782367092352735,3.036495365189662
D8,200,CombEAD,0.9401192732329565,0.014992099536509844,0.92407779085304,1.5947018600048297
D8,200,Combination,0.9401467369651826,0.015005257187500228,0.9218997152085234,1.5960548069270097
D8,200,CrostonClassic,0.9473329185351587,0.014793603600871863,0.9273723523855686,1.5616055677392597
D8,200,CrostonOptimized,0.9484656538513337,0.014968502878849432,0.9400782250407107,1.578180803708434
D8,200,CrostonSBA,0.9338428662100428,0.015058374014193755,0.9187888448702695,1.6125168975490978
D8,200,DOTM,0.9432448088008715,0.016928495457154236,0.9362498175242946,1.794708573978276
D8,200,IMAPA,0.9417714133285368,0.01586788014151797,0.9386610441664021,1.6848971965963107
D8,200,M4Comb,0.944784357797467,0.015252132269095123,0.9134235385324805,1.6143506339003886
D8,200,SeasonalNaive,1.005090554075026,0.05246775950573359,0.7806772544305578,5.220202228844854
D8,200,TSB,0.9481939861187262,0.018723413414567912,0.9273036813735492,1.9746395451429808
D8,200,Theta,0.9433501626259131,0.01699821309002097,0.9330789095539809,1.8018985699546264
D8,200,TiRex,0.6921648938396046,0.023128626775124707,0.6699180771727178,3.341490876086574
D8,200,TimesFM25,0.6912945783081389,0.023086306979681157,0.6640080900675039,3.3395758775053817
D8,200,TimesFM25raw,0.7016325163930668,0.023148333848314575,0.6612872260684172,3.299210527943445
D8,200,TimesFM3,0.6937643203180511,0.02301547458279915,0.6669688385423472,3.317477406772357
D8,200,TimesFM3eval,0.6923954548960805,0.02302029309482062,0.6648041416758608,3.324731976797229
D8,200,TimesFM3mean,0.9258800714024731,0.015184844905355243,0.8996140356624623,1.6400444695125647
D8,200,Zero,0.6862806328802741,0.023305723821140992,0.6515112142971698,3.3959466003475023
D9,24,AutoARIMA,1.3720500929510795,0.057324080420888227,1.1186156852666505,4.177987430298007
D9,24,AutoETS,1.4535629101678795,0.057024445491518014,1.2256726794605015,3.923080665626778
D9,24,Chronos2,1.3500001668200152,0.049817600736158756,1.1632417617564696,3.6901921911244133
D9,24,ChronosBolt,1.3292483502393235,0.04797475859492684,1.169114609844121,3.6091644263684257
D9,24,CombEAD,1.387668704050708,0.053827782830516605,1.203032189255877,3.879008200832757
D9,24,Combination,1.4040436810853176,0.05418209536404818,1.2036469447601443,3.8590035405569245
D9,24,DOTM,1.4522842345958056,0.055177732097178134,1.225906778549429,3.7993755480334737
D9,24,M4Comb,1.5366058050781057,0.05993645092791507,1.3316736032212044,3.90057428716199
D9,24,SeasonalNaive,1.5466225693902171,0.06134481760008939,1.2828697263852957,3.966372844557393
D9,24,Theta,1.5176202822947906,0.05665198363888777,1.276290658426167,3.732948504959648
D9,24,TiRex,1.331588877028767,0.04823488662008806,1.1641058713680714,3.6223557775367343
D9,24,TimesFM25,1.3183884936439196,0.04699289414433938,1.1583343168608997,3.564419317287487
D9,24,TimesFM25raw,1.3193267833481754,0.04714858366969757,1.1459720470623962,3.5736850236636846
D9,24,TimesFM3,1.320846236656584,0.04892792876556737,1.143640930961823,3.7042864951046135
D9,24,TimesFM3eval,1.3193662498144092,0.0494532886394733,1.1412625157251655,3.74826085224097
D9,24,TimesFM3mean,1.3224898190608945,0.04893501296550275,1.1556905093563599,3.7002185015119213
D9,48,AutoARIMA,1.2441121911307804,0.04073905443659808,1.1336330666043062,3.2745482864829203
D9,48,AutoETS,1.475834073038632,0.052953297169026914,1.2921067158212154,3.5880251131483933
D9,48,Chronos2,1.2535903772449708,0.0391398423653731,1.16563651888085,3.122219432745739
D9,48,ChronosBolt,1.250020725128558,0.03844734068708032,1.1784405768711304,3.075736258942924
D9,48,CombEAD,1.3470312075426534,0.04547493461332657,1.1904062620579499,3.3759377183461887
D9,48,Combination,1.352744517299287,0.045894465227197166,1.2021652456823546,3.3926927546395875
D9,48,DOTM,1.467628159837159,0.053537088939080685,1.2877067838160827,3.6478646570137294
D9,48,M4Comb,1.53239571866036,0.05735577642720934,1.3073845778736826,3.742882842125825
D9,48,SeasonalNaive,1.5882335704803225,0.05603883352400928,1.4392077636084868,3.528374828839671
D9,48,Theta,1.486273918669,0.0543909164364952,1.3007859439703178,3.659548603611627
D9,48,TiRex,1.2449793591770482,0.03826894815292579,1.171108659579605,3.0738620581004805
D9,48,TimesFM25,1.2451799129352004,0.039443720567485976,1.1586737474268924,3.167712565689184
D9,48,TimesFM25raw,1.2508418616045993,0.040222697765753775,1.1611418125733133,3.2156501153675396
D9,48,TimesFM3,1.2392636902920326,0.0391056968663873,1.1559623370508891,3.155558996259467
D9,48,TimesFM3eval,1.2359534194819672,0.03897362633427189,1.1535989969494689,3.1533248518869867
D9,48,TimesFM3mean,1.2416889830872773,0.0393489011769616,1.158042104143637,3.168982064987509
D9,96,AutoARIMA,1.0977699979405062,0.03394028488383347,0.9865061699376944,3.091748266714142
D9,96,AutoARIMA_cf,1.0977699979405062,0.03394028488383347,0.9865061699376944,3.091748266714142
D9,96,AutoETS,1.3325423710592597,0.04784540274677819,1.1537981126552421,3.5905351894172863
D9,96,AutoETS_cf,1.3325423710592597,0.04784540274677819,1.1537981126552421,3.5905351894172863
D9,96,Chronos2,1.1260808241312104,0.033716900372075066,1.020318839602159,2.994181203475177
D9,96,ChronosBolt,1.1535325445141533,0.034899010219672455,1.0534080449816727,3.0254031744176992
D9,96,CombEAD,1.2123497794176847,0.04001369742564179,1.0836687165649912,3.3005076674209604
D9,96,Combination,1.2132926161830933,0.04015580085971754,1.0823873608344938,3.3096550926061012
D9,96,DOTM,1.3386462427237082,0.04786229473298749,1.1523818787565463,3.5754251724939174
D9,96,M4Comb,1.3605883466275177,0.0486215293516266,1.1778685396235464,3.5735664995326837
D9,96,SeasonalNaive,1.4304073063328169,0.051494402484379476,1.2471348907086273,3.599981785355767
D9,96,Theta,1.341917023923752,0.048268468646619156,1.170742173864392,3.596978634750652
D9,96,TiRex,1.114175750992457,0.033372034274974746,0.9984503014979245,2.995221736359677
D9,96,TimesFM25,1.110220304913432,0.033811114471029614,1.0214799814433682,3.045441911068812
D9,96,TimesFM25raw,1.1110663594579835,0.03358481533349168,1.0186094022122076,3.0227551259742502
D9,96,TimesFM3,1.103838083747881,0.03378580099244371,1.0002532094835057,3.060756961540064
D9,96,TimesFM3eval,1.1033155335882021,0.0338250468224293,0.9832510303684059,3.0657636725573423
D9,96,TimesFM3mean,1.1034551694710735,0.033793660962763795,0.9920198625960213,3.0625313920965485
D9,200,AutoARIMA,1.18970972196824,0.03186419374281939,1.1256049230603486,2.6783166645140706
D9,200,AutoARIMA_cf,1.18970972196824,0.03186419374281939,1.1256049230603486,2.6783166645140706
D9,200,AutoETS,1.5042793732189903,0.05270409938307568,1.3408407030824359,3.5036111191430335
D9,200,AutoETS_cf,1.5042793732189903,0.05270409938307568,1.3408407030824359,3.5036111191430335
D9,200,Chronos2,1.2066646929431144,0.03752277550194531,1.1071751778073933,3.1096273655298075
D9,200,ChronosBolt,1.2235763129099337,0.03661791104309338,1.1271139407657884,2.9926953191834786
D9,200,CombEAD,1.3406672547325411,0.04209722654126028,1.2245208170175217,3.140020492978964
D9,200,Combination,1.3412026143917064,0.042102727066086254,1.2247893342901548,3.139177229026031
D9,200,DOTM,1.5010323911322474,0.05291833278227113,1.3595682705973606,3.525462414728717
D9,200,M4Comb,1.5163053147714718,0.05317279495875118,1.34610173407762,3.506734062114994
D9,200,SeasonalNaive,1.5765009576500504,0.05614602108072566,1.4617164258928126,3.561432729125489
D9,200,Theta,1.5027715154595083,0.052934403512569395,1.348264991124171,3.5224518809423557
D9,200,TiRex,1.2146919912041525,0.035261661442348616,1.1397326743866945,2.902930265259501
D9,200,TimesFM25,1.202759166661849,0.033791053651519076,1.1228562737986039,2.809461327599202
D9,200,TimesFM25raw,1.2035502633708886,0.03375273638266142,1.111822659355363,2.8044309747502507
D9,200,TimesFM3,1.2004719717540966,0.035199822667908234,1.1252233819101385,2.9321653063232476
D9,200,TimesFM3eval,1.1975759481028436,0.034325527122709934,1.1156118772725079,2.866250543615809
D9,200,TimesFM3mean,1.1995606634887985,0.03507253940992613,1.119601572974187,2.923782054333231
