n,method,MASE,RMSSE,sME,sPIS,SPL
24,ADIDA,0.9721168531710154,0.7533482048984566,-0.08830538356332601,-15.588396757192832,
24,AutoARIMA,0.9964221321783333,0.7651393640418991,-0.04884528448050533,-11.544067733600516,0.3803325417549472
24,AutoETS,1.0474453596687465,0.792432109596487,0.0032095831582458208,-7.6331133149193855,0.40184096835491834
24,ChronosBolt,0.7864259508159849,0.7894754539855547,-0.5415477998519286,-70.41967907611375,0.32840237001274153
24,CombEAD,1.0097411253759054,0.7715512819093086,-0.040523665650288435,-11.261887149912681,0.3859557263644553
24,Combination,1.0095757661009643,0.7754456316107927,-0.04775189470601643,-11.971972115765467,0.388010714493139
24,CrostonClassic,1.0424460451171171,0.7688790957931805,0.0891543177218502,6.993920635472383,
24,CrostonOptimized,1.024117332221969,0.7584824400195579,0.03898324707221361,0.22664460432227712,
24,CrostonSBA,1.0250927748104872,0.7627251130065404,0.04877780572908888,2.097366578629964,
24,DOTM,0.9869190868652536,0.767008943996277,-0.07593529562860578,-14.608480401218142,0.3832406063884246
24,IMAPA,0.9715215719577986,0.7574261406139925,-0.09606729448742772,-16.630034903115185,
24,M4Comb,1.0737773294458823,0.839936072674396,-0.040982906100123735,-12.541156215030057,
24,SeasonalNaive,1.0187443602219117,0.9404981889235822,-0.13166153532560063,-23.615027712433125,0.6342038959408963
24,TSB,0.9707132272716527,0.7642558583398419,-0.09802187044358548,-16.98503420106455,
24,Theta,0.9985696476887526,0.791298966232521,-0.09761998279578979,-16.738735298776508,0.39484403016170705
24,TimesFM25,0.7695645600523322,0.8059928581598848,-0.5907563251020302,-77.07162403220866,0.32368538945205816
24,TimesFM3,0.780167283787818,0.8055511840813675,-0.5747064272704477,-75.8151539270675,0.3252778434456944
24,TimesFM3eval,0.7791857464033123,0.804348494169178,-0.5706878934863642,-75.25330397511362,0.32276035822356086
24,TimesFM3mean,1.002061900038187,0.7597449470111095,-0.008326292465411687,-8.857397761109375,0.3252778434456944
24,Zero,0.7183759221333753,0.824588224644077,-0.7183759221333753,-90.93716050137591,
48,ADIDA,0.9474233595192293,0.7169303973721517,-0.04885016365622132,-5.397529087987534,
48,AutoARIMA,0.9622821579284684,0.7181537023616326,-0.029561530890377923,-3.005089057824587,0.3604313163178688
48,AutoETS,0.9876143548699254,0.7256986963152774,0.018144901738938176,1.0198950967269496,0.36839342062303176
48,ChronosBolt,0.7378268784928111,0.759771816872195,-0.5556046169675972,-65.31959701472479,0.31155933521906287
48,CombEAD,0.9721047456691234,0.7215973253787591,-0.0071504471533002925,-1.3522004233634397,0.36404055387399237
48,Combination,0.9737766312253704,0.7237619084372012,-0.0014543605715014152,-0.8700195004926576,0.3653197990669708
48,CrostonClassic,0.9903325922122221,0.7220972524979535,0.03274227325340959,4.334578010494678,
48,CrostonOptimized,0.9920282231047163,0.7264097278442928,0.03547373322462226,4.601968314402231,
48,CrostonSBA,0.9741751960528497,0.718463352040638,-0.0030818211767783166,0.059643692188426946,
48,DOTM,0.9770631931687196,0.7339246573845217,-0.01003471230846112,-2.0714073089926823,0.373939251352774
48,IMAPA,0.9542936042925888,0.7217694705548113,-0.03861436670522593,-4.499250590907495,
48,M4Comb,0.9930793595219926,0.7489509964524563,0.006750091066064163,-0.4188501532113693,
48,SeasonalNaive,1.0658683453496667,0.9373977486712035,0.0634461831844848,6.107520141774366,0.6531440712597366
48,TSB,0.9664985645565536,0.7333311202401422,-0.011348865232752579,-1.2101425578141474,
48,Theta,0.9838931189637192,0.7459645245252936,0.007053547436935509,-0.6248645403803347,0.38050909194772103
48,TimesFM25,0.705850902960284,0.7765567516195362,-0.6239462385150232,-74.2770393137781,0.3065265358950813
48,TimesFM3,0.7075707030641338,0.7738785050398533,-0.6255436500495487,-74.18372440319385,0.3069018426032737
48,TimesFM3eval,0.7077025283278584,0.7741761841211197,-0.6228275548946401,-73.95469690320071,0.3047333336734205
48,TimesFM3mean,0.9640205442490416,0.7172206041018652,-0.013898277668350946,-3.778211276289389,0.3069018426032737
48,Zero,0.6837396153503477,0.7874435795486135,-0.6837396153503477,-81.16410835563025,
96,ADIDA,0.9255868739747971,0.6995182854793469,-0.018095014300696138,-5.28841953826544,
96,AutoARIMA,0.9244243235168587,0.6981713723028838,-0.027221011035521228,-6.157665182467598,0.34066282205621773
96,AutoARIMA_cf,0.9244243235168587,0.6981713723028838,-0.027221011035521228,-6.157665182467598,0.34978627861385986
96,AutoETS,0.9262355918388444,0.6969811582684882,-0.01699896922514412,-5.2362960613723235,0.34054198226402727
96,AutoETS_cf,0.9262355918388444,0.6969811582684882,-0.01699896922514412,-5.2362960613723235,0.348884112742059
96,ChronosBolt,0.7075404776117006,0.7579139608268958,-0.5685746172746197,-70.80284295396314,0.2936809276284222
96,CombEAD,0.9231719465159738,0.6967830072084991,-0.023851917975806644,-5.942346466367021,0.3402039631711001
96,Combination,0.923468680068369,0.6973716936467607,-0.023849343573519925,-5.937820514395307,0.34051393943874536
96,CrostonClassic,0.9349268500181763,0.6960423074352193,0.005871400723255602,-2.42336697139477,
96,CrostonOptimized,0.947565529319368,0.702372350611122,0.032047112904702024,0.65609151759078,
96,CrostonSBA,0.9212158549735849,0.6942572914766562,-0.027820224204184858,-6.461967623357543,
96,DOTM,0.9220377315386885,0.7043651053539771,-0.027335773666754597,-6.433078155261143,0.34645065916327233
96,IMAPA,0.9232230935333391,0.7005631646388564,-0.023633668247945983,-5.970227621564284,
96,M4Comb,0.9323912082255871,0.7112279167103407,-0.01990081995070937,-5.467962014452936,
96,SeasonalNaive,0.9323910759125947,0.8751303564350947,-0.10855966050302181,-17.136604479800415,0.6135880945305408
96,TSB,0.9156284554923825,0.7161338512190811,-0.040181419450415944,-7.997774755948079,
96,Theta,0.9228224513135433,0.7072911602345882,-0.027328050459894396,-6.419500299345999,0.34800375116819865
96,TimesFM25,0.6775888477943697,0.7782900709695427,-0.6443240878258206,-80.05762017579076,0.2885628060853021
96,TimesFM3,0.6825904370809259,0.7754132430660172,-0.6344071905388503,-79.03804728552774,0.2875308155061856
96,TimesFM3eval,0.6811548544806967,0.7750922241348158,-0.633902582446881,-78.94481780186896,0.2859273054374093
96,TimesFM3mean,0.9145813573359667,0.6941343522375919,-0.041290153881367433,-9.256706310833268,0.2875308155061856
96,Zero,0.6679610978255529,0.7850515529314664,-0.6679610978255529,-83.19538001065015,
200,ADIDA,0.940638655423544,0.7093275322103666,-0.02837387465744395,-5.457525954288681,
200,AutoARIMA,0.9394654938618565,0.7064712500148166,-0.029499317806842083,-5.463348754090471,0.34475609791959044
200,AutoARIMA_cf,0.9394654938618565,0.7064712500148166,-0.029499317806842083,-5.463348754090471,0.3504855609332592
200,AutoETS,0.9394785693512105,0.7060623107507866,-0.028229984426481308,-5.389854079506368,0.3443688948085136
200,AutoETS_cf,0.9394785693512105,0.7060623107507866,-0.028229984426481308,-5.389854079506368,0.3501438072397816
200,ChronosBolt,0.7189372231889334,0.7765902045327092,-0.5946479573128242,-71.71491827345568,0.2981035906111339
200,CombEAD,0.9401192732329565,0.7062376355065827,-0.02610456299853929,-5.1649642141522225,0.3447458624692631
200,Combination,0.9401467369651826,0.7064027262115486,-0.02624505591954144,-5.182037814755405,0.3448306852843643
200,CrostonClassic,0.9473329185351587,0.7085231563118716,-0.009831949927753596,-3.2603228443486536,
200,CrostonOptimized,0.9484656538513337,0.7102081969968735,-0.007088388492281213,-2.933242499210445,
200,CrostonSBA,0.9338428662100428,0.7071299828727349,-0.043654384075379644,-7.271795990151795,
200,DOTM,0.9432448088008715,0.717611439931824,-0.02058438676229451,-4.641689808859828,0.3530874016176576
200,IMAPA,0.9417714133285368,0.7119069407890973,-0.024527632935837373,-5.062677855772311,
200,M4Comb,0.944784357797467,0.7092517131434423,-0.018227840020480068,-4.49111916635179,
200,SeasonalNaive,1.005090554075026,0.9230563332057209,-0.019521065929148006,-4.949283536865198,0.628096532447889
200,TSB,0.9481939861187262,0.7303117132285465,-0.004771980879854964,-2.8879821340859486,
200,Theta,0.9433501626259131,0.7183831968857167,-0.021005865525300923,-4.692910610669372,0.35351899686645716
200,TimesFM25,0.6912945783081389,0.797660953895431,-0.6698432608481433,-81.40677157009246,0.294196188832212
200,TimesFM3,0.6937643203180511,0.7965520092868412,-0.6675552784172833,-80.9276818359617,0.29063020155794395
200,TimesFM3eval,0.6923954548960805,0.7960954769604267,-0.6662468973238176,-80.693123151005,0.2895662717675641
200,TimesFM3mean,0.9258800714024731,0.7048392920177287,-0.06171243719675983,-9.830845930992895,0.29063020155794395
200,Zero,0.6862806328802741,0.8032224521048493,-0.6862806328802741,-83.48978576041141,
