,MASE,MASE,RMSSE,RMSSE
method,TimesFM3,TimesFM3mean,TimesFM3,TimesFM3mean
dgp,,,,
D1,1.3397263576464875,1.3412320752124918,1.2754481615687525,1.2770107114942661
D2,1.507764643387655,1.5097811011731443,1.4351051006549451,1.4370886555721682
D3,4.312328742923046,4.304812343483467,4.0441947177143565,4.037280030245961
D4,1.2253708004517516,1.2286501872900168,1.2049991060277543,1.2081518927644885
D5,0.8543322872603943,0.8595346716166203,0.8330872249010595,0.8375607721598053
D6,0.8352901446077574,0.8745128206971041,0.6814687653517901,0.7076819037991636
D7,0.9463423414646912,0.9497077913381081,0.8979331459018864,0.9013939310274881
D8,0.7160231860627322,0.951635968256417,0.7878487353685197,0.7189847988420739
D9,1.2161049956126486,1.216798658777011,1.155783133569993,1.156325653039686
