regime,method,mean_rank,cd,N,friedman_p,tied_with_best
"linear (D1-D3, D9)",TimesFM3eval,6.9515625,0.3791510720927507,3200,0.0,True
"linear (D1-D3, D9)",TimesFM3,7.0321875,0.3791510720927507,3200,0.0,True
"linear (D1-D3, D9)",TimesFM25,7.14625,0.3791510720927507,3200,0.0,True
"linear (D1-D3, D9)",TiRex,7.2121875,0.3791510720927507,3200,0.0,True
"linear (D1-D3, D9)",TimesFM25raw,7.2309375,0.3791510720927507,3200,0.0,True
"linear (D1-D3, D9)",AutoARIMA,7.27296875,0.3791510720927507,3200,0.0,True
"linear (D1-D3, D9)",Chronos2,7.4353125,0.3791510720927507,3200,0.0,False
"linear (D1-D3, D9)",ChronosBolt,7.53875,0.3791510720927507,3200,0.0,False
"linear (D1-D3, D9)",CombEAD,7.67,0.3791510720927507,3200,0.0,False
"linear (D1-D3, D9)",Combination,7.84515625,0.3791510720927507,3200,0.0,False
"linear (D1-D3, D9)",DOTM,8.9753125,0.3791510720927507,3200,0.0,False
"linear (D1-D3, D9)",AutoETS,9.05140625,0.3791510720927507,3200,0.0,False
"linear (D1-D3, D9)",Theta,9.4065625,0.3791510720927507,3200,0.0,False
"linear (D1-D3, D9)",SeasonalNaive,9.46828125,0.3791510720927507,3200,0.0,False
"linear (D1-D3, D9)",M4Comb,9.763125,0.3791510720927507,3200,0.0,False
seasonal (D4-D5),AutoARIMA,5.35375,0.5362005883418671,1600,0.0,True
seasonal (D4-D5),TimesFM3eval,5.634375,0.5362005883418671,1600,0.0,True
seasonal (D4-D5),TimesFM3,5.989375,0.5362005883418671,1600,0.0,False
seasonal (D4-D5),Chronos2,6.370625,0.5362005883418671,1600,0.0,False
seasonal (D4-D5),SeasonalNaive,6.578125,0.5362005883418671,1600,0.0,False
seasonal (D4-D5),TiRex,6.610625,0.5362005883418671,1600,0.0,False
seasonal (D4-D5),TimesFM25,6.765,0.5362005883418671,1600,0.0,False
seasonal (D4-D5),TimesFM25raw,7.023125,0.5362005883418671,1600,0.0,False
seasonal (D4-D5),Combination,7.95125,0.5362005883418671,1600,0.0,False
seasonal (D4-D5),CombEAD,7.99,0.5362005883418671,1600,0.0,False
seasonal (D4-D5),AutoETS,9.0884375,0.5362005883418671,1600,0.0,False
seasonal (D4-D5),ChronosBolt,10.335625,0.5362005883418671,1600,0.0,False
seasonal (D4-D5),M4Comb,11.19,0.5362005883418671,1600,0.0,False
seasonal (D4-D5),Theta,11.556875,0.5362005883418671,1600,0.0,False
seasonal (D4-D5),DOTM,11.5628125,0.5362005883418671,1600,0.0,False
break and saturation (D6-D7),TimesFM3eval,5.991875,0.5362005883418671,1600,0.0,True
break and saturation (D6-D7),TimesFM3,6.0775,0.5362005883418671,1600,0.0,True
break and saturation (D6-D7),AutoARIMA,7.1615625,0.5362005883418671,1600,0.0,False
break and saturation (D6-D7),AutoETS,7.3159375,0.5362005883418671,1600,0.0,False
break and saturation (D6-D7),CombEAD,7.4021875,0.5362005883418671,1600,0.0,False
break and saturation (D6-D7),Combination,7.41625,0.5362005883418671,1600,0.0,False
break and saturation (D6-D7),TimesFM25raw,7.518125,0.5362005883418671,1600,0.0,False
break and saturation (D6-D7),TimesFM25,7.600625,0.5362005883418671,1600,0.0,False
break and saturation (D6-D7),TiRex,7.740625,0.5362005883418671,1600,0.0,False
break and saturation (D6-D7),Chronos2,8.040625,0.5362005883418671,1600,0.0,False
break and saturation (D6-D7),DOTM,8.2571875,0.5362005883418671,1600,0.0,False
break and saturation (D6-D7),M4Comb,9.439375,0.5362005883418671,1600,0.0,False
break and saturation (D6-D7),ChronosBolt,9.74875,0.5362005883418671,1600,0.0,False
break and saturation (D6-D7),Theta,10.055,0.5362005883418671,1600,0.0,False
break and saturation (D6-D7),SeasonalNaive,10.234375,0.5362005883418671,1600,0.0,False
intermittent (D8),TimesFM25,4.0025,0.7583021441855013,800,0.0,True
intermittent (D8),TimesFM3eval,4.67625,0.7583021441855013,800,0.0,True
intermittent (D8),Chronos2,4.89125,0.7583021441855013,800,0.0,False
intermittent (D8),TiRex,5.08,0.7583021441855013,800,0.0,False
intermittent (D8),TimesFM3,5.19625,0.7583021441855013,800,0.0,False
intermittent (D8),SeasonalNaive,5.688125,0.7583021441855013,800,0.0,False
intermittent (D8),TimesFM25raw,6.24875,0.7583021441855013,800,0.0,False
intermittent (D8),ChronosBolt,6.835,0.7583021441855013,800,0.0,False
intermittent (D8),DOTM,10.848125,0.7583021441855013,800,0.0,False
intermittent (D8),Theta,10.919375,0.7583021441855013,800,0.0,False
intermittent (D8),CombEAD,11.025625,0.7583021441855013,800,0.0,False
intermittent (D8),Combination,11.043125,0.7583021441855013,800,0.0,False
intermittent (D8),AutoARIMA,11.134375,0.7583021441855013,800,0.0,False
intermittent (D8),AutoETS,11.1875,0.7583021441855013,800,0.0,False
intermittent (D8),M4Comb,11.22375,0.7583021441855013,800,0.0,False
