fm,opponent,fm_wins,fm_loses
Chronos2,AutoARIMA,10,10
Chronos2,AutoETS,25,4
Chronos2,CombEAD,19,6
Chronos2,Combination,20,6
Chronos2,DOTM,27,4
Chronos2,M4Comb,28,4
Chronos2,SeasonalNaive,22,7
Chronos2,Theta,28,3
ChronosBolt,AutoARIMA,5,15
ChronosBolt,AutoETS,20,9
ChronosBolt,CombEAD,14,12
ChronosBolt,Combination,16,11
ChronosBolt,DOTM,22,9
ChronosBolt,M4Comb,23,7
ChronosBolt,SeasonalNaive,19,9
ChronosBolt,Theta,24,8
TiRex,AutoARIMA,9,12
TiRex,AutoETS,24,6
TiRex,CombEAD,20,7
TiRex,Combination,24,7
TiRex,DOTM,24,4
TiRex,M4Comb,27,3
TiRex,SeasonalNaive,20,6
TiRex,Theta,27,3
TimesFM25,AutoARIMA,8,9
TimesFM25,AutoETS,22,5
TimesFM25,CombEAD,20,5
TimesFM25,Combination,23,6
TimesFM25,DOTM,26,4
TimesFM25,M4Comb,27,3
TimesFM25,SeasonalNaive,22,6
TimesFM25,Theta,28,3
TimesFM25raw,AutoARIMA,10,8
TimesFM25raw,AutoETS,22,6
TimesFM25raw,CombEAD,20,5
TimesFM25raw,Combination,22,6
TimesFM25raw,DOTM,26,4
TimesFM25raw,M4Comb,26,4
TimesFM25raw,SeasonalNaive,23,6
TimesFM25raw,Theta,28,3
TimesFM3,AutoARIMA,11,9
TimesFM3,AutoETS,25,2
TimesFM3,CombEAD,26,4
TimesFM3,Combination,27,3
TimesFM3,DOTM,28,1
TimesFM3,M4Comb,29,0
TimesFM3,SeasonalNaive,22,4
TimesFM3,Theta,28,1
TimesFM3eval,AutoARIMA,12,7
TimesFM3eval,AutoETS,25,2
TimesFM3eval,CombEAD,25,4
TimesFM3eval,Combination,28,3
TimesFM3eval,DOTM,27,1
TimesFM3eval,M4Comb,29,0
TimesFM3eval,SeasonalNaive,21,4
TimesFM3eval,Theta,28,1
